string,slf,sbf,stf,vowels,consonants,is_word,first_letter
HHOKY,361.960784313726,29.8039215686275,1.17647058823529,2,3,FALSE,consonant
HOHKY,329.411764705882,21.9607843137255,0,2,3,FALSE,consonant
KHOHY,330.980392156863,16.4705882352941,0,2,3,FALSE,consonant
YHOKH,238.43137254902,16.078431372549,0.392156862745098,2,3,FALSE,vowel
HOKHY,325.098039215686,14.5098039215686,0.392156862745098,2,3,FALSE,consonant
OHHKY,256.862745098039,13.7254901960784,0,2,3,FALSE,vowel
KHOYH,227.843137254902,13.3333333333333,0,2,3,FALSE,consonant
HHOYK,240.392156862745,12.9411764705882,0,2,3,FALSE,consonant
YHOHK,220,12.9411764705882,0,2,3,FALSE,vowel
HOKYH,221.960784313725,12.156862745098,0.392156862745098,2,3,FALSE,consonant
HOYHK,223.529411764706,9.80392156862745,0,2,3,FALSE,consonant
HOYKH,241.960784313725,9.80392156862745,0,2,3,FALSE,consonant
HOHYK,207.843137254902,8.62745098039216,0,2,3,FALSE,consonant
HYOKH,213.333333333333,4.70588235294118,0,2,3,FALSE,consonant
YOKHH,201.56862745098,4.70588235294118,0.784313725490196,2,3,FALSE,vowel
HYHOK,147.058823529412,3.92156862745098,0,2,3,FALSE,consonant
HHYOK,208.235294117647,3.92156862745098,0,2,3,FALSE,consonant
KOHHY,298.43137254902,3.52941176470588,0,2,3,FALSE,consonant
HKOHY,291.372549019608,3.13725490196078,0,2,3,FALSE,consonant
OHKHY,252.549019607843,3.13725490196078,0,2,3,FALSE,vowel
OKHHY,186.274509803922,3.13725490196078,0,2,3,FALSE,vowel
KHHOY,283.137254901961,3.13725490196078,0,2,3,FALSE,consonant
HKHOY,243.529411764706,2.74509803921569,0,2,3,FALSE,consonant
KHYOH,195.686274509804,2.74509803921569,0,2,3,FALSE,consonant
HYKOH,161.176470588235,2.35294117647059,0,2,3,FALSE,consonant
HYKHO,81.9607843137255,2.35294117647059,0,2,3,FALSE,consonant
YHHOK,172.156862745098,2.35294117647059,0,2,3,FALSE,vowel
HHKOY,309.803921568627,1.96078431372549,0,2,3,FALSE,consonant
HYHKO,86.2745098039216,1.96078431372549,0,2,3,FALSE,consonant
KOYHH,210.980392156863,1.96078431372549,0,2,3,FALSE,consonant
HYOHK,194.901960784314,1.56862745098039,0,2,3,FALSE,consonant
YOHHK,187.450980392157,1.56862745098039,0,2,3,FALSE,vowel
YOHKH,205.882352941176,1.56862745098039,0,2,3,FALSE,vowel
HHYKO,147.450980392157,1.56862745098039,0,2,3,FALSE,consonant
KHYHO,116.470588235294,1.56862745098039,0,2,3,FALSE,consonant
HKYOH,156.078431372549,1.17647058823529,0,2,3,FALSE,consonant
OHYHK,150.980392156863,1.17647058823529,0,2,3,FALSE,vowel
OHYKH,169.411764705882,1.17647058823529,0,2,3,FALSE,vowel
HHKYO,127.450980392157,0.784313725490196,0,2,3,FALSE,consonant
OHKYH,149.411764705882,0.784313725490196,0,2,3,FALSE,vowel
OYKHH,103.921568627451,0.784313725490196,0,2,3,FALSE,vowel
KHHYO,100.78431372549,0.784313725490196,0,2,3,FALSE,consonant
KOHYH,195.294117647059,0.784313725490196,0,2,3,FALSE,consonant
KYHOH,134.509803921569,0.784313725490196,0,2,3,FALSE,consonant
YKHOH,120,0.784313725490196,0,2,3,FALSE,vowel
HKHYO,61.1764705882353,0.392156862745098,0,2,3,FALSE,consonant
OHHYK,135.294117647059,0.392156862745098,0,2,3,FALSE,vowel
OKHYH,83.1372549019608,0.392156862745098,0,2,3,FALSE,vowel
YHHKO,111.372549019608,0.392156862745098,0,2,3,FALSE,vowel
HKOYH,188.235294117647,0,0,2,3,FALSE,consonant
HKYHO,76.8627450980392,0,0,2,3,FALSE,consonant
OKYHH,98.8235294117647,0,0,2,3,FALSE,vowel
OYHHK,89.8039215686275,0,0,2,3,FALSE,vowel
OYHKH,108.235294117647,0,0,2,3,FALSE,vowel
KYHHO,55.2941176470588,0,0,2,3,FALSE,consonant
KYOHH,182.352941176471,0,0,2,3,FALSE,consonant
YHKOH,186.274509803922,0,0,2,3,FALSE,vowel
YHKHO,107.058823529412,0,0,2,3,FALSE,vowel
YKHHO,40.7843137254902,0,0,2,3,FALSE,vowel
YKOHH,167.843137254902,0,0,2,3,FALSE,vowel
