string,slf,sbf,stf,vowels,consonants,is_word,first_letter
QUDCK,229.411764705882,30.5882352941176,0,1,4,FALSE,consonant
DQUCK,225.490196078431,27.843137254902,3.13725490196078,1,4,FALSE,consonant
QDUCK,195.686274509804,25.8823529411765,3.52941176470588,1,4,FALSE,consonant
DUQCK,232.941176470588,21.9607843137255,0,1,4,FALSE,consonant
UDQCK,135.294117647059,19.6078431372549,0,1,4,FALSE,vowel
UQDCK,161.56862745098,19.2156862745098,0,1,4,FALSE,vowel
QUCKD,242.745098039216,14.1176470588235,1.17647058823529,1,4,FALSE,consonant
QUDKC,153.725490196078,11.7647058823529,0,1,4,FALSE,consonant
CUDKQ,219.607843137255,10.5882352941176,0,1,4,FALSE,consonant
QUCDK,185.882352941176,10.1960784313725,0,1,4,FALSE,consonant
CUDQK,244.705882352941,10.1960784313725,0,1,4,FALSE,consonant
DUCKQ,169.803921568627,9.41176470588235,1.56862745098039,1,4,FALSE,consonant
KQUCD,255.686274509804,8.62745098039216,0,1,4,FALSE,consonant
QUKDC,137.647058823529,7.84313725490196,0,1,4,FALSE,consonant
QUKCD,270.196078431373,7.84313725490196,0,1,4,FALSE,consonant
QKUCD,252.156862745098,7.05882352941176,0,1,4,FALSE,consonant
DKUCQ,179.21568627451,7.05882352941176,0,1,4,FALSE,consonant
CUKQD,285.490196078431,6.66666666666667,0,1,4,FALSE,consonant
CUKDQ,203.529411764706,6.66666666666667,0,1,4,FALSE,consonant
KDUCQ,152.941176470588,6.66666666666667,0.392156862745098,1,4,FALSE,consonant
CUQDK,239.21568627451,6.27450980392157,0,1,4,FALSE,consonant
CUQKD,296.078431372549,6.27450980392157,0,1,4,FALSE,consonant
DUCQK,194.901960784314,5.49019607843137,0.392156862745098,1,4,FALSE,consonant
QKCUD,180.392156862745,5.09803921568628,0,1,4,FALSE,consonant
KQCUD,183.921568627451,5.09803921568628,0,1,4,FALSE,consonant
CQUDK,231.764705882353,5.09803921568627,0,1,4,FALSE,consonant
KQUDC,123.137254901961,5.09803921568627,0,1,4,FALSE,consonant
UDCKQ,72.156862745098,4.31372549019608,0,1,4,FALSE,vowel
KUDQC,136.078431372549,4.31372549019608,0,1,4,FALSE,consonant
KUDCQ,186.666666666667,4.31372549019608,0,1,4,FALSE,consonant
QDCKU,64.7058823529412,3.92156862745098,0,1,4,FALSE,consonant
UQCKD,174.901960784314,3.92156862745098,0,1,4,FALSE,vowel
DQCKU,94.5098039215686,3.92156862745098,0,1,4,FALSE,consonant
QDCUK,123.921568627451,3.52941176470588,0,1,4,FALSE,consonant
DQCUK,153.725490196078,3.52941176470588,0,1,4,FALSE,consonant
DKCUQ,107.450980392157,3.52941176470588,0,1,4,FALSE,consonant
KDCUQ,81.1764705882353,3.52941176470588,0,1,4,FALSE,consonant
QCUDK,167.843137254902,3.52941176470588,0,1,4,FALSE,consonant
QKUDC,119.607843137255,3.52941176470588,0,1,4,FALSE,consonant
CKUDQ,185.490196078431,3.52941176470588,0,1,4,FALSE,consonant
KCUDQ,125.098039215686,3.52941176470588,0,1,4,FALSE,consonant
DQUKC,149.803921568627,3.13725490196078,0,1,4,FALSE,consonant
DUKQC,146.666666666667,3.13725490196078,0,1,4,FALSE,consonant
DUKCQ,197.254901960784,3.13725490196078,0,1,4,FALSE,consonant
CQUKD,288.627450980392,3.13725490196078,0,1,4,FALSE,consonant
KUCQD,225.098039215686,3.13725490196078,0,1,4,FALSE,consonant
KUCDQ,143.137254901961,3.13725490196078,0,1,4,FALSE,consonant
DUQKC,157.254901960784,2.74509803921569,0,1,4,FALSE,consonant
CKQUD,233.725490196078,1.96078431372549,0,1,4,FALSE,consonant
KCQUD,173.333333333333,1.96078431372549,0,1,4,FALSE,consonant
QCKUD,180.392156862745,1.56862745098039,0,1,4,FALSE,consonant
CQKUD,244.313725490196,1.56862745098039,0,1,4,FALSE,consonant
QCUKD,224.705882352941,1.56862745098039,0,1,4,FALSE,consonant
DCUKQ,151.764705882353,1.56862745098039,0,1,4,FALSE,consonant
QDUKC,120,1.17647058823529,0,1,4,FALSE,consonant
CDUKQ,185.882352941176,1.17647058823529,0,1,4,FALSE,consonant
DCUQK,176.862745098039,1.17647058823529,0,1,4,FALSE,consonant
DKUQC,128.627450980392,1.17647058823529,0,1,4,FALSE,consonant
CKUQD,267.450980392157,1.17647058823529,0,1,4,FALSE,consonant
KCUQD,207.058823529412,1.17647058823529,0,1,4,FALSE,consonant
CDUQK,210.980392156863,0.784313725490196,0,1,4,FALSE,consonant
KDUQC,102.352941176471,0.784313725490196,0,1,4,FALSE,consonant
QCDUK,139.607843137255,0.392156862745098,0,1,4,FALSE,consonant
QCDKU,80.3921568627451,0.392156862745098,0,1,4,FALSE,consonant
QKDUC,91.3725490196079,0.392156862745098,0,1,4,FALSE,consonant
UQDKC,85.8823529411765,0.392156862745098,0,1,4,FALSE,vowel
UDQKC,59.6078431372549,0.392156862745098,0,1,4,FALSE,vowel
UDCQK,97.2549019607843,0.392156862745098,0,1,4,FALSE,vowel
UDKQC,49.0196078431373,0.392156862745098,0,1,4,FALSE,vowel
UDKCQ,99.6078431372549,0.392156862745098,0,1,4,FALSE,vowel
UCDKQ,87.843137254902,0.392156862745098,0,1,4,FALSE,vowel
DCQUK,143.137254901961,0.392156862745098,0,1,4,FALSE,consonant
DKQUC,94.9019607843137,0.392156862745098,0,1,4,FALSE,consonant
CQDUK,203.529411764706,0.392156862745098,0,1,4,FALSE,consonant
CQDKU,144.313725490196,0.392156862745098,0,1,4,FALSE,consonant
CDQUK,177.254901960784,0.392156862745098,0,1,4,FALSE,consonant
CKDUQ,157.254901960784,0.392156862745098,0,1,4,FALSE,consonant
KQDUC,94.9019607843137,0.392156862745098,0,1,4,FALSE,consonant
KUQDC,130.588235294118,0.392156862745098,0,1,4,FALSE,consonant
KUQCD,263.137254901961,0.392156862745098,0,1,4,FALSE,consonant
KDQUC,68.6274509803922,0.392156862745098,0,1,4,FALSE,consonant
KCDUQ,96.8627450980392,0.392156862745098,0,1,4,FALSE,consonant
QDKUC,75.6862745098039,0,0,1,4,FALSE,consonant
QDKCU,92.156862745098,0,0,1,4,FALSE,consonant
QCKDU,64.3137254901961,0,0,1,4,FALSE,consonant
QKDCU,107.843137254902,0,0,1,4,FALSE,consonant
QKCDU,64.3137254901961,0,0,1,4,FALSE,consonant
UQCDK,118.039215686275,0,0,1,4,FALSE,vowel
UQKDC,69.8039215686275,0,0,1,4,FALSE,vowel
UQKCD,202.352941176471,0,0,1,4,FALSE,vowel
UCQDK,107.450980392157,0,0,1,4,FALSE,vowel
UCQKD,164.313725490196,0,0,1,4,FALSE,vowel
UCDQK,112.941176470588,0,0,1,4,FALSE,vowel
UCKQD,153.725490196078,0,0,1,4,FALSE,vowel
UCKDQ,71.7647058823529,0,0,1,4,FALSE,vowel
UKQDC,59.2156862745098,0,0,1,4,FALSE,vowel
UKQCD,191.764705882353,0,0,1,4,FALSE,vowel
UKDQC,64.7058823529412,0,0,1,4,FALSE,vowel
UKDCQ,115.294117647059,0,0,1,4,FALSE,vowel
UKCQD,153.725490196078,0,0,1,4,FALSE,vowel
UKCDQ,71.7647058823529,0,0,1,4,FALSE,vowel
DQKUC,105.490196078431,0,0,1,4,FALSE,consonant
DQKCU,121.960784313725,0,0,1,4,FALSE,consonant
DCQKU,83.921568627451,0,0,1,4,FALSE,consonant
DCKQU,73.3333333333333,0,0,1,4,FALSE,consonant
DCKUQ,107.450980392157,0,0,1,4,FALSE,consonant
DKQCU,111.372549019608,0,0,1,4,FALSE,consonant
DKCQU,73.3333333333333,0,0,1,4,FALSE,consonant
CQKDU,128.235294117647,0,0,1,4,FALSE,consonant
CDQKU,118.039215686275,0,0,1,4,FALSE,consonant
CDKQU,107.450980392157,0,0,1,4,FALSE,consonant
CDKUQ,141.56862745098,0,0,1,4,FALSE,consonant
CKQDU,117.647058823529,0,0,1,4,FALSE,consonant
CKDQU,123.137254901961,0,0,1,4,FALSE,consonant
KQDCU,111.372549019608,0,0,1,4,FALSE,consonant
KQCDU,67.843137254902,0,0,1,4,FALSE,consonant
KDQCU,85.0980392156863,0,0,1,4,FALSE,consonant
KDCQU,47.0588235294118,0,0,1,4,FALSE,consonant
KCQDU,57.2549019607843,0,0,1,4,FALSE,consonant
KCDQU,62.7450980392157,0,0,1,4,FALSE,consonant
