string,slf,sbf,stf,vowels,consonants,is_word,first_letter
FQUCK,241.176470588235,27.843137254902,3.13725490196078,1,4,FALSE,consonant
QUFCK,208.235294117647,27.0588235294118,0,1,4,FALSE,consonant
QFUCK,190.196078431373,25.0980392156863,3.13725490196078,1,4,FALSE,consonant
FUQCK,248.627450980392,23.1372549019608,0,1,4,FALSE,consonant
UQFCK,140.392156862745,19.2156862745098,0,1,4,FALSE,vowel
UFQCK,129.803921568627,19.2156862745098,0,1,4,FALSE,vowel
QUCKF,145.490196078431,14.1176470588235,1.17647058823529,1,4,FALSE,consonant
FUCKQ,185.490196078431,10.5882352941176,1.17647058823529,1,4,FALSE,consonant
QUCFK,175.686274509804,10.1960784313725,0,1,4,FALSE,consonant
KQUCF,158.43137254902,8.62745098039216,0,1,4,FALSE,consonant
QUFKC,132.549019607843,7.84313725490196,0,1,4,FALSE,consonant
QUKFC,127.450980392157,7.84313725490196,0,1,4,FALSE,consonant
QUKCF,172.941176470588,7.84313725490196,0,1,4,FALSE,consonant
QKUCF,154.901960784314,7.05882352941176,0,1,4,FALSE,consonant
FKUCQ,194.901960784314,7.05882352941176,0,1,4,FALSE,consonant
CUFQK,223.529411764706,6.66666666666667,0,1,4,FALSE,consonant
CUFKQ,198.43137254902,6.66666666666667,0,1,4,FALSE,consonant
CUKQF,188.235294117647,6.66666666666667,0,1,4,FALSE,consonant
CUKFQ,193.333333333333,6.66666666666667,0,1,4,FALSE,consonant
FUCQK,210.588235294118,6.66666666666667,0,1,4,FALSE,consonant
CUQFK,229.019607843137,6.27450980392157,0,1,4,FALSE,consonant
CUQKF,198.823529411765,6.27450980392157,0,1,4,FALSE,consonant
KFUCQ,147.450980392157,5.88235294117647,0,1,4,FALSE,consonant
CQUFK,221.56862745098,5.09803921568627,0,1,4,FALSE,consonant
KQUFC,112.941176470588,5.09803921568627,0,1,4,FALSE,consonant
FUKQC,162.352941176471,4.31372549019608,0,1,4,FALSE,consonant
FUKCQ,212.941176470588,4.31372549019608,0,1,4,FALSE,consonant
QFCKU,59.2156862745098,3.92156862745098,0,1,4,FALSE,consonant
UQCKF,77.6470588235294,3.92156862745098,0,1,4,FALSE,vowel
UFCKQ,66.6666666666667,3.92156862745098,0,1,4,FALSE,vowel
FQCKU,110.196078431373,3.92156862745098,0,1,4,FALSE,consonant
FUQKC,172.941176470588,3.92156862745098,0,1,4,FALSE,consonant
QFCUK,118.43137254902,3.52941176470588,0,1,4,FALSE,consonant
QKCUF,83.1372549019608,3.52941176470588,0,1,4,FALSE,consonant
FQCUK,169.411764705882,3.52941176470588,0,1,4,FALSE,consonant
FKCUQ,123.137254901961,3.52941176470588,0,1,4,FALSE,consonant
KQCUF,86.6666666666667,3.52941176470588,0,1,4,FALSE,consonant
KFCUQ,75.6862745098039,3.52941176470588,0,1,4,FALSE,consonant
QCUFK,157.647058823529,3.52941176470588,0.392156862745098,1,4,FALSE,consonant
QKUFC,109.411764705882,3.52941176470588,0,1,4,FALSE,consonant
CKUFQ,175.294117647059,3.52941176470588,0,1,4,FALSE,consonant
KCUFQ,114.901960784314,3.52941176470588,0.392156862745098,1,4,FALSE,consonant
FQUKC,165.490196078431,3.13725490196078,0,1,4,FALSE,consonant
CQUKF,191.372549019608,3.13725490196078,0,1,4,FALSE,consonant
KUCQF,127.843137254902,3.13725490196078,0,1,4,FALSE,consonant
KUCFQ,132.941176470588,3.13725490196078,0,1,4,FALSE,consonant
QCUKF,127.450980392157,1.56862745098039,0,1,4,FALSE,consonant
FCUKQ,167.450980392157,1.56862745098039,0,1,4,FALSE,consonant
FCUQK,192.549019607843,1.17647058823529,0,1,4,FALSE,consonant
FKUQC,144.313725490196,1.17647058823529,0,1,4,FALSE,consonant
CKUQF,170.196078431373,1.17647058823529,0,1,4,FALSE,consonant
KCUQF,109.803921568627,1.17647058823529,0,1,4,FALSE,consonant
KUFQC,114.901960784314,0.784313725490196,0,1,4,FALSE,consonant
KUFCQ,165.490196078431,0.784313725490196,0,1,4,FALSE,consonant
QFUKC,114.509803921569,0.392156862745098,0,1,4,FALSE,consonant
QCFUK,118.43137254902,0.392156862745098,0,1,4,FALSE,consonant
QCKFU,54.1176470588235,0.392156862745098,0,1,4,FALSE,consonant
QKFUC,70.1960784313726,0.392156862745098,0,1,4,FALSE,consonant
QKCFU,54.1176470588235,0.392156862745098,0,1,4,FALSE,consonant
FCQUK,158.823529411765,0.392156862745098,0,1,4,FALSE,consonant
FKQUC,110.588235294118,0.392156862745098,0,1,4,FALSE,consonant
CQFUK,182.352941176471,0.392156862745098,0,1,4,FALSE,consonant
CQKFU,118.039215686275,0.392156862745098,0,1,4,FALSE,consonant
CFQUK,171.764705882353,0.392156862745098,0,1,4,FALSE,consonant
CFUKQ,180.392156862745,0.392156862745098,0,1,4,FALSE,consonant
CKQUF,136.470588235294,0.392156862745098,0,1,4,FALSE,consonant
CKQFU,107.450980392157,0.392156862745098,0,1,4,FALSE,consonant
CKFUQ,136.078431372549,0.392156862745098,0,1,4,FALSE,consonant
KQFUC,73.7254901960784,0.392156862745098,0,1,4,FALSE,consonant
KQCFU,57.6470588235294,0.392156862745098,0,1,4,FALSE,consonant
KUQFC,120.392156862745,0.392156862745098,0,1,4,FALSE,consonant
KUQCF,165.882352941176,0.392156862745098,0,1,4,FALSE,consonant
KFQUC,63.1372549019608,0.392156862745098,0,1,4,FALSE,consonant
KCQUF,76.078431372549,0.392156862745098,0,1,4,FALSE,consonant
KCQFU,47.0588235294118,0.392156862745098,0,1,4,FALSE,consonant
KCFUQ,75.6862745098039,0.392156862745098,0,1,4,FALSE,consonant
QFKUC,70.1960784313726,0,0,1,4,FALSE,consonant
QFKCU,86.6666666666667,0,0,1,4,FALSE,consonant
QCFKU,59.2156862745098,0,0,1,4,FALSE,consonant
QCKUF,83.1372549019608,0,0,1,4,FALSE,consonant
QKFCU,86.6666666666667,0,0,1,4,FALSE,consonant
UQFKC,64.7058823529412,0,0,1,4,FALSE,vowel
UQCFK,107.843137254902,0,0,1,4,FALSE,vowel
UQKFC,59.6078431372549,0,0,1,4,FALSE,vowel
UQKCF,105.098039215686,0,0,1,4,FALSE,vowel
UFQKC,54.1176470588235,0,0,1,4,FALSE,vowel
UFCQK,91.7647058823529,0,0,1,4,FALSE,vowel
UFKQC,43.5294117647059,0,0,1,4,FALSE,vowel
UFKCQ,94.1176470588235,0,0,1,4,FALSE,vowel
UCQFK,97.2549019607843,0,0,1,4,FALSE,vowel
UCQKF,67.0588235294118,0,0,1,4,FALSE,vowel
UCFQK,91.7647058823529,0,0,1,4,FALSE,vowel
UCFKQ,66.6666666666667,0,0,1,4,FALSE,vowel
UCKQF,56.4705882352941,0,0,1,4,FALSE,vowel
UCKFQ,61.5686274509804,0,0,1,4,FALSE,vowel
UKQFC,49.0196078431373,0,0,1,4,FALSE,vowel
UKQCF,94.5098039215686,0,0,1,4,FALSE,vowel
UKFQC,43.5294117647059,0,0,1,4,FALSE,vowel
UKFCQ,94.1176470588235,0,0,1,4,FALSE,vowel
UKCQF,56.4705882352941,0,0,1,4,FALSE,vowel
UKCFQ,61.5686274509804,0,0,1,4,FALSE,vowel
FQKUC,121.176470588235,0,0,1,4,FALSE,consonant
FQKCU,137.647058823529,0,0,1,4,FALSE,consonant
FCQKU,99.6078431372549,0,0,1,4,FALSE,consonant
FCKQU,89.0196078431373,0,0,1,4,FALSE,consonant
FCKUQ,123.137254901961,0,0,1,4,FALSE,consonant
FKQCU,127.058823529412,0,0,1,4,FALSE,consonant
FKCQU,89.0196078431373,0,0,1,4,FALSE,consonant
CQFKU,123.137254901961,0,0,1,4,FALSE,consonant
CQKUF,147.058823529412,0,0,1,4,FALSE,consonant
CFQKU,112.549019607843,0,0,1,4,FALSE,consonant
CFUQK,205.490196078431,0,0,1,4,FALSE,consonant
CFKQU,101.960784313725,0,0,1,4,FALSE,consonant
CFKUQ,136.078431372549,0,0,1,4,FALSE,consonant
CKFQU,101.960784313725,0,0,1,4,FALSE,consonant
KQFCU,90.1960784313725,0,0,1,4,FALSE,consonant
KFQCU,79.6078431372549,0,0,1,4,FALSE,consonant
KFUQC,96.8627450980392,0,0,1,4,FALSE,consonant
KFCQU,41.5686274509804,0,0,1,4,FALSE,consonant
KCFQU,41.5686274509804,0,0,1,4,FALSE,consonant
