string,slf,sbf,stf,vowels,consonants,is_word,first_letter
JQUCK,191.764705882353,27.843137254902,3.13725490196078,1,4,FALSE,consonant
QUJCK,197.647058823529,26.6666666666667,0,1,4,FALSE,consonant
QJUCK,188.235294117647,25.0980392156863,3.13725490196078,1,4,FALSE,consonant
JUQCK,199.21568627451,22.3529411764706,0,1,4,FALSE,consonant
UQJCK,129.803921568627,19.2156862745098,0,1,4,FALSE,vowel
UJQCK,127.843137254902,19.2156862745098,0,1,4,FALSE,vowel
QUCKJ,134.117647058824,14.1176470588235,1.17647058823529,1,4,FALSE,consonant
QUCJK,160,10.1960784313725,0,1,4,FALSE,consonant
JUCKQ,136.078431372549,9.80392156862745,1.17647058823529,1,4,FALSE,consonant
KQUCJ,147.058823529412,8.62745098039216,0,1,4,FALSE,consonant
QUKJC,111.764705882353,7.84313725490196,0,1,4,FALSE,consonant
QUKCJ,161.56862745098,7.84313725490196,0,1,4,FALSE,consonant
QUJKC,121.960784313726,7.45098039215686,0,1,4,FALSE,consonant
QKUCJ,143.529411764706,7.05882352941176,0,1,4,FALSE,consonant
JKUCQ,145.490196078431,7.05882352941176,0,1,4,FALSE,consonant
CUKQJ,176.862745098039,6.66666666666667,0,1,4,FALSE,consonant
CUKJQ,177.647058823529,6.66666666666667,0,1,4,FALSE,consonant
CUQJK,213.333333333333,6.27450980392157,0,1,4,FALSE,consonant
CUQKJ,187.450980392157,6.27450980392157,0,1,4,FALSE,consonant
CUJQK,212.941176470588,6.27450980392157,0,1,4,FALSE,consonant
CUJKQ,187.843137254902,6.27450980392157,0,1,4,FALSE,consonant
JUCQK,161.176470588235,5.88235294117647,0,1,4,FALSE,consonant
KJUCQ,145.490196078431,5.88235294117647,0,1,4,FALSE,consonant
QJCKU,57.2549019607843,3.92156862745098,0,1,4,FALSE,consonant
UQCKJ,66.2745098039216,3.92156862745098,0,1,4,FALSE,vowel
UJCKQ,64.7058823529412,3.92156862745098,0,1,4,FALSE,vowel
JQCKU,60.7843137254902,3.92156862745098,0,1,4,FALSE,consonant
QJCUK,116.470588235294,3.52941176470588,0,1,4,FALSE,consonant
QKCUJ,71.7647058823529,3.52941176470588,0,1,4,FALSE,consonant
JQCUK,120,3.52941176470588,0,1,4,FALSE,consonant
JKCUQ,73.7254901960784,3.52941176470588,0,1,4,FALSE,consonant
KQCUJ,75.2941176470588,3.52941176470588,0,1,4,FALSE,consonant
KJCUQ,73.7254901960784,3.52941176470588,0,1,4,FALSE,consonant
JUKQC,112.941176470588,3.52941176470588,0,1,4,FALSE,consonant
JUKCQ,163.529411764706,3.52941176470588,0,1,4,FALSE,consonant
JQUKC,116.078431372549,3.13725490196078,0,1,4,FALSE,consonant
JUQKC,123.529411764706,3.13725490196078,0,1,4,FALSE,consonant
CQUKJ,180,3.13725490196078,0,1,4,FALSE,consonant
KUCQJ,116.470588235294,3.13725490196078,0,1,4,FALSE,consonant
KUCJQ,117.254901960784,3.13725490196078,0,1,4,FALSE,consonant
CQUJK,205.882352941176,2.74509803921569,0,1,4,FALSE,consonant
KQUJC,97.2549019607843,2.74509803921569,0,1,4,FALSE,consonant
QCUKJ,116.078431372549,1.56862745098039,0,1,4,FALSE,consonant
JCUKQ,118.039215686275,1.56862745098039,0,1,4,FALSE,consonant
QCUJK,141.960784313725,1.17647058823529,0,1,4,FALSE,consonant
QKUJC,93.7254901960784,1.17647058823529,0,1,4,FALSE,consonant
JCUQK,143.137254901961,1.17647058823529,0,1,4,FALSE,consonant
JKUQC,94.9019607843137,1.17647058823529,0,1,4,FALSE,consonant
CKUQJ,158.823529411765,1.17647058823529,0,1,4,FALSE,consonant
CKUJQ,159.607843137255,1.17647058823529,0,1,4,FALSE,consonant
KCUQJ,98.4313725490196,1.17647058823529,0,1,4,FALSE,consonant
KCUJQ,99.2156862745098,1.17647058823529,0,1,4,FALSE,consonant
QJUKC,112.549019607843,0.392156862745098,0,1,4,FALSE,consonant
JCQUK,109.411764705882,0.392156862745098,0,1,4,FALSE,consonant
JKQUC,61.1764705882353,0.392156862745098,0,1,4,FALSE,consonant
CJQUK,169.803921568627,0.392156862745098,0,1,4,FALSE,consonant
CJUKQ,178.43137254902,0.392156862745098,0,1,4,FALSE,consonant
CKQUJ,125.098039215686,0.392156862745098,0,1,4,FALSE,consonant
KUQJC,104.705882352941,0.392156862745098,0,1,4,FALSE,consonant
KUQCJ,154.509803921569,0.392156862745098,0,1,4,FALSE,consonant
KUJQC,104.313725490196,0.392156862745098,0,1,4,FALSE,consonant
KUJCQ,154.901960784314,0.392156862745098,0,1,4,FALSE,consonant
KJQUC,61.1764705882353,0.392156862745098,0,1,4,FALSE,consonant
KCQUJ,64.7058823529412,0.392156862745098,0,1,4,FALSE,consonant
QJKUC,68.2352941176471,0,0,1,4,FALSE,consonant
QJKCU,84.7058823529412,0,0,1,4,FALSE,consonant
QCJUK,107.843137254902,0,0,1,4,FALSE,consonant
QCJKU,48.6274509803922,0,0,1,4,FALSE,consonant
QCKUJ,71.7647058823529,0,0,1,4,FALSE,consonant
QCKJU,38.4313725490196,0,0,1,4,FALSE,consonant
QKJUC,59.6078431372549,0,0,1,4,FALSE,consonant
QKJCU,76.078431372549,0,0,1,4,FALSE,consonant
QKCJU,38.4313725490196,0,0,1,4,FALSE,consonant
UQJKC,54.1176470588235,0,0,1,4,FALSE,vowel
UQCJK,92.156862745098,0,0,1,4,FALSE,vowel
UQKJC,43.921568627451,0,0,1,4,FALSE,vowel
UQKCJ,93.7254901960784,0,0,1,4,FALSE,vowel
UJQKC,52.156862745098,0,0,1,4,FALSE,vowel
UJCQK,89.8039215686275,0,0,1,4,FALSE,vowel
UJKQC,41.5686274509804,0,0,1,4,FALSE,vowel
UJKCQ,92.156862745098,0,0,1,4,FALSE,vowel
UCQJK,81.5686274509804,0,0,1,4,FALSE,vowel
UCQKJ,55.6862745098039,0,0,1,4,FALSE,vowel
UCJQK,81.1764705882353,0,0,1,4,FALSE,vowel
UCJKQ,56.078431372549,0,0,1,4,FALSE,vowel
UCKQJ,45.0980392156863,0,0,1,4,FALSE,vowel
UCKJQ,45.8823529411765,0,0,1,4,FALSE,vowel
UKQJC,33.3333333333333,0,0,1,4,FALSE,vowel
UKQCJ,83.1372549019608,0,0,1,4,FALSE,vowel
UKJQC,32.9411764705882,0,0,1,4,FALSE,vowel
UKJCQ,83.5294117647059,0,0,1,4,FALSE,vowel
UKCQJ,45.0980392156863,0,0,1,4,FALSE,vowel
UKCJQ,45.8823529411765,0,0,1,4,FALSE,vowel
JQKUC,71.7647058823529,0,0,1,4,FALSE,consonant
JQKCU,88.2352941176471,0,0,1,4,FALSE,consonant
JCQKU,50.1960784313726,0,0,1,4,FALSE,consonant
JCKQU,39.6078431372549,0,0,1,4,FALSE,consonant
JCKUQ,73.7254901960784,0,0,1,4,FALSE,consonant
JKQCU,77.6470588235294,0,0,1,4,FALSE,consonant
JKCQU,39.6078431372549,0,0,1,4,FALSE,consonant
CQJUK,171.764705882353,0,0,1,4,FALSE,consonant
CQJKU,112.549019607843,0,0,1,4,FALSE,consonant
CQKUJ,135.686274509804,0,0,1,4,FALSE,consonant
CQKJU,102.352941176471,0,0,1,4,FALSE,consonant
CJQKU,110.588235294118,0,0,1,4,FALSE,consonant
CJUQK,203.529411764706,0,0,1,4,FALSE,consonant
CJKQU,100,0,0,1,4,FALSE,consonant
CJKUQ,134.117647058824,0,0,1,4,FALSE,consonant
CKQJU,91.7647058823529,0,0,1,4,FALSE,consonant
CKJQU,91.3725490196078,0,0,1,4,FALSE,consonant
CKJUQ,125.490196078431,0,0,1,4,FALSE,consonant
KQJUC,63.1372549019608,0,0,1,4,FALSE,consonant
KQJCU,79.6078431372549,0,0,1,4,FALSE,consonant
KQCJU,41.9607843137255,0,0,1,4,FALSE,consonant
KJQCU,77.6470588235294,0,0,1,4,FALSE,consonant
KJUQC,94.9019607843137,0,0,1,4,FALSE,consonant
KJCQU,39.6078431372549,0,0,1,4,FALSE,consonant
KCQJU,31.3725490196078,0,0,1,4,FALSE,consonant
KCJQU,30.9803921568628,0,0,1,4,FALSE,consonant
KCJUQ,65.0980392156863,0,0,1,4,FALSE,consonant
