string,slf,sbf,stf,vowels,consonants,is_word,first_letter
QUMCK,225.490196078431,34.9019607843137,0,1,4,FALSE,consonant
MQUCK,229.803921568627,27.843137254902,3.13725490196078,1,4,FALSE,consonant
QMUCK,202.745098039216,25.8823529411765,3.52941176470588,1,4,FALSE,consonant
MUQCK,237.254901960784,25.8823529411765,0,1,4,FALSE,consonant
UMQCK,142.352941176471,19.6078431372549,0,1,4,FALSE,vowel
UQMCK,157.647058823529,19.2156862745098,0,1,4,FALSE,vowel
QUMKC,149.803921568627,15.6862745098039,0,1,4,FALSE,consonant
CUMQK,240.78431372549,14.5098039215686,0.392156862745098,1,4,FALSE,consonant
CUMKQ,215.686274509804,14.5098039215686,0.392156862745098,1,4,FALSE,consonant
QUCKM,151.372549019608,14.1176470588235,1.17647058823529,1,4,FALSE,consonant
MUCKQ,174.117647058824,13.3333333333333,2.35294117647059,1,4,FALSE,consonant
QUCMK,186.666666666667,10.1960784313725,0,1,4,FALSE,consonant
MUCQK,199.21568627451,9.41176470588235,1.17647058823529,1,4,FALSE,consonant
KUMQC,132.156862745098,8.62745098039216,0,1,4,FALSE,consonant
KUMCQ,182.745098039216,8.62745098039216,0,1,4,FALSE,consonant
KQUCM,164.313725490196,8.62745098039216,0,1,4,FALSE,consonant
CQUMK,232.549019607843,8.23529411764706,0,1,4,FALSE,consonant
KQUMC,123.921568627451,8.23529411764706,0,1,4,FALSE,consonant
QUKMC,138.43137254902,7.84313725490196,0,1,4,FALSE,consonant
QUKCM,178.823529411765,7.84313725490196,0,1,4,FALSE,consonant
MUKQC,150.980392156863,7.05882352941177,0,1,4,FALSE,consonant
MUKCQ,201.56862745098,7.05882352941177,0,1,4,FALSE,consonant
QKUCM,160.78431372549,7.05882352941176,0,1,4,FALSE,consonant
MKUCQ,183.529411764706,7.05882352941176,0,1,4,FALSE,consonant
QKCUM,89.0196078431373,6.66666666666667,0,1,4,FALSE,consonant
MUQKC,161.56862745098,6.66666666666667,0,1,4,FALSE,consonant
CUKQM,194.117647058824,6.66666666666667,0,1,4,FALSE,consonant
CUKMQ,204.313725490196,6.66666666666667,0,1,4,FALSE,consonant
KQCUM,92.5490196078431,6.66666666666667,0,1,4,FALSE,consonant
QCUMK,168.627450980392,6.66666666666667,0,1,4,FALSE,consonant
QKUMC,120.392156862745,6.66666666666667,0,1,4,FALSE,consonant
CKUMQ,186.274509803922,6.66666666666667,0,1,4,FALSE,consonant
KMUCQ,160,6.66666666666667,0.392156862745098,1,4,FALSE,consonant
KCUMQ,125.882352941177,6.66666666666667,0,1,4,FALSE,consonant
CUQMK,240,6.27450980392157,0,1,4,FALSE,consonant
CUQKM,204.705882352941,6.27450980392157,0,1,4,FALSE,consonant
UMCKQ,79.2156862745098,4.70588235294118,0,1,4,FALSE,vowel
QMCKU,71.7647058823529,4.31372549019608,0,1,4,FALSE,consonant
QMCUK,130.980392156863,3.92156862745098,0,1,4,FALSE,consonant
KMCUQ,88.2352941176471,3.92156862745098,0,1,4,FALSE,consonant
UQCKM,83.5294117647059,3.92156862745098,0,1,4,FALSE,vowel
MQCKU,98.8235294117647,3.92156862745098,0,1,4,FALSE,consonant
MQCUK,158.039215686275,3.52941176470588,0,1,4,FALSE,consonant
MKCUQ,111.764705882353,3.52941176470588,0,1,4,FALSE,consonant
CKQUM,142.352941176471,3.52941176470588,0,1,4,FALSE,consonant
KCQUM,81.9607843137255,3.52941176470588,0,1,4,FALSE,consonant
QCKUM,89.0196078431373,3.13725490196078,0,1,4,FALSE,consonant
MQUKC,154.117647058824,3.13725490196078,0,1,4,FALSE,consonant
CQUKM,197.254901960784,3.13725490196078,0,1,4,FALSE,consonant
CQKUM,152.941176470588,3.13725490196078,0,1,4,FALSE,consonant
KUCQM,133.725490196078,3.13725490196078,0,1,4,FALSE,consonant
KUCMQ,143.921568627451,3.13725490196078,0,1,4,FALSE,consonant
QCMUK,135.686274509804,1.96078431372549,0,1,4,FALSE,consonant
QKMUC,87.4509803921569,1.96078431372549,0,1,4,FALSE,consonant
CQMUK,199.607843137255,1.96078431372549,0,1,4,FALSE,consonant
CKMUQ,153.333333333333,1.96078431372549,0,1,4,FALSE,consonant
KQMUC,90.9803921568628,1.96078431372549,0,1,4,FALSE,consonant
KCMUQ,92.9411764705882,1.96078431372549,0,1,4,FALSE,consonant
QCUKM,133.333333333333,1.56862745098039,0,1,4,FALSE,consonant
MCUKQ,156.078431372549,1.56862745098039,0,1,4,FALSE,consonant
QMUKC,127.058823529412,1.17647058823529,0,1,4,FALSE,consonant
CMUKQ,192.941176470588,1.17647058823529,0,1,4,FALSE,consonant
MCUQK,181.176470588235,1.17647058823529,0,1,4,FALSE,consonant
MKUQC,132.941176470588,1.17647058823529,0,1,4,FALSE,consonant
CKUQM,176.078431372549,1.17647058823529,0,1,4,FALSE,consonant
KCUQM,115.686274509804,1.17647058823529,0,1,4,FALSE,consonant
UMCQK,104.313725490196,0.784313725490196,0,1,4,FALSE,vowel
CMUQK,218.039215686275,0.784313725490196,0,1,4,FALSE,consonant
KMUQC,109.411764705882,0.784313725490196,0,1,4,FALSE,consonant
UMQKC,66.6666666666667,0.392156862745098,0,1,4,FALSE,vowel
UMKQC,56.078431372549,0.392156862745098,0,1,4,FALSE,vowel
UMKCQ,106.666666666667,0.392156862745098,0,1,4,FALSE,vowel
MCQUK,147.450980392157,0.392156862745098,0,1,4,FALSE,consonant
MKQUC,99.2156862745098,0.392156862745098,0,1,4,FALSE,consonant
CMQUK,184.313725490196,0.392156862745098,0,1,4,FALSE,consonant
KUQMC,131.372549019608,0.392156862745098,0,1,4,FALSE,consonant
KUQCM,171.764705882353,0.392156862745098,0,1,4,FALSE,consonant
KMQUC,75.6862745098039,0.392156862745098,0,1,4,FALSE,consonant
KMCQU,54.1176470588235,0.392156862745098,0,1,4,FALSE,consonant
QMKUC,82.7450980392157,0,0,1,4,FALSE,consonant
QMKCU,99.2156862745098,0,0,1,4,FALSE,consonant
QCMKU,76.4705882352941,0,0,1,4,FALSE,consonant
QCKMU,65.0980392156863,0,0,1,4,FALSE,consonant
QKMCU,103.921568627451,0,0,1,4,FALSE,consonant
QKCMU,65.0980392156863,0,0,1,4,FALSE,consonant
UQMKC,81.9607843137255,0,0,1,4,FALSE,vowel
UQCMK,118.823529411765,0,0,1,4,FALSE,vowel
UQKMC,70.5882352941176,0,0,1,4,FALSE,vowel
UQKCM,110.980392156863,0,0,1,4,FALSE,vowel
UCQMK,108.235294117647,0,0,1,4,FALSE,vowel
UCQKM,72.9411764705882,0,0,1,4,FALSE,vowel
UCMQK,109.019607843137,0,0,1,4,FALSE,vowel
UCMKQ,83.921568627451,0,0,1,4,FALSE,vowel
UCKQM,62.3529411764706,0,0,1,4,FALSE,vowel
UCKMQ,72.5490196078431,0,0,1,4,FALSE,vowel
UKQMC,60,0,0,1,4,FALSE,vowel
UKQCM,100.392156862745,0,0,1,4,FALSE,vowel
UKMQC,60.7843137254902,0,0,1,4,FALSE,vowel
UKMCQ,111.372549019608,0,0,1,4,FALSE,vowel
UKCQM,62.3529411764706,0,0,1,4,FALSE,vowel
UKCMQ,72.5490196078431,0,0,1,4,FALSE,vowel
MQKUC,109.803921568627,0,0,1,4,FALSE,consonant
MQKCU,126.274509803922,0,0,1,4,FALSE,consonant
MCQKU,88.2352941176471,0,0,1,4,FALSE,consonant
MCKQU,77.6470588235294,0,0,1,4,FALSE,consonant
MCKUQ,111.764705882353,0,0,1,4,FALSE,consonant
MKQCU,115.686274509804,0,0,1,4,FALSE,consonant
MKCQU,77.6470588235294,0,0,1,4,FALSE,consonant
CQMKU,140.392156862745,0,0,1,4,FALSE,consonant
CQKMU,129.019607843137,0,0,1,4,FALSE,consonant
CMQKU,125.098039215686,0,0,1,4,FALSE,consonant
CMKQU,114.509803921569,0,0,1,4,FALSE,consonant
CMKUQ,148.627450980392,0,0,1,4,FALSE,consonant
CKQMU,118.43137254902,0,0,1,4,FALSE,consonant
CKMQU,119.21568627451,0,0,1,4,FALSE,consonant
KQMCU,107.450980392157,0,0,1,4,FALSE,consonant
KQCMU,68.6274509803922,0,0,1,4,FALSE,consonant
KMQCU,92.156862745098,0,0,1,4,FALSE,consonant
KCQMU,58.0392156862745,0,0,1,4,FALSE,consonant
KCMQU,58.8235294117647,0,0,1,4,FALSE,consonant
