order,sbf,rank,moves,is_word,is_unique
BRATO,0.0507,1,2,FALSE,3
BATOR,0.0466,2,2,FALSE,3
BROAT,0.0458,3,2,FALSE,3
BRAOT,0.0455,4,2,FALSE,3
BROTA,0.0442,5,2,FALSE,3
TRABO,0.044,6,2,FALSE,3
TRAOB,0.044,7,3,FALSE,3
BOART,0.0435,8,1,TRUE,3
TROAB,0.0419,9,3,FALSE,3
BORAT,0.0397,10,1,FALSE,3
TROBA,0.0392,11,4,FALSE,3
ORATB,0.037,12,2,FALSE,3
BAROT,0.0365,13,2,FALSE,3
TABOR,0.0337,14,1,TRUE,3
TOARB,0.0337,15,3,FALSE,3
BATRO,0.0334,16,3,FALSE,3
AROTB,0.0333,17,2,FALSE,3
BORTA,0.0333,18,1,FALSE,3
BARTO,0.033,19,2,FALSE,3
RATOB,0.0325,20,3,FALSE,3
TORAB,0.0318,21,3,FALSE,3
BAORT,0.0314,22,1,FALSE,3
TAROB,0.0314,23,3,FALSE,3
BOTAR,0.0306,24,2,FALSE,3
RATBO,0.0302,25,2,FALSE,3
ORABT,0.0295,26,2,FALSE,3
AROBT,0.0294,27,2,FALSE,3
OBART,0.0278,28,2,FALSE,3
ABORT,0.0271,29,0,TRUE,3
BTARO,0.0271,30,3,FALSE,3
OTARB,0.0267,31,3,FALSE,3
TARBO,0.0263,32,2,FALSE,3
BOATR,0.0252,33,2,FALSE,3
RABOT,0.0247,34,1,FALSE,3
TORBA,0.0243,35,3,FALSE,3
BOTRA,0.0228,36,2,FALSE,3
ABTOR,0.0223,37,1,FALSE,3
TAORB,0.022,38,2,FALSE,3
BTAOR,0.0216,39,2,FALSE,3
ROATB,0.0216,40,3,FALSE,3
OATRB,0.0212,41,3,FALSE,3
TBARO,0.0212,42,3,FALSE,3
BTORA,0.0208,43,2,FALSE,3
TOBAR,0.0204,44,3,FALSE,3
ATORB,0.0201,45,2,FALSE,3
ROTAB,0.02,46,3,FALSE,3
TABRO,0.0197,47,2,FALSE,3
RABTO,0.0197,48,2,FALSE,3
AORTB,0.0196,49,1,FALSE,3
OARTB,0.0196,50,2,FALSE,3
TRBOA,0.0196,51,3,FALSE,3
OATBR,0.0192,52,2,FALSE,3
ATBOR,0.0184,53,1,FALSE,3
BTOAR,0.018,54,2,FALSE,3
BAOTR,0.0177,55,2,FALSE,3
ROBAT,0.0177,56,3,FALSE,3
TRBAO,0.0177,57,3,FALSE,3
BRTAO,0.0176,58,2,FALSE,3
OABRT,0.0169,59,1,FALSE,3
BRTOA,0.0164,60,2,FALSE,3
ABROT,0.0161,61,1,FALSE,3
RAOTB,0.0161,62,2,FALSE,3
TBORA,0.0161,63,2,FALSE,3
AORBT,0.0157,64,1,FALSE,3
OARBT,0.0157,65,2,FALSE,3
TBAOR,0.0157,66,2,FALSE,3
TOABR,0.0153,67,2,FALSE,3
ROTBA,0.0149,68,3,FALSE,3
TOBRA,0.0149,69,3,FALSE,3
ROABT,0.0141,70,2,FALSE,3
OBRAT,0.0138,71,2,FALSE,3
ARBOT,0.0137,72,1,FALSE,3
ABOTR,0.0134,73,1,FALSE,3
TBOAR,0.0133,74,2,FALSE,3
ABRTO,0.0126,75,1,FALSE,3
OBTAR,0.0125,76,3,FALSE,3
ROBTA,0.0125,77,3,FALSE,3
RAOBT,0.0122,78,2,FALSE,3
TAOBR,0.0118,79,2,FALSE,3
RBOAT,0.0118,80,2,FALSE,3
RBATO,0.0115,81,3,FALSE,3
AOBRT,0.0114,82,1,FALSE,3
ATROB,0.0114,83,3,FALSE,3
OTRAB,0.0114,84,3,FALSE,3
ORBAT,0.0111,85,2,FALSE,3
RTOAB,0.011,86,3,FALSE,3
OTBAR,0.0102,87,3,FALSE,3
RBOTA,0.0102,88,2,FALSE,3
ATOBR,0.0099,89,2,FALSE,3
BTRAO,0.0098,90,3,FALSE,3
AOTRB,0.0095,91,2,FALSE,3
OBATR,0.0095,92,3,FALSE,3
ABTRO,0.0091,93,2,FALSE,3
RTABO,0.0091,94,2,FALSE,3
RTAOB,0.0091,95,3,FALSE,3
ARTOB,0.009,96,2,FALSE,3
BTROA,0.009,97,3,FALSE,3
ARBTO,0.0087,98,2,FALSE,3
OTABR,0.0083,99,2,FALSE,3
RTOBA,0.0083,100,3,FALSE,3
OABTR,0.0079,101,2,FALSE,3
AOTBR,0.0075,102,2,FALSE,3
OBRTA,0.0074,103,2,FALSE,3
ORTAB,0.0071,104,2,FALSE,3
TBRAO,0.0071,105,3,FALSE,3
ARTBO,0.0067,106,2,FALSE,3
ATRBO,0.0063,107,2,FALSE,3
RBAOT,0.0063,108,2,FALSE,3
TBROA,0.0063,109,3,FALSE,3
ORBTA,0.0059,110,2,FALSE,3
OBTRA,0.0047,111,3,FALSE,3
OTBRA,0.0047,112,3,FALSE,3
ATBRO,0.0044,113,2,FALSE,3
RBTAO,0.0043,114,3,FALSE,3
OTRBA,0.0039,115,3,FALSE,3
RTBOA,0.0035,116,3,FALSE,3
RBTOA,0.0031,117,3,FALSE,3
AOBTR,0.0024,118,2,FALSE,3
ORTBA,0.002,119,2,FALSE,3
RTBAO,0.0016,120,3,FALSE,3
