order,sbf,rank,moves,is_word,is_unique
BASSY,0.0337,1,2,TRUE,2
SBASY,0.0255,2,3,FALSE,2
YBASS,0.0252,3,2,FALSE,2
BSASY,0.0251,4,2,FALSE,2
BYASS,0.0244,5,1,FALSE,2
BAYSS,0.024,6,1,FALSE,2
SABSY,0.0239,7,2,FALSE,2
SASBY,0.0227,8,2,FALSE,2
BASYS,0.0216,9,2,FALSE,2
SASYB,0.0188,10,3,FALSE,2
ABSSY,0.018,11,1,FALSE,2
YSASB,0.0173,12,2,FALSE,2
SYASB,0.0169,13,3,FALSE,2
SABYS,0.0161,14,1,FALSE,2
ABYSS,0.0146,15,0,TRUE,2
YABSS,0.0146,16,1,FALSE,2
YASSB,0.0141,17,2,FALSE,2
SAYSB,0.0137,18,2,FALSE,2
SAYBS,0.0133,19,2,FALSE,2
ASBSY,0.0105,20,2,FALSE,2
YASBS,0.0098,21,2,FALSE,2
BSSAY,0.0087,22,2,FALSE,2
SSBAY,0.0079,23,3,FALSE,2
ASSBY,0.0078,24,2,FALSE,2
AYBSS,0.0075,25,1,FALSE,2
SBSAY,0.0075,26,3,FALSE,2
ABSYS,0.0059,27,1,FALSE,2
BYSSA,0.0055,28,1,FALSE,2
SSABY,0.0051,29,2,FALSE,2
YBSSA,0.0047,30,2,FALSE,2
AYSSB,0.0043,31,1,FALSE,2
ASYSB,0.0039,32,2,FALSE,2
ASSYB,0.0039,33,2,FALSE,2
SYBAS,0.0036,34,3,FALSE,2
ASYBS,0.0035,35,2,FALSE,2
BYSAS,0.0032,36,1,FALSE,2
BSYAS,0.0032,37,2,FALSE,2
YSSAB,0.0032,38,2,FALSE,2
SBYAS,0.0032,39,2,FALSE,2
YSBAS,0.0028,40,2,FALSE,2
SYSAB,0.0028,41,3,FALSE,2
SSYAB,0.0028,42,3,FALSE,2
ASBYS,0.0027,43,1,FALSE,2
YBSAS,0.0024,44,2,FALSE,2
BSYSA,0.0016,45,2,FALSE,2
SBAYS,0.0016,46,2,FALSE,2
SBYSA,0.0016,47,2,FALSE,2
SYBSA,0.0012,48,3,FALSE,2
BSAYS,0.0012,49,2,FALSE,2
BSSYA,0.0012,50,2,FALSE,2
YSABS,0.0012,51,2,FALSE,2
YSSBA,0.0012,52,2,FALSE,2
SSAYB,0.0012,53,3,FALSE,2
SYABS,8e-04,54,2,FALSE,2
SYSBA,8e-04,55,3,FALSE,2
SSYBA,8e-04,56,3,FALSE,2
YSBSA,4e-04,57,2,FALSE,2
AYSBS,0,58,1,FALSE,2
SBSYA,0,59,3,FALSE,2
SSBYA,0,60,3,FALSE,2
