order,sbf,rank,moves,is_word,is_unique
DADED,0.0929,1,1,FALSE,1
ADDED,0.0859,2,0,TRUE,1
DDAED,0.069,3,1,FALSE,1
DEADD,0.0302,4,2,FALSE,1
DADDE,0.0274,5,2,FALSE,1
DDEAD,0.0232,6,1,FALSE,1
DEDAD,0.0231,7,2,FALSE,1
ADDDE,0.0204,8,1,FALSE,1
DEDDA,0.0172,9,2,FALSE,1
DDADE,0.0169,10,2,FALSE,1
EADDD,0.0152,11,1,FALSE,1
DDDEA,0.0138,12,2,FALSE,1
EDDAD,0.013,13,2,FALSE,1
EDADD,0.0071,14,2,FALSE,1
EDDDA,0.0071,15,2,FALSE,1
ADEDD,0.0067,16,1,FALSE,1
AEDDD,0.0066,17,1,FALSE,1
DAEDD,0.0063,18,2,FALSE,1
DDDAE,0.0059,19,2,FALSE,1
DDEDA,0.0032,20,1,FALSE,1
