order,sbf,rank,moves,is_word,is_unique
PATED,0.1168,1,3,TRUE,3
TAPED,0.0965,2,3,TRUE,3
APTED,0.091,3,2,FALSE,3
ATPED,0.082,4,3,FALSE,3
PTAED,0.0757,5,3,FALSE,3
TPAED,0.0725,6,3,FALSE,3
PADET,0.0447,7,1,FALSE,3
DATEP,0.0431,8,2,FALSE,3
PATDE,0.0431,9,2,FALSE,3
PADTE,0.0368,10,2,FALSE,3
DAPET,0.0342,11,2,FALSE,3
DEAPT,0.0337,12,1,FALSE,3
TADEP,0.0333,13,1,FALSE,3
DEATP,0.033,14,2,FALSE,3
PEATD,0.0303,15,3,FALSE,3
DATPE,0.0294,16,3,FALSE,3
ADPET,0.0279,17,1,FALSE,3
APDET,0.0275,18,1,FALSE,3
PEADT,0.0275,19,2,FALSE,3
TAPDE,0.0275,20,2,FALSE,3
DPATE,0.0267,21,2,FALSE,3
DAPTE,0.0263,22,2,FALSE,3
DPEAT,0.0263,23,2,FALSE,3
TPEAD,0.0263,24,3,FALSE,3
TEADP,0.0259,25,2,FALSE,3
PTEAD,0.0255,26,3,FALSE,3
TADPE,0.0251,27,2,FALSE,3
TEAPD,0.0251,28,3,FALSE,3
ADTEP,0.0247,29,1,FALSE,3
PTADE,0.0236,30,2,FALSE,3
PDATE,0.0232,31,3,FALSE,3
PDEAT,0.0232,32,2,FALSE,3
PETAD,0.0232,33,3,FALSE,3
EATDP,0.0223,34,2,FALSE,3
DEPAT,0.022,35,1,FALSE,3
EATPD,0.0219,36,3,FALSE,3
DETAP,0.0216,37,2,FALSE,3
DTEAP,0.0212,38,2,FALSE,3
PEDAT,0.0204,39,3,FALSE,3
TPADE,0.0204,40,2,FALSE,3
ADPTE,0.02,41,1,FALSE,3
APDTE,0.0196,42,2,FALSE,3
DPTEA,0.0189,43,2,FALSE,3
TDEAP,0.0189,44,2,FALSE,3
DTAPE,0.0181,45,3,FALSE,3
PDTEA,0.0177,46,3,FALSE,3
TEPAD,0.0177,47,3,FALSE,3
APTDE,0.0173,48,2,FALSE,3
DEPTA,0.0172,49,1,FALSE,3
ATDEP,0.0165,50,1,FALSE,3
EADPT,0.0164,51,1,FALSE,3
DPAET,0.0157,52,2,FALSE,3
DETPA,0.0153,53,2,FALSE,3
PAEDT,0.0149,54,2,FALSE,3
TEDAP,0.0145,55,3,FALSE,3
ETADP,0.0138,56,2,FALSE,3
PETDA,0.0138,57,3,FALSE,3
PEDTA,0.0137,58,3,FALSE,3
PAETD,0.0137,59,2,FALSE,3
ATPDE,0.013,60,2,FALSE,3
ETAPD,0.013,61,3,FALSE,3
TAEPD,0.0129,62,2,FALSE,3
DTPEA,0.0126,63,3,FALSE,3
EPATD,0.0126,64,2,FALSE,3
EPTAD,0.0126,65,2,FALSE,3
TDPEA,0.0126,66,3,FALSE,3
EADTP,0.0125,67,2,FALSE,3
PDAET,0.0122,68,2,FALSE,3
PTDEA,0.0122,69,3,FALSE,3
TPDEA,0.0122,70,3,FALSE,3
ADEPT,0.0121,71,0,TRUE,3
TAEDP,0.0118,72,2,FALSE,3
DAEPT,0.0117,73,1,FALSE,3
TDAPE,0.0114,74,3,FALSE,3
ADTPE,0.011,75,2,FALSE,3
DTAEP,0.0106,76,2,FALSE,3
EAPTD,0.0106,77,2,FALSE,3
EDAPT,0.0106,78,2,FALSE,3
EPDAT,0.0106,79,2,FALSE,3
TEPDA,0.0102,80,3,FALSE,3
EDATP,0.0099,81,3,FALSE,3
EDPAT,0.0099,82,2,FALSE,3
ETPAD,0.0099,83,3,FALSE,3
APEDT,0.0098,84,2,FALSE,3
EAPDT,0.0098,85,2,FALSE,3
EPADT,0.0098,86,2,FALSE,3
TEDPA,0.009,87,3,FALSE,3
APETD,0.0086,88,2,FALSE,3
ATDPE,0.0083,89,2,FALSE,3
EDTAP,0.0079,90,3,FALSE,3
AEDPT,0.0078,91,1,FALSE,3
ATEPD,0.0074,92,2,FALSE,3
ETDAP,0.0071,93,3,FALSE,3
DPETA,0.007,94,2,FALSE,3
ATEDP,0.0063,95,2,FALSE,3
DPTAE,0.0063,96,2,FALSE,3
TPEDA,0.0063,97,4,FALSE,3
AETDP,0.0059,98,2,FALSE,3
DTEPA,0.0058,99,2,FALSE,3
ADETP,0.0055,100,1,FALSE,3
PTEDA,0.0055,101,3,FALSE,3
AETPD,0.0055,102,2,FALSE,3
DAETP,0.0051,103,2,FALSE,3
EDPTA,0.0051,104,2,FALSE,3
PDTAE,0.0051,105,3,FALSE,3
AEPTD,0.0047,106,1,FALSE,3
PTDAE,0.0043,107,3,FALSE,3
TPDAE,0.0043,108,3,FALSE,3
AEDTP,0.0039,109,2,FALSE,3
EPDTA,0.0039,110,2,FALSE,3
PDETA,0.0039,111,2,FALSE,3
AEPDT,0.0039,112,1,FALSE,3
TDAEP,0.0039,113,2,FALSE,3
TDEPA,0.0035,114,2,FALSE,3
EPTDA,0.0032,115,2,FALSE,3
DTPAE,0.0028,116,3,FALSE,3
TDPAE,0.0028,117,3,FALSE,3
ETPDA,0.0024,118,3,FALSE,3
EDTPA,0.0016,119,3,FALSE,3
ETDPA,0.0016,120,3,FALSE,3
