order,sbf,rank,moves,is_word,is_unique
DRANO,0.0514,1,2,FALSE,3
ORAND,0.051,2,2,FALSE,3
DRAON,0.0499,3,2,FALSE,3
AROND,0.047,4,2,FALSE,3
DRONA,0.0462,5,2,FALSE,3
DROAN,0.0431,6,2,FALSE,3
DARON,0.0365,7,2,FALSE,3
DANOR,0.0356,8,2,FALSE,3
ROAND,0.0356,9,3,FALSE,3
DORAN,0.0346,10,1,FALSE,3
DOARN,0.0345,11,1,FALSE,3
ORADN,0.0342,12,2,FALSE,3
NRADO,0.0334,13,2,FALSE,3
NOARD,0.0329,14,3,FALSE,3
RADON,0.0326,15,1,TRUE,3
NROAD,0.0325,16,3,FALSE,3
NORAD,0.0318,17,3,FALSE,3
ARODN,0.0313,18,2,FALSE,3
NRAOD,0.0306,19,3,FALSE,3
RANOD,0.0305,20,3,FALSE,3
ONARD,0.0298,21,3,FALSE,3
RAOND,0.0298,22,2,FALSE,3
ANORD,0.0287,23,2,FALSE,3
NADOR,0.0286,24,1,FALSE,3
RONAD,0.0282,25,3,FALSE,3
RANDO,0.0279,26,2,FALSE,3
DONAR,0.0278,27,2,FALSE,3
NAROD,0.0274,28,3,FALSE,3
NRODA,0.027,29,4,FALSE,3
AORND,0.0259,30,1,FALSE,3
OARND,0.0259,31,2,FALSE,3
ANDOR,0.0256,32,1,FALSE,3
DORNA,0.0255,33,1,FALSE,3
DNARO,0.0255,34,3,FALSE,3
DOANR,0.0247,35,2,FALSE,3
ODARN,0.0235,36,2,FALSE,3
RODAN,0.0223,37,3,FALSE,3
ADRON,0.022,38,1,FALSE,3
NARDO,0.022,39,2,FALSE,3
DARNO,0.0216,40,2,FALSE,3
ADNOR,0.0215,41,1,FALSE,3
NAORD,0.0212,42,2,FALSE,3
NORDA,0.0212,43,3,FALSE,3
ADORN,0.0212,44,0,TRUE,3
DAORN,0.0204,45,1,FALSE,3
DANRO,0.0204,46,3,FALSE,3
OANRD,0.0204,47,3,FALSE,3
NDARO,0.0204,48,3,FALSE,3
DNAOR,0.02,49,2,FALSE,3
RADNO,0.02,50,2,FALSE,3
RONDA,0.02,51,3,TRUE,3
ARDON,0.0197,52,1,FALSE,3
NODAR,0.0191,53,3,FALSE,3
DNORA,0.0188,54,2,FALSE,3
ROADN,0.0188,55,2,FALSE,3
DONRA,0.018,56,2,FALSE,3
AORDN,0.0173,57,1,FALSE,3
OARDN,0.0173,58,2,FALSE,3
OANDR,0.0173,59,2,FALSE,3
ANROD,0.0161,60,3,FALSE,3
DNOAR,0.016,61,2,FALSE,3
ADONR,0.0157,62,1,FALSE,3
ANODR,0.0157,63,2,FALSE,3
DRNAO,0.0153,64,2,FALSE,3
NDORA,0.0153,65,2,FALSE,3
RODNA,0.0152,66,3,FALSE,3
NADRO,0.0149,67,2,FALSE,3
DAONR,0.0149,68,2,FALSE,3
NDAOR,0.0149,69,2,FALSE,3
AONRD,0.0149,70,2,FALSE,3
RDANO,0.0145,71,3,FALSE,3
RDONA,0.0145,72,2,FALSE,3
RNOAD,0.0145,73,3,FALSE,3
ONDAR,0.0145,74,3,FALSE,3
NOADR,0.0145,75,2,FALSE,3
ODRAN,0.0142,76,2,FALSE,3
ONRAD,0.0142,77,3,FALSE,3
DRNOA,0.0141,78,2,FALSE,3
OADRN,0.0141,79,1,FALSE,3
RAODN,0.0141,80,2,FALSE,3
ODANR,0.0137,81,3,FALSE,3
ORNAD,0.0134,82,2,FALSE,3
ODNAR,0.0133,83,3,FALSE,3
ORDAN,0.013,84,2,FALSE,3
RDAON,0.013,85,2,FALSE,3
NDOAR,0.0125,86,2,FALSE,3
ANDRO,0.0119,87,2,FALSE,3
RNADO,0.0118,88,2,FALSE,3
AONDR,0.0118,89,2,FALSE,3
ONADR,0.0114,90,2,FALSE,3
RDOAN,0.0114,91,2,FALSE,3
ARNOD,0.0113,92,2,FALSE,3
NODRA,0.0109,93,3,FALSE,3
ANRDO,0.0107,94,2,FALSE,3
AODRN,0.0094,95,1,FALSE,3
OADNR,0.0094,96,2,FALSE,3
RNAOD,0.009,97,3,FALSE,3
RNODA,0.009,98,3,FALSE,3
ARNDO,0.0087,99,2,FALSE,3
NAODR,0.0082,100,2,FALSE,3
ARDNO,0.0071,101,2,FALSE,3
DNRAO,0.0071,102,3,FALSE,3
NDRAO,0.0071,103,3,FALSE,3
ADRNO,0.0071,104,1,FALSE,3
ADNRO,0.0063,105,2,FALSE,3
DNROA,0.0063,106,3,FALSE,3
ONDRA,0.0063,107,3,FALSE,3
NDROA,0.0063,108,3,FALSE,3
ORDNA,0.0059,109,2,FALSE,3
RNDAO,0.0059,110,3,FALSE,3
ORNDA,0.0052,111,2,FALSE,3
ODRNA,0.0051,112,2,FALSE,3
RDNAO,0.0051,113,3,FALSE,3
RNDOA,0.0048,114,3,FALSE,3
AODNR,0.0047,115,2,FALSE,3
NRDAO,0.0043,116,3,FALSE,3
RDNOA,0.0039,117,3,FALSE,3
ONRDA,0.0036,118,3,FALSE,3
ODNRA,0.0035,119,3,FALSE,3
NRDOA,0.0032,120,3,FALSE,3
