order,sbf,rank,moves,is_word,is_unique
FATER,0.1133,1,1,FALSE,1
AFTER,0.0879,2,0,TRUE,1
TAFER,0.0843,3,1,FALSE,1
FTAER,0.0757,4,1,FALSE,1
ATFER,0.0733,5,1,FALSE,1
TFAER,0.0682,6,2,FALSE,1
FRATE,0.0585,7,2,FALSE,1
FARET,0.0494,8,3,FALSE,1
FRAET,0.0475,9,3,FALSE,1
TRAFE,0.0475,10,2,FALSE,1
RATEF,0.0471,11,2,FALSE,1
FEART,0.047,12,2,FALSE,1
TREAF,0.0467,13,3,FALSE,1
FREAT,0.0459,14,3,FALSE,1
TRAEF,0.0436,15,3,FALSE,1
FARTE,0.0431,16,2,FALSE,1
FATRE,0.0412,17,2,FALSE,1
TEARF,0.0404,18,2,FALSE,1
TAREF,0.0396,19,3,FALSE,1
ERAFT,0.0381,20,2,FALSE,1
ERATF,0.0374,21,3,FALSE,1
FTARE,0.0373,22,2,FALSE,1
REAFT,0.0353,23,2,FALSE,1
REATF,0.0346,24,3,FALSE,1
TREFA,0.0314,25,3,FALSE,1
RAFTE,0.0306,26,1,FALSE,1
TFARE,0.0298,27,3,FALSE,1
RATFE,0.0298,28,2,FALSE,1
FEATR,0.0287,29,2,FALSE,1
ETARF,0.0283,30,3,FALSE,1
FERAT,0.0279,31,2,FALSE,1
RAFET,0.0279,32,2,FALSE,1
AFRET,0.0271,33,2,FALSE,1
FTEAR,0.027,34,1,FALSE,1
FRETA,0.0266,35,3,FALSE,1
FRTEA,0.0263,36,2,FALSE,1
EFART,0.0258,37,3,FALSE,1
AREFT,0.0255,38,2,FALSE,1
TARFE,0.0255,39,2,FALSE,1
TEAFR,0.0251,40,2,FALSE,1
EATRF,0.0247,41,2,FALSE,1
TAFRE,0.0244,42,2,FALSE,1
TFEAR,0.0239,43,2,FALSE,1
ARTEF,0.0236,44,2,FALSE,1
FAERT,0.0235,45,2,FALSE,1
FETAR,0.0231,46,2,FALSE,1
ARFTE,0.0227,47,1,FALSE,1
TERAF,0.0224,48,2,FALSE,1
RFATE,0.0224,49,2,FALSE,1
RFEAT,0.0224,50,3,FALSE,1
EARFT,0.0223,51,2,FALSE,1
EARTF,0.0223,52,3,FALSE,1
RETAF,0.022,53,3,FALSE,1
EATFR,0.0219,54,2,FALSE,1
FERTA,0.0215,55,2,FALSE,1
AFRTE,0.0208,56,1,FALSE,1
REFAT,0.0205,57,3,FALSE,1
ARETF,0.0204,58,3,FALSE,1
ARFET,0.02,59,2,FALSE,1
RTEAF,0.02,60,3,FALSE,1
ATREF,0.0196,61,2,FALSE,1
REFTA,0.0192,62,3,FALSE,1
TRFEA,0.0188,63,3,FALSE,1
RFTEA,0.0185,64,2,FALSE,1
TAERF,0.0173,65,2,FALSE,1
RETFA,0.0173,66,4,FALSE,1
FTREA,0.0172,67,2,FALSE,1
TRFAE,0.0161,68,3,FALSE,1
RAEFT,0.0161,69,2,FALSE,1
TEFAR,0.0161,70,2,FALSE,1
AFTRE,0.0158,71,1,FALSE,1
FETRA,0.0153,72,2,FALSE,1
AFERT,0.0153,73,1,FALSE,1
TERFA,0.0149,74,2,FALSE,1
TFREA,0.0145,75,3,FALSE,1
EAFRT,0.0141,76,2,FALSE,1
FRTAE,0.0137,77,2,FALSE,1
ATFRE,0.0134,78,2,FALSE,1
EFRAT,0.0134,79,3,FALSE,1
AERFT,0.0133,80,2,FALSE,1
AERTF,0.0133,81,2,FALSE,1
ETAFR,0.013,82,2,FALSE,1
EFTAR,0.0129,83,2,FALSE,1
RTAFE,0.0126,84,2,FALSE,1
ETRAF,0.0122,85,3,FALSE,1
ATERF,0.0118,86,1,FALSE,1
FTERA,0.0117,87,1,FALSE,1
TAEFR,0.0114,88,2,FALSE,1
RFAET,0.0114,89,3,FALSE,1
RAETF,0.011,90,3,FALSE,1
FTRAE,0.0106,91,2,FALSE,1
TEFRA,0.0106,92,2,FALSE,1
AEFRT,0.0102,93,2,FALSE,1
FAETR,0.0102,94,2,FALSE,1
ETFAR,0.0098,95,3,FALSE,1
ERFAT,0.0091,96,3,FALSE,1
EAFTR,0.009,97,1,FALSE,1
RTAEF,0.0087,98,3,FALSE,1
TFERA,0.0086,99,2,FALSE,1
AETRF,0.0083,100,2,FALSE,1
TFRAE,0.0079,101,3,FALSE,1
ERFTA,0.0078,102,3,FALSE,1
EFATR,0.0075,103,2,FALSE,1
ERTAF,0.0075,104,3,FALSE,1
EFRTA,0.007,105,3,FALSE,1
ARTFE,0.0063,106,2,FALSE,1
RFTAE,0.0059,107,2,FALSE,1
ATEFR,0.0059,108,1,FALSE,1
ATRFE,0.0055,109,2,FALSE,1
AETFR,0.0055,110,2,FALSE,1
AEFTR,0.0051,111,1,FALSE,1
EFTRA,0.0051,112,2,FALSE,1
ETRFA,0.0047,113,3,FALSE,1
RTEFA,0.0047,114,3,FALSE,1
ETFRA,0.0043,115,3,FALSE,1
RTFEA,0.0039,116,3,FALSE,1
RFETA,0.0031,117,3,FALSE,1
ERTFA,0.0028,118,3,FALSE,1
AFETR,0.002,119,1,FALSE,1
RTFAE,0.0012,120,3,FALSE,1
