order,sbf,rank,moves,is_word,is_unique
GAING,0.0509,1,1,FALSE,1
AGING,0.0411,2,0,TRUE,1
GIANG,0.0301,3,1,FALSE,1
GANGI,0.0282,4,2,FALSE,1
GAGIN,0.0281,5,1,FALSE,1
IGANG,0.0278,6,2,FALSE,1
GANIG,0.027,7,2,FALSE,1
GGINA,0.027,8,2,FALSE,1
GINAG,0.0239,9,1,FALSE,1
GINGA,0.0235,10,1,FALSE,1
AINGG,0.0224,11,1,FALSE,1
AIGNG,0.022,12,1,FALSE,1
GIGAN,0.0216,13,2,FALSE,1
IAGNG,0.0215,14,1,FALSE,1
GGAIN,0.02,15,2,FALSE,1
GAIGN,0.0192,16,2,FALSE,1
IANGG,0.0192,17,2,FALSE,1
GNAIG,0.0177,18,2,FALSE,1
GAGNI,0.0172,19,2,FALSE,1
NAGIG,0.0168,20,1,FALSE,1
AGGIN,0.016,21,1,FALSE,1
NAGGI,0.0157,22,2,FALSE,1
NIGAG,0.0157,23,3,FALSE,1
ANIGG,0.0153,24,2,FALSE,1
GGANI,0.0145,25,3,FALSE,1
INGAG,0.0145,26,2,FALSE,1
NAIGG,0.0141,27,2,FALSE,1
ANGIG,0.0141,28,1,FALSE,1
INAGG,0.0134,29,2,FALSE,1
GIGNA,0.0133,30,2,FALSE,1
ANGGI,0.013,31,2,FALSE,1
IGGAN,0.0126,32,3,FALSE,1
NGAIG,0.0126,33,2,FALSE,1
AIGGN,0.0123,34,2,FALSE,1
NIGGA,0.0122,35,3,FALSE,1
IAGGN,0.0118,36,2,FALSE,1
GGIAN,0.0114,37,2,FALSE,1
INGGA,0.011,38,2,FALSE,1
GNIAG,0.0106,39,2,FALSE,1
AGNGI,0.0102,40,1,FALSE,1
GNGIA,0.0098,41,2,FALSE,1
AGIGN,0.0094,42,1,FALSE,1
GNAGI,0.0091,43,2,FALSE,1
GNIGA,0.009,44,2,FALSE,1
GNGAI,0.009,45,2,FALSE,1
AGNIG,0.009,46,1,FALSE,1
GIAGN,0.0075,47,2,FALSE,1
GGNIA,0.0067,48,3,FALSE,1
IGNAG,0.0063,49,2,FALSE,1
NGGIA,0.0063,50,3,FALSE,1
NIAGG,0.0063,51,2,FALSE,1
IGNGA,0.0059,52,2,FALSE,1
NGIAG,0.0055,53,2,FALSE,1
NGGAI,0.0055,54,3,FALSE,1
IGAGN,0.0052,55,2,FALSE,1
AGGNI,0.0051,56,2,FALSE,1
GGNAI,0.0051,57,3,FALSE,1
IGGNA,0.0043,58,3,FALSE,1
NGAGI,0.004,59,2,FALSE,1
NGIGA,0.0039,60,2,FALSE,1
