order,sbf,rank,moves,is_word,is_unique
AHAED,0.0827,1,1,FALSE,2
HAAED,0.076,2,2,FALSE,2
AAHED,0.0698,3,1,TRUE,2
AHEAD,0.0346,4,0,TRUE,2
AHADE,0.0306,5,1,FALSE,2
HAEAD,0.0302,6,1,FALSE,2
HADEA,0.0282,7,2,FALSE,2
HEAAD,0.0279,8,1,FALSE,2
DHEAA,0.0275,9,2,FALSE,2
HEADA,0.0271,10,1,FALSE,2
DEAHA,0.0259,11,2,FALSE,2
DEAAH,0.0259,12,3,FALSE,2
HAADE,0.0239,13,2,FALSE,2
ADEAH,0.0216,14,2,FALSE,2
DAEAH,0.0212,15,2,FALSE,2
AEADH,0.0204,16,1,FALSE,2
HADAE,0.0203,17,2,FALSE,2
AADEH,0.02,18,2,FALSE,2
EHAAD,0.02,19,2,FALSE,2
EHADA,0.0192,20,2,FALSE,2
HDEAA,0.0169,21,2,FALSE,2
EADAH,0.016,22,2,FALSE,2
AEAHD,0.0157,23,1,FALSE,2
AHEDA,0.0146,24,1,FALSE,2
DHAAE,0.0145,25,3,FALSE,2
DHAEA,0.0141,26,2,FALSE,2
AHDEA,0.013,27,1,FALSE,2
HEDAA,0.0129,28,2,FALSE,2
EADHA,0.0125,29,2,FALSE,2
AAHDE,0.0114,30,2,FALSE,2
AADHE,0.0106,31,2,FALSE,2
HAEDA,0.0102,32,2,FALSE,2
EAHAD,0.0102,33,1,FALSE,2
DEHAA,0.0098,34,3,FALSE,2
EAADH,0.0086,35,2,FALSE,2
ADAHE,0.0075,36,2,FALSE,2
AEDAH,0.0074,37,2,FALSE,2
DAAHE,0.0071,38,2,FALSE,2
DAHEA,0.0067,39,1,FALSE,2
AEHAD,0.0063,40,1,FALSE,2
ADHEA,0.0063,41,1,FALSE,2
ADEHA,0.0055,42,2,FALSE,2
DAHAE,0.0055,43,2,FALSE,2
AHDAE,0.0051,44,2,FALSE,2
ADHAE,0.0051,45,2,FALSE,2
ADAEH,0.0051,46,3,FALSE,2
DAEHA,0.0051,47,2,FALSE,2
EAHDA,0.0047,48,2,FALSE,2
DAAEH,0.0047,49,3,FALSE,2
AEDHA,0.0039,50,2,FALSE,2
EAAHD,0.0039,51,2,FALSE,2
EHDAA,0.0035,52,3,FALSE,2
EDAHA,0.0028,53,2,FALSE,2
EDAAH,0.0028,54,3,FALSE,2
AAEDH,0.0016,55,2,FALSE,2
HDAAE,0.0016,56,3,FALSE,2
EDHAA,0.0016,57,3,FALSE,2
HDAEA,0.0012,58,2,FALSE,2
AEHDA,8e-04,59,2,FALSE,2
AAEHD,0,60,2,FALSE,2
