order,sbf,rank,moves,is_word,is_unique
GLAAL,0.0475,1,2,FALSE,1
GALAL,0.0455,2,1,FALSE,1
LAGAL,0.0416,3,1,FALSE,1
ALALG,0.038,4,1,FALSE,1
ALGAL,0.0369,5,0,TRUE,1
GLALA,0.0353,6,2,FALSE,1
AGLAL,0.033,7,1,FALSE,1
ALAGL,0.0318,8,1,FALSE,1
GAALL,0.027,9,2,FALSE,1
GALLA,0.0263,10,2,FALSE,1
AGALL,0.0247,11,1,FALSE,1
LALAG,0.0244,12,2,FALSE,1
LGAAL,0.0228,13,1,FALSE,1
LLAGA,0.022,14,2,FALSE,1
LLAAG,0.0212,15,3,FALSE,1
AAGLL,0.02,16,2,FALSE,1
ALLAG,0.0189,17,2,FALSE,1
LALGA,0.0181,18,1,FALSE,1
LAGLA,0.0177,19,2,FALSE,1
AALLG,0.0169,20,2,FALSE,1
LAALG,0.0153,21,2,FALSE,1
GLLAA,0.0146,22,3,FALSE,1
AGLLA,0.0138,23,2,FALSE,1
ALGLA,0.013,24,1,FALSE,1
ALLGA,0.0126,25,1,FALSE,1
AALGL,0.0106,26,1,FALSE,1
LGALA,0.0106,27,1,FALSE,1
LAAGL,0.0091,28,2,FALSE,1
LGLAA,0.0079,29,2,FALSE,1
LLGAA,0.0063,30,2,FALSE,1
