order,sbf,rank,moves,is_word,is_unique
ALINE,0.0568,1,1,TRUE,9
INEAL,0.0475,2,3,FALSE,9
LAINE,0.0471,3,2,FALSE,9
ILANE,0.0435,4,3,FALSE,9
NIEAL,0.0435,5,3,FALSE,9
ELINA,0.0434,6,2,FALSE,9
AINEL,0.0432,7,2,FALSE,9
LEAIN,0.0431,8,2,FALSE,9
ELAIN,0.0419,9,2,TRUE,9
ALIEN,0.0416,10,0,TRUE,9
EINAL,0.0416,11,3,FALSE,9
IANEL,0.04,12,3,FALSE,9
LEINA,0.0399,13,2,FALSE,9
ANILE,0.0396,14,2,TRUE,9
NAILE,0.0384,15,2,FALSE,9
LEANI,0.0376,16,2,FALSE,9
NEAIL,0.0365,17,3,FALSE,9
ELANI,0.0364,18,3,FALSE,9
LINEA,0.0357,19,2,TRUE,9
LIEAN,0.0349,20,1,FALSE,9
IENAL,0.0345,21,2,FALSE,9
ILEAN,0.0342,22,2,FALSE,9
INALE,0.0341,23,2,FALSE,9
ENIAL,0.0341,24,3,FALSE,9
ANIEL,0.0338,25,2,FALSE,9
NLAIE,0.0337,26,2,FALSE,9
EAINL,0.0333,27,2,FALSE,9
LANEI,0.033,28,3,FALSE,9
LIANE,0.0329,29,2,TRUE,9
NAIEL,0.0326,30,2,FALSE,9
NEIAL,0.0321,31,3,FALSE,9
LAIEN,0.0319,32,1,FALSE,9
AINLE,0.0318,33,2,FALSE,9
ILAEN,0.0318,34,2,FALSE,9
AILEN,0.0306,35,1,FALSE,9
ALEIN,0.0302,36,1,FALSE,9
IALEN,0.0298,37,1,FALSE,9
EANIL,0.0294,38,3,FALSE,9
LINAE,0.0294,39,2,FALSE,9
LANIE,0.029,40,2,TRUE,9
IANLE,0.0286,41,2,FALSE,9
ENAIL,0.0283,42,3,FALSE,9
IEANL,0.0282,43,2,FALSE,9
ELIAN,0.0278,44,2,FALSE,9
AEINL,0.0274,45,2,FALSE,9
NIALE,0.027,46,2,FALSE,9
NEALI,0.027,47,2,FALSE,9
NLEAI,0.0267,48,3,FALSE,9
INAEL,0.0263,49,3,FALSE,9
ALENI,0.0263,50,1,FALSE,9
EALIN,0.0258,51,1,FALSE,9
LENIA,0.0247,52,2,FALSE,9
LEIAN,0.0243,53,2,FALSE,9
IEALN,0.0235,54,2,FALSE,9
NALEI,0.0235,55,2,FALSE,9
LENAI,0.0231,56,2,FALSE,9
EAILN,0.0231,57,2,FALSE,9
ENILA,0.0231,58,3,FALSE,9
EILAN,0.0224,59,3,FALSE,9
NALIE,0.0223,60,1,FALSE,9
ALNEI,0.022,61,2,FALSE,9
ANEIL,0.0213,62,3,FALSE,9
LIAEN,0.0212,63,1,FALSE,9
NILEA,0.0211,64,3,FALSE,9
NEILA,0.0211,65,4,TRUE,9
NLIEA,0.0208,66,2,FALSE,9
AILNE,0.0208,67,2,FALSE,9
LNEAI,0.0208,68,3,FALSE,9
LIENA,0.0207,69,1,FALSE,9
AENIL,0.0204,70,2,FALSE,9
IELAN,0.0201,71,2,FALSE,9
IALNE,0.02,72,2,FALSE,9
NLAEI,0.02,73,3,FALSE,9
ILENA,0.02,74,2,FALSE,9
LNAIE,0.0196,75,2,FALSE,9
AELIN,0.0192,76,1,FALSE,9
NIAEL,0.0192,77,3,FALSE,9
ENALI,0.0188,78,2,FALSE,9
NILAE,0.0188,79,3,FALSE,9
EANLI,0.0184,80,2,FALSE,9
ANLEI,0.0181,81,2,FALSE,9
ALNIE,0.018,82,1,FALSE,9
NLIAE,0.018,83,2,FALSE,9
ANELI,0.0177,84,2,FALSE,9
AEILN,0.0172,85,2,FALSE,9
ANLIE,0.0169,86,1,FALSE,9
INLEA,0.0169,87,3,FALSE,9
NELIA,0.0169,88,3,TRUE,9
LAEIN,0.0169,89,2,FALSE,9
EINLA,0.0169,90,3,FALSE,9
NELAI,0.0165,91,3,FALSE,9
INELA,0.0165,92,3,FALSE,9
EIANL,0.0149,93,3,FALSE,9
INLAE,0.0146,94,3,FALSE,9
NLEIA,0.0146,95,3,FALSE,9
NAEIL,0.0138,96,3,FALSE,9
EALNI,0.0137,97,2,FALSE,9
LAENI,0.013,98,2,FALSE,9
ILNEA,0.013,99,3,FALSE,9
ENLIA,0.013,100,3,FALSE,9
ENLAI,0.0126,101,3,FALSE,9
NIELA,0.0125,102,3,FALSE,9
EILNA,0.0125,103,3,FALSE,9
LNIEA,0.0122,104,2,FALSE,9
AIENL,0.011,105,1,FALSE,9
AIELN,0.0106,106,1,FALSE,9
ELNIA,0.0106,107,3,FALSE,9
IELNA,0.0102,108,2,FALSE,9
EIALN,0.0102,109,2,FALSE,9
NAELI,0.0102,110,2,FALSE,9
IENLA,0.0098,111,2,FALSE,9
LNIAE,0.0094,112,2,FALSE,9
AENLI,0.0094,113,2,FALSE,9
ELNAI,0.009,114,3,FALSE,9
LNEIA,0.0087,115,3,FALSE,9
AELNI,0.0071,116,2,FALSE,9
ILNAE,0.0067,117,3,FALSE,9
LNAEI,0.0059,118,3,FALSE,9
IAENL,0.0055,119,2,FALSE,9
IAELN,0.0051,120,2,FALSE,9
