order,sbf,rank,moves,is_word,is_unique
ALING,0.0595,1,1,FALSE,6
LAING,0.0498,2,2,FALSE,6
ILANG,0.0462,3,3,FALSE,6
GLINA,0.0462,4,2,FALSE,6
GLAIN,0.0447,5,2,FALSE,6
GINAL,0.0439,6,3,FALSE,6
GLANI,0.0392,7,3,FALSE,6
GAINL,0.038,8,2,FALSE,6
NIGAL,0.0357,9,3,FALSE,6
LIANG,0.0356,10,2,TRUE,6
INGAL,0.0345,11,3,FALSE,6
GANIL,0.0341,12,3,FALSE,6
GLIAN,0.0306,13,2,FALSE,6
NLAIG,0.0306,14,2,FALSE,6
GNIAL,0.0306,15,3,FALSE,6
GALIN,0.0305,16,1,FALSE,6
LINAG,0.0294,17,2,FALSE,6
LINGA,0.029,18,2,TRUE,6
AGINL,0.0282,19,2,FALSE,6
ALIGN,0.0278,20,0,TRUE,6
GAILN,0.0278,21,2,FALSE,6
LANGI,0.0271,22,3,FALSE,6
LIGAN,0.0271,23,1,TRUE,6
LGINA,0.027,24,2,FALSE,6
LAGIN,0.027,25,2,FALSE,6
IGNAL,0.0263,26,2,FALSE,6
LANIG,0.0259,27,2,FALSE,6
NGIAL,0.0255,28,3,FALSE,6
ANILG,0.0251,29,2,FALSE,6
GNAIL,0.0248,30,3,FALSE,6
GILAN,0.0247,31,3,FALSE,6
NAILG,0.0239,32,2,FALSE,6
NAGIL,0.0239,33,3,FALSE,6
ILAGN,0.0236,34,2,FALSE,6
AILNG,0.0235,35,2,FALSE,6
GANLI,0.0231,36,2,FALSE,6
IALNG,0.0227,37,2,FALSE,6
AINGL,0.0224,38,2,FALSE,6
ALGIN,0.0223,39,1,TRUE,6
NLAGI,0.022,40,3,FALSE,6
ANGIL,0.0212,41,3,TRUE,6
LGAIN,0.02,42,2,FALSE,6
NGAIL,0.0197,43,3,FALSE,6
INALG,0.0196,44,2,FALSE,6
GNILA,0.0196,45,3,FALSE,6
IANGL,0.0192,46,3,FALSE,6
GINLA,0.0192,47,3,FALSE,6
NALIG,0.0192,48,1,FALSE,6
LIGNA,0.0188,49,1,FALSE,6
NILAG,0.0188,50,3,FALSE,6
GALNI,0.0184,51,2,FALSE,6
LAIGN,0.0181,52,1,FALSE,6
AGLIN,0.018,53,1,FALSE,6
AGILN,0.018,54,2,FALSE,6
NLIAG,0.018,55,2,FALSE,6
AINLG,0.0173,56,2,FALSE,6
GIANL,0.0172,57,3,FALSE,6
LNAIG,0.0165,58,2,FALSE,6
NLIGA,0.0164,59,2,FALSE,6
ALNGI,0.0161,60,2,FALSE,6
AGNIL,0.0161,61,2,FALSE,6
LAGNI,0.0161,62,2,FALSE,6
NALGI,0.0157,63,2,FALSE,6
ANIGL,0.0153,64,2,FALSE,6
GNALI,0.0153,65,2,FALSE,6
IGLAN,0.015,66,2,FALSE,6
ALNIG,0.0149,67,1,FALSE,6
IGANL,0.0149,68,2,FALSE,6
GILNA,0.0148,69,3,FALSE,6
INLAG,0.0146,70,3,FALSE,6
LGANI,0.0145,71,2,FALSE,6
NAGLI,0.0145,72,2,FALSE,6
NGILA,0.0145,73,4,FALSE,6
NAIGL,0.0141,74,2,FALSE,6
IANLG,0.0141,75,2,FALSE,6
ANLIG,0.0138,76,1,FALSE,6
ILGAN,0.0134,77,2,FALSE,6
INAGL,0.0134,78,3,FALSE,6
GLNIA,0.0134,79,3,FALSE,6
LIAGN,0.013,80,1,FALSE,6
AILGN,0.0126,81,1,FALSE,6
GIALN,0.0125,82,2,FALSE,6
NIALG,0.0125,83,2,FALSE,6
NILGA,0.0125,84,3,FALSE,6
GLNAI,0.0118,85,3,FALSE,6
ANGLI,0.0118,86,2,FALSE,6
IALGN,0.0118,87,1,FALSE,6
NIGLA,0.0118,88,3,FALSE,6
ALGNI,0.0114,89,1,FALSE,6
LGIAN,0.0114,90,2,FALSE,6
INGLA,0.0106,91,3,FALSE,6
ANLGI,0.0103,92,2,FALSE,6
IGALN,0.0102,93,2,FALSE,6
NGALI,0.0102,94,2,FALSE,6
AIGLN,0.0099,95,1,FALSE,6
GNLIA,0.0095,96,3,FALSE,6
LNIAG,0.0094,97,2,FALSE,6
IAGLN,0.0094,98,2,FALSE,6
AIGNL,0.0091,99,1,FALSE,6
GNLAI,0.0091,100,3,FALSE,6
LNGIA,0.0086,101,3,FALSE,6
IAGNL,0.0086,102,2,FALSE,6
INLGA,0.0083,103,3,FALSE,6
NGLIA,0.0083,104,3,FALSE,6
NGLAI,0.0079,105,3,FALSE,6
LNAGI,0.0079,106,3,FALSE,6
LNIGA,0.0078,107,2,FALSE,6
LNGAI,0.0078,108,3,FALSE,6
ILNAG,0.0067,109,3,FALSE,6
LGNIA,0.0067,110,2,FALSE,6
NLGIA,0.0067,111,3,FALSE,6
ILNGA,0.0063,112,3,FALSE,6
NIAGL,0.0063,113,3,FALSE,6
NLGAI,0.0059,114,3,FALSE,6
AGLNI,0.0059,115,2,FALSE,6
AGNLI,0.0051,116,2,FALSE,6
LGNAI,0.0051,117,2,FALSE,6
ILGNA,0.0051,118,2,FALSE,6
IGLNA,0.0051,119,2,FALSE,6
IGNLA,0.0016,120,2,FALSE,6
