order,sbf,rank,moves,is_word,is_unique
KLADY,0.0388,1,3,FALSE,1
DLAKY,0.038,2,2,FALSE,1
KADLY,0.033,3,2,FALSE,1
DALKY,0.0306,4,1,FALSE,1
LADKY,0.0298,5,2,FALSE,1
DAKLY,0.0298,6,2,FALSE,1
KDALY,0.029,7,2,FALSE,1
DKALY,0.0282,8,2,FALSE,1
KALDY,0.0263,9,2,FALSE,1
ALDKY,0.0255,10,1,FALSE,1
ADKLY,0.0251,11,2,FALSE,1
LAKDY,0.0251,12,2,FALSE,1
KYDAL,0.0247,13,2,FALSE,1
YLADK,0.0247,14,3,FALSE,1
ALKDY,0.0243,15,1,FALSE,1
YLAKD,0.0243,16,2,FALSE,1
YKDAL,0.0243,17,3,FALSE,1
AKDLY,0.0228,18,2,FALSE,1
KDYAL,0.0228,19,3,FALSE,1
DYKAL,0.0228,20,3,FALSE,1
DKYAL,0.0224,21,3,FALSE,1
ADLKY,0.0212,22,1,FALSE,1
KLAYD,0.0212,23,2,FALSE,1
YDKAL,0.0208,24,3,FALSE,1
DLAYK,0.02,25,3,FALSE,1
LDAKY,0.0188,26,2,FALSE,1
LKADY,0.018,27,2,FALSE,1
LADYK,0.0157,28,3,FALSE,1
DALYK,0.0149,29,2,FALSE,1
AKLDY,0.0145,30,2,FALSE,1
DYLAK,0.0138,31,3,FALSE,1
KYLAD,0.0134,32,2,FALSE,1
KDLAY,0.0134,33,3,FALSE,1
LAKYD,0.013,34,1,FALSE,1
DAYLK,0.0129,35,2,FALSE,1
KAYLD,0.0129,36,2,FALSE,1
YADLK,0.0126,37,2,FALSE,1
YKLAD,0.0126,38,3,FALSE,1
YDLAK,0.0126,39,3,FALSE,1
DKLAY,0.0126,40,3,FALSE,1
KALYD,0.0126,41,1,FALSE,1
YALKD,0.0126,42,1,FALSE,1
ALKYD,0.0122,43,0,TRUE,1
KADYL,0.0122,44,3,FALSE,1
KYALD,0.0121,45,2,FALSE,1
YKALD,0.0121,46,2,FALSE,1
DAKYL,0.0118,47,2,FALSE,1
KLDAY,0.0118,48,3,FALSE,1
ALYKD,0.0114,49,1,FALSE,1
ALYDK,0.0114,50,1,FALSE,1
ALDYK,0.0114,51,2,FALSE,1
YALDK,0.0114,52,2,FALSE,1
LAYKD,0.011,53,2,FALSE,1
LAYDK,0.011,54,2,FALSE,1
LYDAK,0.011,55,2,FALSE,1
DYALK,0.0106,56,2,FALSE,1
YLDAK,0.0102,57,3,FALSE,1
YDALK,0.0102,58,2,FALSE,1
KLYAD,0.0099,59,2,FALSE,1
LKDAY,0.0098,60,2,FALSE,1
ADYLK,0.0094,61,2,FALSE,1
YAKLD,0.0094,62,2,FALSE,1
YADKL,0.009,63,3,FALSE,1
LYKAD,0.0087,64,2,FALSE,1
DLYAK,0.0083,65,3,FALSE,1
DAYKL,0.0082,66,3,FALSE,1
LKYAD,0.0079,67,1,FALSE,1
LDYAK,0.0075,68,3,FALSE,1
AKYLD,0.0074,69,1,FALSE,1
ADKYL,0.0071,70,2,FALSE,1
YLKAD,0.0071,71,2,FALSE,1
DLKAY,0.0071,72,2,FALSE,1
LYADK,0.0063,73,2,FALSE,1
LDKAY,0.0063,74,2,FALSE,1
LYAKD,0.0059,75,2,FALSE,1
DYLKA,0.0056,76,3,FALSE,1
ADLYK,0.0055,77,2,FALSE,1
AYKLD,0.0055,78,2,FALSE,1
KAYDL,0.0055,79,2,FALSE,1
DYAKL,0.0055,80,3,FALSE,1
YDAKL,0.0051,81,3,FALSE,1
ADYKL,0.0047,82,3,FALSE,1
KYADL,0.0047,83,2,FALSE,1
YAKDL,0.0047,84,2,FALSE,1
YKADL,0.0047,85,3,FALSE,1
AYDLK,0.0044,86,2,FALSE,1
YDLKA,0.0044,87,3,FALSE,1
KDYLA,0.0043,88,3,FALSE,1
DKYLA,0.0039,89,3,FALSE,1
LYDKA,0.0036,90,2,FALSE,1
KYDLA,0.0036,91,2,FALSE,1
LYKDA,0.0032,92,2,FALSE,1
DYKLA,0.0032,93,4,FALSE,1
AYLKD,0.0032,94,1,FALSE,1
YKDLA,0.0032,95,3,FALSE,1
KLYDA,0.0028,96,2,FALSE,1
KYLDA,0.0028,97,2,FALSE,1
KDAYL,0.0028,98,3,FALSE,1
YLDKA,0.0028,99,3,FALSE,1
DLYKA,0.0024,100,3,FALSE,1
AKDYL,0.002,101,2,FALSE,1
AYLDK,0.002,102,2,FALSE,1
KLDYA,0.002,103,3,FALSE,1
YKLDA,0.002,104,3,FALSE,1
DKAYL,0.002,105,3,FALSE,1
YLKDA,0.0016,106,2,FALSE,1
DLKYA,0.0016,107,2,FALSE,1
LDYKA,0.0016,108,3,FALSE,1
KDLYA,0.0012,109,3,FALSE,1
YDKLA,0.0012,110,3,FALSE,1
AKLYD,8e-04,111,1,FALSE,1
AYKDL,8e-04,112,2,FALSE,1
AYDKL,8e-04,113,2,FALSE,1
LKYDA,8e-04,114,1,FALSE,1
LDAYK,8e-04,115,3,FALSE,1
LDKYA,8e-04,116,2,FALSE,1
LKAYD,4e-04,117,1,FALSE,1
DKLYA,4e-04,118,3,FALSE,1
AKYDL,0,119,1,FALSE,1
LKDYA,0,120,2,FALSE,1
