order,sbf,rank,moves,is_word,is_unique
DOUAL,0.0448,1,3,FALSE,1
ALOUD,0.0346,2,0,TRUE,1
LOUAD,0.0338,3,1,FALSE,1
OUDAL,0.0294,4,2,FALSE,1
ALODU,0.029,5,1,FALSE,1
UODAL,0.0286,6,3,FALSE,1
LOUDA,0.0283,7,1,FALSE,1
DUOAL,0.0278,8,3,FALSE,1
ALUDO,0.0275,9,1,FALSE,1
DOULA,0.0271,10,3,FALSE,1
ALUOD,0.0266,11,1,FALSE,1
OLADU,0.0263,12,3,FALSE,1
ULADO,0.0263,13,3,FALSE,1
UDOAL,0.0259,14,3,FALSE,1
ULOAD,0.0255,15,2,FALSE,1
AOULD,0.0251,16,1,FALSE,1
ODUAL,0.0244,17,3,FALSE,1
OLUAD,0.024,18,2,FALSE,1
OLAUD,0.0236,19,2,FALSE,1
ULAOD,0.0235,20,2,FALSE,1
DLOUA,0.0228,21,2,FALSE,1
DLAOU,0.0208,22,2,FALSE,1
DALOU,0.0208,23,1,FALSE,1
DLAUO,0.0204,24,3,FALSE,1
LOADU,0.0204,25,2,FALSE,1
UOLAD,0.0201,26,3,FALSE,1
ULODA,0.02,27,2,FALSE,1
DOALU,0.02,28,2,FALSE,1
LAUDO,0.0197,29,2,FALSE,1
OULAD,0.0197,30,2,FALSE,1
DOLAU,0.0197,31,3,FALSE,1
LAUOD,0.0188,32,2,FALSE,1
DLOAU,0.0188,33,2,FALSE,1
OAULD,0.0188,34,2,FALSE,1
DAULO,0.0188,35,2,FALSE,1
AOUDL,0.0185,36,1,FALSE,1
OLUDA,0.0185,37,2,FALSE,1
UALOD,0.0184,38,1,FALSE,1
UOALD,0.0184,39,2,FALSE,1
LADOU,0.0181,40,2,FALSE,1
LOAUD,0.0177,41,1,FALSE,1
LODAU,0.0172,42,2,FALSE,1
AULOD,0.0169,43,1,FALSE,1
OUALD,0.0168,44,2,FALSE,1
LAOUD,0.0166,45,1,FALSE,1
LADUO,0.0161,46,3,FALSE,1
DLUAO,0.0161,47,3,FALSE,1
LUOAD,0.0153,48,2,FALSE,1
DAUOL,0.0153,49,3,FALSE,1
DULAO,0.0149,50,3,FALSE,1
DALUO,0.0149,51,2,FALSE,1
DULOA,0.0149,52,3,FALSE,1
DUALO,0.0148,53,2,FALSE,1
ADOUL,0.0146,54,2,FALSE,1
DOAUL,0.0142,55,3,FALSE,1
LUADO,0.0141,56,2,FALSE,1
LODUA,0.0141,57,2,FALSE,1
DLUOA,0.0141,58,3,FALSE,1
ALDOU,0.0138,59,1,FALSE,1
DAOUL,0.0138,60,2,FALSE,1
DOLUA,0.0138,61,3,FALSE,1
OALUD,0.013,62,1,FALSE,1
UADOL,0.0122,63,3,FALSE,1
OALDU,0.0122,64,2,FALSE,1
OAUDL,0.0122,65,2,FALSE,1
UALDO,0.0122,66,2,FALSE,1
LUDAO,0.0121,67,2,FALSE,1
ALDUO,0.0118,68,2,FALSE,1
AUOLD,0.0118,69,2,FALSE,1
OADLU,0.0118,70,2,FALSE,1
OADUL,0.0114,71,3,FALSE,1
UADLO,0.0114,72,2,FALSE,1
ADLOU,0.0114,73,1,FALSE,1
LUAOD,0.0113,74,2,FALSE,1
LAODU,0.011,75,2,FALSE,1
LUDOA,0.011,76,2,FALSE,1
UOADL,0.011,77,3,FALSE,1
AULDO,0.0107,78,2,FALSE,1
ADULO,0.0106,79,2,FALSE,1
AUDOL,0.0103,80,2,FALSE,1
AOLUD,0.0099,81,1,FALSE,1
LUODA,0.0098,82,2,FALSE,1
ADOLU,0.0098,83,2,FALSE,1
UDALO,0.0098,84,2,FALSE,1
AUDLO,0.0095,85,2,FALSE,1
UOLDA,0.0095,86,3,FALSE,1
OUADL,0.0094,87,2,FALSE,1
OULDA,0.0091,88,2,FALSE,1
AOLDU,0.0091,89,2,FALSE,1
DAOLU,0.009,90,2,FALSE,1
ODALU,0.009,91,2,FALSE,1
LDOUA,0.0087,92,2,FALSE,1
UAOLD,0.0086,93,2,FALSE,1
DUAOL,0.0086,94,3,FALSE,1
DUOLA,0.0086,95,4,FALSE,1
OUDLA,0.0083,96,2,FALSE,1
UDLOA,0.0075,97,3,FALSE,1
ODLAU,0.0075,98,3,FALSE,1
UODLA,0.0075,99,3,FALSE,1
UDLAO,0.0075,100,3,FALSE,1
AODLU,0.0071,101,2,FALSE,1
ADUOL,0.0071,102,3,FALSE,1
ODULA,0.0067,103,3,FALSE,1
AODUL,0.0067,104,2,FALSE,1
UDOLA,0.0067,105,3,FALSE,1
AUODL,0.0067,106,2,FALSE,1
OLDAU,0.0063,107,3,FALSE,1
ADLUO,0.0055,108,2,FALSE,1
ULDAO,0.0051,109,3,FALSE,1
LDOAU,0.0047,110,2,FALSE,1
ULDOA,0.004,111,3,FALSE,1
UDAOL,0.0036,112,3,FALSE,1
UAODL,0.0035,113,2,FALSE,1
OLDUA,0.0032,114,3,FALSE,1
ODAUL,0.0032,115,3,FALSE,1
LDUAO,0.0032,116,3,FALSE,1
LDAOU,0.0016,117,2,FALSE,1
ODLUA,0.0016,118,3,FALSE,1
LDAUO,0.0012,119,3,FALSE,1
LDUOA,0.0012,120,3,FALSE,1
