order,sbf,rank,moves,is_word,is_unique
ALUER,0.0948,1,1,FALSE,3
ULAER,0.0886,2,3,FALSE,3
LAUER,0.087,3,2,FALSE,3
UALER,0.087,4,2,FALSE,3
AULER,0.0855,5,2,FALSE,3
LUAER,0.0764,6,2,FALSE,3
UREAL,0.053,7,2,TRUE,3
URALE,0.051,8,2,FALSE,3
ULARE,0.0502,9,2,FALSE,3
URAEL,0.0432,10,2,FALSE,3
LEARU,0.0431,11,3,FALSE,3
AUREL,0.0428,12,1,TRUE,3
UAREL,0.0427,13,2,FALSE,3
RUEAL,0.0424,14,3,FALSE,3
ELARU,0.0419,15,3,FALSE,3
ALURE,0.0416,16,0,FALSE,3
EURAL,0.0397,17,3,FALSE,3
RAULE,0.0384,18,2,FALSE,3
LUARE,0.038,19,1,FALSE,3
ERALU,0.0377,20,2,FALSE,3
UEARL,0.0376,21,3,FALSE,3
UERAL,0.0369,22,3,FALSE,3
ERUAL,0.0366,23,3,FALSE,3
RAUEL,0.0364,24,2,FALSE,3
LAREU,0.0357,25,2,FALSE,3
ARULE,0.0353,26,2,FALSE,3
REUAL,0.035,27,3,FALSE,3
ULEAR,0.0349,28,3,FALSE,3
REALU,0.0349,29,2,FALSE,3
LRAUE,0.0338,30,2,FALSE,3
LAURE,0.0338,31,1,TRUE,3
ARUEL,0.0333,32,2,FALSE,3
ERAUL,0.0319,33,3,FALSE,3
LARUE,0.0318,34,2,FALSE,3
AURLE,0.0311,35,1,FALSE,3
LUREA,0.031,36,1,FALSE,3
LUEAR,0.031,37,2,FALSE,3
LREAU,0.031,38,2,FALSE,3
UARLE,0.031,39,2,FALSE,3
RALEU,0.0294,40,2,FALSE,3
REAUL,0.0291,41,3,FALSE,3
LEAUR,0.029,42,2,FALSE,3
RUALE,0.0289,43,2,FALSE,3
ELAUR,0.0278,44,2,FALSE,3
ELUAR,0.0278,45,2,FALSE,3
LRAEU,0.0275,46,2,FALSE,3
RALUE,0.0267,47,1,FALSE,3
RLEAU,0.0267,48,3,FALSE,3
ALERU,0.0267,49,2,FALSE,3
RLAUE,0.0263,50,2,FALSE,3
ELURA,0.0262,51,2,FALSE,3
LERAU,0.0255,52,3,FALSE,3
EUARL,0.0254,53,3,FALSE,3
ARELU,0.0251,54,2,FALSE,3
ALEUR,0.0251,55,1,FALSE,3
RELAU,0.0248,56,3,FALSE,3
LURAE,0.0244,57,1,FALSE,3
ALREU,0.0243,58,1,FALSE,3
EARUL,0.0239,59,3,FALSE,3
UEALR,0.0235,60,2,FALSE,3
LERUA,0.0227,61,3,FALSE,3
AREUL,0.0224,62,2,FALSE,3
EAURL,0.0223,63,2,FALSE,3
URELA,0.022,64,2,FALSE,3
UALRE,0.0216,65,1,FALSE,3
UELAR,0.0212,66,3,FALSE,3
RUAEL,0.0211,67,3,FALSE,3
ALRUE,0.0204,68,1,FALSE,3
EARLU,0.0204,69,2,FALSE,3
AULRE,0.0201,70,1,FALSE,3
RLAEU,0.02,71,3,FALSE,3
LEUAR,0.02,72,2,FALSE,3
EULAR,0.02,73,3,FALSE,3
ULERA,0.0196,74,3,FALSE,3
RELUA,0.0189,75,3,FALSE,3
ERULA,0.0189,76,4,FALSE,3
LEURA,0.0184,77,2,FALSE,3
RULEA,0.0184,78,3,FALSE,3
EALUR,0.0176,79,1,FALSE,3
REULA,0.0173,80,3,FALSE,3
EAULR,0.0172,81,2,FALSE,3
RLUAE,0.0169,82,2,FALSE,3
RLUEA,0.0168,83,2,FALSE,3
RULAE,0.0161,84,3,FALSE,3
LUERA,0.0157,85,2,FALSE,3
LREUA,0.0157,86,2,FALSE,3
RAELU,0.0157,87,2,FALSE,3
EURLA,0.015,88,3,FALSE,3
AERUL,0.0149,89,3,FALSE,3
ULREA,0.0149,90,2,FALSE,3
AUERL,0.0146,91,2,FALSE,3
LRUAE,0.0142,92,2,FALSE,3
ARLEU,0.0141,93,2,FALSE,3
LRUEA,0.0141,94,2,FALSE,3
EALRU,0.0137,95,2,FALSE,3
LAERU,0.0134,96,3,FALSE,3
RAEUL,0.013,97,3,FALSE,3
UERLA,0.0122,98,3,FALSE,3
LAEUR,0.0118,99,2,FALSE,3
ARLUE,0.0114,100,1,FALSE,3
RLEUA,0.0114,101,3,FALSE,3
RUELA,0.0114,102,3,FALSE,3
AERLU,0.0114,103,2,FALSE,3
EUALR,0.0113,104,2,FALSE,3
AELUR,0.011,105,1,FALSE,3
ELRAU,0.011,106,3,FALSE,3
URLEA,0.0106,107,2,FALSE,3
AEURL,0.0102,108,2,FALSE,3
AUELR,0.0099,109,2,FALSE,3
UAERL,0.0098,110,3,FALSE,3
UELRA,0.0098,111,3,FALSE,3
ERLAU,0.0087,112,3,FALSE,3
EULRA,0.0086,113,3,FALSE,3
ULRAE,0.0083,114,2,FALSE,3
URLAE,0.0083,115,2,FALSE,3
ELRUA,0.0082,116,3,FALSE,3
AELRU,0.0071,117,2,FALSE,3
AEULR,0.0051,118,2,FALSE,3
UAELR,0.0051,119,2,FALSE,3
ERLUA,0.0028,120,3,FALSE,3
