order,sbf,rank,moves,is_word,is_unique
BLAME,0.0455,1,2,TRUE,5
BLEAM,0.0424,2,2,FALSE,5
MABEL,0.0396,3,2,TRUE,5
BMEAL,0.0393,4,3,FALSE,5
BAMEL,0.0392,5,2,FALSE,5
MBEAL,0.0373,6,2,FALSE,5
MABLE,0.0361,7,1,TRUE,5
BEMAL,0.0353,8,3,FALSE,5
BEALM,0.0345,9,3,FALSE,5
BLAEM,0.0341,10,2,FALSE,5
LEAMB,0.0326,11,2,FALSE,5
MEBAL,0.0322,12,2,FALSE,5
BAMLE,0.0318,13,1,FALSE,5
BALEM,0.0318,14,2,FALSE,5
BEAML,0.0314,15,2,FALSE,5
ELAMB,0.0314,16,2,FALSE,5
MALEB,0.0313,17,2,FALSE,5
MEALB,0.0302,18,3,FALSE,5
BALME,0.0291,19,2,FALSE,5
AMBEL,0.0286,20,1,FALSE,5
ABMEL,0.0286,21,2,FALSE,5
BLEMA,0.0286,22,2,FALSE,5
EMBAL,0.0282,23,2,FALSE,5
MLEAB,0.0275,24,2,FALSE,5
BELAM,0.0256,25,3,FALSE,5
AMBLE,0.0251,26,0,TRUE,5
LEABM,0.0251,27,3,FALSE,5
MALBE,0.025,28,2,FALSE,5
BMALE,0.025,29,2,FALSE,5
ALEMB,0.024,30,2,FALSE,5
MBALE,0.0239,31,1,FALSE,5
ELABM,0.0239,32,3,FALSE,5
EBMAL,0.0228,33,3,FALSE,5
MLABE,0.0227,34,2,FALSE,5
MEABL,0.0224,35,2,FALSE,5
BLMEA,0.0219,36,2,FALSE,5
ABMLE,0.0212,37,1,FALSE,5
ALEBM,0.0212,38,2,FALSE,5
MELAB,0.0209,39,3,FALSE,5
LABEM,0.0209,40,2,FALSE,5
BELMA,0.0208,41,3,FALSE,5
LABME,0.0205,42,2,FALSE,5
MLAEB,0.02,43,2,FALSE,5
LAMEB,0.02,44,2,FALSE,5
LMEAB,0.0193,45,3,FALSE,5
LBEAM,0.0189,46,3,FALSE,5
BAELM,0.0185,47,3,FALSE,5
ALMEB,0.0184,48,2,FALSE,5
ALBEM,0.0177,49,2,FALSE,5
MAELB,0.0176,50,3,FALSE,5
ALBME,0.0173,51,2,FALSE,5
BMAEL,0.0172,52,3,FALSE,5
LAMBE,0.0165,53,1,FALSE,5
LEBAM,0.0165,54,3,FALSE,5
MBAEL,0.0161,55,2,FALSE,5
EALMB,0.0161,56,2,FALSE,5
ABLEM,0.0157,57,1,FALSE,5
LEBMA,0.0156,58,3,FALSE,5
BLMAE,0.0153,59,2,FALSE,5
ALMBE,0.0149,60,1,FALSE,5
BEMLA,0.0149,61,3,FALSE,5
LEMAB,0.0149,62,3,FALSE,5
LEMBA,0.0149,63,3,FALSE,5
EABLM,0.0142,64,2,FALSE,5
AMLEB,0.0141,65,1,FALSE,5
BAEML,0.0138,66,2,FALSE,5
MELBA,0.0138,67,3,TRUE,5
LBAME,0.0138,68,2,FALSE,5
EALBM,0.0137,69,3,FALSE,5
EMALB,0.0132,70,3,FALSE,5
ABLME,0.013,71,1,FALSE,5
MEBLA,0.013,72,2,FALSE,5
MAEBL,0.0129,73,2,FALSE,5
AMELB,0.0126,74,2,FALSE,5
ABELM,0.0126,75,2,FALSE,5
EBALM,0.0114,76,3,FALSE,5
MLEBA,0.011,77,2,FALSE,5
LAEMB,0.0107,78,2,FALSE,5
EABML,0.0106,79,2,FALSE,5
EAMBL,0.0102,80,1,FALSE,5
EMLAB,0.0098,81,3,FALSE,5
AELMB,0.0095,82,2,FALSE,5
EBLAM,0.0095,83,3,FALSE,5
MBLEA,0.0094,84,1,FALSE,5
BMLEA,0.0094,85,2,FALSE,5
LMBEA,0.0094,86,2,FALSE,5
EAMLB,0.009,87,2,FALSE,5
EMBLA,0.009,88,2,FALSE,5
ELBAM,0.0087,89,3,FALSE,5
LBMEA,0.0086,90,3,FALSE,5
BMELA,0.0083,91,3,FALSE,5
EBAML,0.0083,92,2,FALSE,5
ABEML,0.0079,93,2,FALSE,5
AMEBL,0.0079,94,1,FALSE,5
LAEBM,0.0079,95,3,FALSE,5
AMLBE,0.0078,96,1,FALSE,5
ELBMA,0.0078,97,4,FALSE,5
AELBM,0.0071,98,3,FALSE,5
MBLAE,0.0071,99,1,FALSE,5
MLBEA,0.0071,100,2,FALSE,5
BMLAE,0.0071,101,2,FALSE,5
AEBLM,0.0067,102,2,FALSE,5
MBELA,0.0063,103,2,FALSE,5
ELMAB,0.0059,104,3,FALSE,5
ELMBA,0.0059,105,3,FALSE,5
LMBAE,0.0055,106,2,FALSE,5
AEMBL,0.0055,107,1,FALSE,5
LMABE,0.0054,108,2,FALSE,5
EMABL,0.0054,109,2,FALSE,5
LBEMA,0.0051,110,3,FALSE,5
EBLMA,0.0047,111,3,FALSE,5
AEMLB,0.0043,112,2,FALSE,5
MLBAE,0.0032,113,2,FALSE,5
AEBML,0.0031,114,2,FALSE,5
LMEBA,0.0028,115,3,FALSE,5
LMAEB,0.0027,116,3,FALSE,5
EMLBA,0.0027,117,3,FALSE,5
LBAEM,0.0024,118,3,FALSE,5
EBMLA,0.0024,119,3,FALSE,5
LBMAE,0.002,120,3,FALSE,5
