order,sbf,rank,moves,is_word,is_unique
MANED,0.1062,1,2,TRUE,5
NAMED,0.0854,2,1,TRUE,5
AMNED,0.0851,3,1,FALSE,5
ANMED,0.0843,4,1,FALSE,5
MNAED,0.0741,5,2,FALSE,5
NMAED,0.0709,6,2,FALSE,5
MEAND,0.0439,7,1,FALSE,5
MADEN,0.0435,8,2,FALSE,5
MANDE,0.04,9,2,FALSE,5
DEANM,0.038,10,3,FALSE,5
DEAMN,0.0314,11,2,FALSE,5
DANEM,0.031,12,3,FALSE,5
MADNE,0.0309,13,3,FALSE,5
DAMEN,0.0282,14,1,FALSE,5
AMDEN,0.0279,15,1,FALSE,5
MEADN,0.0271,16,2,FALSE,5
MNEAD,0.0271,17,2,FALSE,5
MAEND,0.027,18,1,FALSE,5
EMAND,0.0269,19,2,FALSE,5
MENAD,0.0267,20,1,TRUE,5
DENAM,0.0259,21,3,FALSE,5
NADEM,0.0255,22,3,FALSE,5
DMANE,0.0254,23,3,FALSE,5
DMEAN,0.0252,24,2,FALSE,5
NMEAD,0.0248,25,2,FALSE,5
DANME,0.0247,26,2,FALSE,5
NEAMD,0.0247,27,2,FALSE,5
ADMEN,0.0243,28,1,TRUE,5
MDEAN,0.0236,29,2,FALSE,5
MDANE,0.0235,30,3,FALSE,5
NEADM,0.0235,31,3,FALSE,5
DNEAM,0.0232,32,3,FALSE,5
ANDEM,0.0225,33,2,FALSE,5
AMEND,0.022,34,0,TRUE,5
MNADE,0.022,35,2,FALSE,5
DENMA,0.0215,36,3,FALSE,5
DEMAN,0.0212,37,3,FALSE,5
MEDAN,0.0204,38,2,FALSE,5
NAMDE,0.0204,39,2,FALSE,5
EANDM,0.02,40,2,FALSE,5
DAMNE,0.0196,41,2,FALSE,5
ANMDE,0.0193,42,2,FALSE,5
NDEAM,0.0193,43,3,FALSE,5
NADME,0.0192,44,2,FALSE,5
AMNDE,0.0189,45,1,FALSE,5
NMADE,0.0188,46,3,FALSE,5
MENDA,0.0185,47,1,FALSE,5
DNAME,0.0181,48,2,FALSE,5
EANMD,0.0176,49,2,FALSE,5
EAMND,0.0176,50,1,FALSE,5
ADNEM,0.0169,51,3,FALSE,5
DEMNA,0.0168,52,3,FALSE,5
ENAMD,0.0165,53,2,FALSE,5
ANDME,0.0162,54,2,FALSE,5
ADMNE,0.0157,55,2,FALSE,5
AMDNE,0.0153,56,2,FALSE,5
ENADM,0.0153,57,2,FALSE,5
EDANM,0.0149,58,3,FALSE,5
MNDEA,0.0146,59,2,FALSE,5
MAEDN,0.0141,60,2,FALSE,5
EMNAD,0.0141,61,2,FALSE,5
NEMAD,0.0141,62,3,FALSE,5
ANEMD,0.0138,63,2,FALSE,5
ANEDM,0.0138,64,2,FALSE,5
DMAEN,0.0137,65,2,FALSE,5
MEDNA,0.0133,66,2,FALSE,5
NDAME,0.013,67,2,FALSE,5
ENDAM,0.013,68,2,FALSE,5
EMDAN,0.0129,69,3,FALSE,5
AEMND,0.0129,70,1,FALSE,5
ENMAD,0.0126,71,2,FALSE,5
NEDAM,0.0125,72,3,FALSE,5
MDNEA,0.0122,73,3,FALSE,5
NMDEA,0.0122,74,3,FALSE,5
DMNEA,0.0122,75,3,FALSE,5
EADMN,0.0121,76,2,FALSE,5
EADNM,0.0121,77,3,FALSE,5
MDAEN,0.0118,78,2,FALSE,5
AENDM,0.011,79,1,FALSE,5
DMENA,0.011,80,2,FALSE,5
ADENM,0.0106,81,2,FALSE,5
ADNME,0.0106,82,2,FALSE,5
EDMAN,0.0103,83,3,FALSE,5
ENDMA,0.0102,84,2,FALSE,5
DAENM,0.0102,85,2,FALSE,5
EMADN,0.0101,86,3,FALSE,5
NEDMA,0.0097,87,3,FALSE,5
MDENA,0.0094,88,2,FALSE,5
NDMEA,0.0094,89,3,FALSE,5
DNEMA,0.0094,90,4,FALSE,5
AMEDN,0.0091,91,1,FALSE,5
EDNAM,0.0091,92,3,FALSE,5
DNMEA,0.009,93,3,FALSE,5
AENMD,0.0086,94,1,FALSE,5
EDAMN,0.0083,95,2,FALSE,5
EAMDN,0.0082,96,2,FALSE,5
NEMDA,0.0074,97,3,FALSE,5
MNEDA,0.0071,98,2,FALSE,5
ADEMN,0.0067,99,2,FALSE,5
MNDAE,0.0067,100,2,FALSE,5
DNAEM,0.0067,101,3,FALSE,5
NAEMD,0.0063,102,2,FALSE,5
NAEDM,0.0063,103,2,FALSE,5
DAEMN,0.0063,104,2,FALSE,5
MDNAE,0.0059,105,3,FALSE,5
EMNDA,0.0059,106,2,FALSE,5
ENMDA,0.0059,107,2,FALSE,5
EDMNA,0.0059,108,3,FALSE,5
DMNAE,0.0059,109,3,FALSE,5
EMDNA,0.0058,110,3,FALSE,5
NDEMA,0.0055,111,3,FALSE,5
NMEDA,0.0048,112,2,FALSE,5
EDNMA,0.0047,113,3,FALSE,5
NMDAE,0.0043,114,3,FALSE,5
AEMDN,0.0035,115,2,FALSE,5
AEDMN,0.0035,116,2,FALSE,5
AEDNM,0.0035,117,2,FALSE,5
NDMAE,0.0028,118,3,FALSE,5
DNMAE,0.0024,119,3,FALSE,5
NDAEM,0.0016,120,3,FALSE,5
