order,sbf,rank,moves,is_word,is_unique
MAPLY,0.0415,1,1,FALSE,2
PLAMY,0.0409,2,2,FALSE,2
PAMLY,0.0388,3,1,FALSE,2
YLAMP,0.0345,4,2,FALSE,2
MPALY,0.0325,5,1,FALSE,2
MLAPY,0.0325,6,2,FALSE,2
PALMY,0.0314,7,2,TRUE,2
MALPY,0.0313,8,2,FALSE,2
PMALY,0.0309,9,2,FALSE,2
AMPLY,0.0302,10,0,TRUE,2
PLAYM,0.0275,11,2,FALSE,2
APMLY,0.0255,12,1,FALSE,2
YMPAL,0.0248,13,2,FALSE,2
MYPAL,0.0244,14,2,FALSE,2
YLAPM,0.0239,15,3,FALSE,2
LAMPY,0.0239,16,1,FALSE,2
PALYM,0.0235,17,2,FALSE,2
PYMAL,0.0232,18,3,FALSE,2
MALYP,0.0231,19,2,FALSE,2
MPYAL,0.0224,20,2,FALSE,2
PMYAL,0.0224,21,3,FALSE,2
ALMPY,0.0223,22,1,FALSE,2
YPMAL,0.022,23,3,FALSE,2
PAYLM,0.0211,24,3,FALSE,2
LAPMY,0.0209,25,2,FALSE,2
ALYMP,0.0208,26,2,FALSE,2
MAPYL,0.0204,27,2,FALSE,2
MLAYP,0.0204,28,2,FALSE,2
LAYMP,0.0204,29,2,FALSE,2
MAYLP,0.0199,30,3,FALSE,2
PAMYL,0.0196,31,2,FALSE,2
YALMP,0.0196,32,2,FALSE,2
ALPMY,0.0177,33,2,FALSE,2
LPAMY,0.0177,34,2,FALSE,2
PAYML,0.0176,35,2,FALSE,2
MAYPL,0.0168,36,2,FALSE,2
LYAMP,0.0161,37,2,FALSE,2
LMAPY,0.0152,38,2,FALSE,2
PLMAY,0.015,39,2,FALSE,2
AMLPY,0.0141,40,1,FALSE,2
APLMY,0.0138,41,1,FALSE,2
MPLAY,0.0138,42,1,FALSE,2
LAPYM,0.0134,43,2,FALSE,2
YPALM,0.0133,44,3,FALSE,2
PLYAM,0.0127,45,2,FALSE,2
PMLAY,0.0126,46,2,FALSE,2
PLYMA,0.0126,47,2,FALSE,2
ALYPM,0.0122,48,2,FALSE,2
LAMYP,0.0122,49,2,FALSE,2
LAYPM,0.0118,50,3,FALSE,2
YMALP,0.0113,51,3,FALSE,2
ALMYP,0.0106,52,2,FALSE,2
YALPM,0.0106,53,3,FALSE,2
LMPAY,0.0103,54,2,FALSE,2
ALPYM,0.0102,55,2,FALSE,2
AYLMP,0.0102,56,2,FALSE,2
YAPLM,0.0102,57,2,FALSE,2
YPAML,0.0102,58,2,FALSE,2
MYLAP,0.0099,59,3,FALSE,2
YPLAM,0.0099,60,3,FALSE,2
PYLAM,0.0095,61,3,FALSE,2
MYALP,0.0094,62,3,FALSE,2
AMPYL,0.0091,63,1,FALSE,2
AMYLP,0.009,64,2,FALSE,2
PYALM,0.009,65,3,FALSE,2
APYLM,0.0086,66,2,FALSE,2
MLPAY,0.0083,67,2,FALSE,2
YMLAP,0.0083,68,3,FALSE,2
YAMPL,0.0082,69,1,FALSE,2
PLMYA,0.0075,70,2,FALSE,2
LPMAY,0.0075,71,3,FALSE,2
LYPAM,0.0068,72,3,FALSE,2
YMAPL,0.0066,73,2,FALSE,2
YAMLP,0.0063,74,2,FALSE,2
APMYL,0.0063,75,2,FALSE,2
MPAYL,0.0063,76,2,FALSE,2
LYMPA,0.0063,77,3,FALSE,2
YAPML,0.0063,78,2,FALSE,2
LYMAP,0.006,79,3,FALSE,2
AMLYP,0.0059,80,1,FALSE,2
AMYPL,0.0059,81,1,FALSE,2
APLYM,0.0059,82,1,FALSE,2
PYAML,0.0059,83,2,FALSE,2
YMPLA,0.0055,84,2,FALSE,2
LYAPM,0.0055,85,3,FALSE,2
LYPMA,0.0055,86,3,FALSE,2
APYML,0.0051,87,2,FALSE,2
MYPLA,0.0051,88,2,FALSE,2
YPLMA,0.0051,89,3,FALSE,2
MLYAP,0.0048,90,2,FALSE,2
AYMPL,0.0047,91,1,FALSE,2
AYPLM,0.0047,92,2,FALSE,2
MYAPL,0.0047,93,2,FALSE,2
PMAYL,0.0047,94,3,FALSE,2
PYLMA,0.0047,95,3,FALSE,2
YLPAM,0.0044,96,3,FALSE,2
LPAYM,0.0043,97,3,FALSE,2
LPYAM,0.004,98,3,FALSE,2
MPYLA,0.0039,99,2,FALSE,2
PMYLA,0.0039,100,3,FALSE,2
LPYMA,0.0039,101,3,FALSE,2
LMYAP,0.0036,102,3,FALSE,2
YLMPA,0.0035,103,3,FALSE,2
YLMAP,0.0032,104,3,FALSE,2
LMAYP,0.0031,105,3,FALSE,2
YLPMA,0.0031,106,4,FALSE,2
AYMLP,0.0028,107,2,FALSE,2
PYMLA,0.0028,108,3,FALSE,2
MLYPA,0.002,109,2,FALSE,2
MYLPA,0.002,110,3,FALSE,2
LMPYA,0.002,111,2,FALSE,2
YPMLA,0.0016,112,3,FALSE,2
MPLYA,0.0016,113,1,FALSE,2
AYLPM,0.0012,114,3,FALSE,2
AYPML,8e-04,115,2,FALSE,2
LMYPA,8e-04,116,3,FALSE,2
PMLYA,4e-04,117,2,FALSE,2
YMLPA,4e-04,118,3,FALSE,2
MLPYA,0,119,2,FALSE,2
LPMYA,0,120,3,FALSE,2
