order,sbf,rank,moves,is_word,is_unique
LEANG,0.0505,1,2,FALSE,4
GLANE,0.0494,2,2,FALSE,4
ELANG,0.0493,3,2,FALSE,4
GANEL,0.0486,4,2,FALSE,4
GNEAL,0.0428,5,3,FALSE,4
GLEAN,0.0401,6,2,TRUE,4
LANGE,0.04,7,1,FALSE,4
ALENG,0.0392,8,2,FALSE,4
GALEN,0.0384,9,2,TRUE,4
GLAEN,0.0377,10,2,FALSE,4
NGEAL,0.0373,11,2,FALSE,4
GANLE,0.0372,12,1,FALSE,4
GENAL,0.0372,13,3,FALSE,4
NAGEL,0.0349,14,2,FALSE,4
NLAGE,0.0349,15,2,FALSE,4
LAGEN,0.0342,16,2,FALSE,4
LANEG,0.0334,17,2,FALSE,4
NEGAL,0.0333,18,2,FALSE,4
ENGAL,0.0333,19,2,FALSE,4
ANGEL,0.0322,20,1,TRUE,4
GEANL,0.0309,21,2,FALSE,4
AGNEL,0.0306,22,2,FALSE,4
ALGEN,0.0295,23,2,FALSE,4
GNALE,0.0294,24,2,FALSE,4
ALNGE,0.029,25,1,FALSE,4
NAGLE,0.0286,26,1,FALSE,4
NALGE,0.0286,27,2,FALSE,4
GALNE,0.0286,28,2,FALSE,4
LEAGN,0.0279,29,3,FALSE,4
NLEAG,0.0275,30,2,FALSE,4
EGNAL,0.0267,31,3,FALSE,4
ELAGN,0.0267,32,3,FALSE,4
NEALG,0.0266,33,3,FALSE,4
EALNG,0.0266,34,2,FALSE,4
LAGNE,0.0263,35,2,FALSE,4
GEALN,0.0262,36,3,FALSE,4
ANGLE,0.0259,37,0,TRUE,4
AGLEN,0.0259,38,1,FALSE,4
GLENA,0.0259,39,2,FALSE,4
LAENG,0.0259,40,2,FALSE,4
LEGAN,0.0255,41,3,FALSE,4
LGANE,0.0247,42,2,FALSE,4
NGALE,0.0243,43,1,FALSE,4
NALEG,0.0239,44,2,FALSE,4
LENAG,0.0239,45,3,FALSE,4
LENGA,0.0235,46,3,FALSE,4
LGEAN,0.0232,47,3,FALSE,4
ANLGE,0.0232,48,1,FALSE,4
ALEGN,0.0232,49,2,FALSE,4
EANGL,0.0231,50,1,FALSE,4
GELAN,0.0228,51,3,FALSE,4
ALNEG,0.0224,52,2,FALSE,4
ALGNE,0.0216,53,2,FALSE,4
GNAEL,0.0216,54,3,FALSE,4
LNEAG,0.0216,55,3,FALSE,4
LNAGE,0.0208,56,2,FALSE,4
NLAEG,0.0204,57,2,FALSE,4
NEAGL,0.0204,58,2,FALSE,4
AELNG,0.02,59,2,FALSE,4
AGNLE,0.0192,60,1,FALSE,4
GLNEA,0.0189,61,2,FALSE,4
ANLEG,0.0185,62,1,FALSE,4
ENALG,0.0184,63,3,FALSE,4
EANLG,0.018,64,2,FALSE,4
ANELG,0.0173,65,2,FALSE,4
NELAG,0.0173,66,3,FALSE,4
LEGNA,0.0172,67,3,FALSE,4
NGAEL,0.0165,68,2,FALSE,4
ELGAN,0.0165,69,3,FALSE,4
AGLNE,0.0161,70,1,FALSE,4
EALGN,0.0157,71,3,FALSE,4
EGLAN,0.0154,72,3,FALSE,4
EGANL,0.0153,73,2,FALSE,4
AENGL,0.0141,74,1,FALSE,4
GAENL,0.0141,75,2,FALSE,4
GAELN,0.0137,76,3,FALSE,4
ENLAG,0.0134,77,3,FALSE,4
ANEGL,0.0134,78,1,FALSE,4
EAGLN,0.0133,79,2,FALSE,4
LGAEN,0.013,80,3,FALSE,4
GELNA,0.0129,81,3,FALSE,4
GLNAE,0.0126,82,2,FALSE,4
GENLA,0.0125,83,3,FALSE,4
EAGNL,0.0125,84,2,FALSE,4
ENAGL,0.0122,85,2,FALSE,4
GNLEA,0.0122,86,2,FALSE,4
LGNEA,0.0122,87,3,FALSE,4
NLEGA,0.0118,88,2,FALSE,4
GNELA,0.0118,89,3,FALSE,4
NELGA,0.011,90,3,FALSE,4
NGLEA,0.011,91,1,FALSE,4
LNGEA,0.0106,92,2,FALSE,4
EGALN,0.0106,93,3,FALSE,4
AGENL,0.0102,94,2,FALSE,4
GNLAE,0.0099,95,2,FALSE,4
LAEGN,0.0099,96,3,FALSE,4
ELNAG,0.0098,97,3,FALSE,4
AGELN,0.0098,98,2,FALSE,4
NAELG,0.0098,99,3,FALSE,4
NEGLA,0.0094,100,2,FALSE,4
ENGLA,0.0094,101,2,FALSE,4
ELNGA,0.0094,102,3,FALSE,4
AELGN,0.0091,103,3,FALSE,4
AENLG,0.009,104,2,FALSE,4
LGENA,0.009,105,3,FALSE,4
NGLAE,0.0087,106,1,FALSE,4
NLGEA,0.0087,107,2,FALSE,4
LNGAE,0.0086,108,2,FALSE,4
ELGNA,0.0082,109,4,FALSE,4
ENLGA,0.0071,110,3,FALSE,4
NLGAE,0.0067,111,2,FALSE,4
NGELA,0.0063,112,2,FALSE,4
LNAEG,0.0063,113,3,FALSE,4
LGNAE,0.0059,114,3,FALSE,4
NAEGL,0.0059,115,2,FALSE,4
LNEGA,0.0059,116,3,FALSE,4
AEGLN,0.0055,117,2,FALSE,4
EGLNA,0.0055,118,3,FALSE,4
AEGNL,0.0047,119,2,FALSE,4
EGNLA,0.002,120,3,FALSE,4
