order,sbf,rank,moves,is_word,is_unique
OASER,0.0859,1,2,FALSE,1
SOAER,0.0808,2,3,FALSE,1
SAOER,0.0796,3,2,FALSE,1
AOSER,0.0792,4,1,FALSE,1
ASOER,0.0729,5,2,FALSE,1
OSAER,0.0698,6,2,FALSE,1
ORASE,0.066,7,2,FALSE,1
AROSE,0.0557,8,0,TRUE,1
ROASE,0.0506,9,1,FALSE,1
ERASO,0.0472,10,3,FALSE,1
REASO,0.0444,11,3,FALSE,1
SOARE,0.0424,12,2,FALSE,1
AORSE,0.0416,13,1,FALSE,1
OARSE,0.0416,14,1,FALSE,1
SEARO,0.0416,15,2,FALSE,1
SAREO,0.0388,16,2,FALSE,1
RAOSE,0.0385,17,1,FALSE,1
SEAOR,0.0361,18,3,FALSE,1
SOREA,0.0357,19,3,FALSE,1
OREAS,0.0342,20,3,FALSE,1
OEARS,0.0337,21,2,FALSE,1
EROSA,0.033,22,2,FALSE,1
SAORE,0.0326,23,2,FALSE,1
OEASR,0.0318,24,3,FALSE,1
OSARE,0.0314,25,2,FALSE,1
SREAO,0.031,26,3,FALSE,1
ERAOS,0.0307,27,2,FALSE,1
AROES,0.0306,28,1,FALSE,1
ORAES,0.0303,29,3,FALSE,1
AORES,0.0302,30,2,FALSE,1
OARES,0.0302,31,2,FALSE,1
SAROE,0.0302,32,1,FALSE,1
SOEAR,0.0302,33,3,FALSE,1
EROAS,0.0298,34,2,FALSE,1
SORAE,0.0291,35,3,FALSE,1
EASOR,0.029,36,3,FALSE,1
SRAOE,0.0287,37,2,FALSE,1
SRAEO,0.0287,38,3,FALSE,1
ARESO,0.0283,39,2,FALSE,1
RASEO,0.0283,40,2,FALSE,1
REAOS,0.0279,41,2,FALSE,1
SROAE,0.027,42,2,FALSE,1
ASORE,0.0259,43,2,FALSE,1
SROEA,0.0251,44,2,FALSE,1
ROEAS,0.0251,45,2,FALSE,1
EARSO,0.0251,46,2,FALSE,1
ORESA,0.0244,47,3,FALSE,1
OSEAR,0.0243,48,2,FALSE,1
EAROS,0.0243,49,1,FALSE,1
EOARS,0.0243,50,2,FALSE,1
SAEOR,0.0235,51,3,FALSE,1
EORAS,0.0232,52,3,FALSE,1
RASOE,0.0228,53,2,FALSE,1
OASRE,0.0224,54,2,FALSE,1
SERAO,0.0224,55,3,FALSE,1
EOASR,0.0224,56,3,FALSE,1
SEROA,0.0216,57,3,FALSE,1
SEORA,0.0212,58,3,FALSE,1
EORSA,0.0212,59,3,FALSE,1
ESARO,0.0212,60,2,FALSE,1
AREOS,0.0208,61,1,FALSE,1
REOSA,0.0201,62,2,FALSE,1
RAESO,0.0189,63,3,FALSE,1
ROSEA,0.0188,64,1,FALSE,1
AESOR,0.0184,65,3,FALSE,1
SEOAR,0.0184,66,3,FALSE,1
ASREO,0.018,67,2,FALSE,1
OERAS,0.0173,68,3,FALSE,1
REOAS,0.0169,69,2,FALSE,1
SAERO,0.0169,70,2,FALSE,1
ASEOR,0.0168,71,2,FALSE,1
RESOA,0.0165,72,3,FALSE,1
AERSO,0.0161,73,2,FALSE,1
RSEAO,0.0161,74,2,FALSE,1
AOSRE,0.0157,75,1,FALSE,1
SREOA,0.0157,76,3,FALSE,1
ESAOR,0.0157,77,3,FALSE,1
RESAO,0.0153,78,3,FALSE,1
EAORS,0.0153,79,2,FALSE,1
AEROS,0.0153,80,1,FALSE,1
ROESA,0.0153,81,2,FALSE,1
OERSA,0.0153,82,3,FALSE,1
ROAES,0.0149,83,2,FALSE,1
SOERA,0.0149,84,3,FALSE,1
EASRO,0.0149,85,2,FALSE,1
OSREA,0.0149,86,2,FALSE,1
ESORA,0.0145,87,4,FALSE,1
ARSEO,0.0138,88,1,FALSE,1
RAOES,0.0134,89,2,FALSE,1
ROSAE,0.0133,90,1,FALSE,1
EOSAR,0.0125,91,3,FALSE,1
AEORS,0.0122,92,2,FALSE,1
ESOAR,0.0117,93,3,FALSE,1
OESAR,0.0117,94,3,FALSE,1
EAOSR,0.0114,95,2,FALSE,1
RAEOS,0.0114,96,2,FALSE,1
ASERO,0.0102,97,2,FALSE,1
ORSEA,0.0099,98,2,FALSE,1
ASROE,0.0094,99,1,FALSE,1
OSERA,0.009,100,2,FALSE,1
ARSOE,0.0083,101,1,FALSE,1
AEOSR,0.0083,102,2,FALSE,1
OAESR,0.0083,103,3,FALSE,1
OSRAE,0.0083,104,2,FALSE,1
AOESR,0.0075,105,2,FALSE,1
ESRAO,0.0075,106,3,FALSE,1
OAERS,0.0071,107,2,FALSE,1
ESROA,0.0067,108,3,FALSE,1
AOERS,0.0063,109,2,FALSE,1
EOSRA,0.0062,110,3,FALSE,1
OESRA,0.0054,111,3,FALSE,1
ERSOA,0.0052,112,3,FALSE,1
ORSAE,0.0044,113,2,FALSE,1
AESRO,0.0043,114,2,FALSE,1
RSOAE,0.0043,115,2,FALSE,1
ERSAO,0.004,116,3,FALSE,1
RSOEA,0.0024,117,2,FALSE,1
RSAOE,0.0024,118,2,FALSE,1
RSAEO,0.0024,119,2,FALSE,1
RSEOA,8e-04,120,2,FALSE,1
