order,sbf,rank,moves,is_word,is_unique
IRAST,0.0601,1,2,FALSE,6
TRASI,0.0585,2,2,FALSE,6
ARIST,0.0541,3,2,FALSE,6
TRAIS,0.0538,4,3,FALSE,6
STARI,0.0506,5,2,FALSE,6
TRISA,0.049,6,3,FALSE,6
STAIR,0.0459,7,1,TRUE,6
SRAIT,0.0459,8,3,FALSE,6
TRIAS,0.0431,9,3,FALSE,6
RAIST,0.0428,10,2,FALSE,6
RIAST,0.0397,11,2,FALSE,6
STIAR,0.0391,12,1,FALSE,6
STIRA,0.0383,13,1,FALSE,6
SARIT,0.0368,14,3,FALSE,6
IRATS,0.0362,15,3,FALSE,6
STRIA,0.0353,16,2,TRUE,6
IARST,0.0353,17,2,FALSE,6
SATIR,0.0352,18,1,FALSE,6
SRATI,0.035,19,2,FALSE,6
STRAI,0.0349,20,2,FALSE,6
RATIS,0.0345,21,2,FALSE,6
ARITS,0.0341,22,3,FALSE,6
SIART,0.0341,23,2,FALSE,6
SRIAT,0.0333,24,3,FALSE,6
SAIRT,0.0317,25,2,FALSE,6
SRITA,0.0317,26,3,FALSE,6
RASIT,0.0317,27,2,FALSE,6
TARIS,0.0306,28,3,FALSE,6
AIRST,0.0303,29,2,FALSE,6
TARSI,0.0302,30,2,TRUE,6
RATSI,0.0298,31,2,FALSE,6
SATRI,0.029,32,2,FALSE,6
SARTI,0.0278,33,2,FALSE,6
ISART,0.0278,34,3,FALSE,6
RASTI,0.0278,35,1,FALSE,6
SITAR,0.0274,36,2,TRUE,6
SIRAT,0.0272,37,2,FALSE,6
TAISR,0.0271,38,2,FALSE,6
TIARS,0.0271,39,2,FALSE,6
TASIR,0.0262,40,1,FALSE,6
ITARS,0.0259,41,3,FALSE,6
TIASR,0.0252,42,2,FALSE,6
TAIRS,0.0247,43,2,FALSE,6
ITASR,0.024,44,2,FALSE,6
RTASI,0.0236,45,2,FALSE,6
TIRAS,0.0229,46,2,FALSE,6
RAITS,0.0228,47,3,FALSE,6
RISTA,0.0223,48,3,FALSE,6
SAITR,0.0216,49,2,FALSE,6
TISAR,0.0216,50,2,FALSE,6
TRSIA,0.0212,51,3,FALSE,6
TIRSA,0.0209,52,2,FALSE,6
SIRTA,0.0208,53,2,FALSE,6
RITAS,0.0208,54,3,FALSE,6
SITRA,0.0196,55,2,FALSE,6
TASRI,0.0196,56,2,FALSE,6
IATRS,0.0196,57,2,FALSE,6
RSAIT,0.0196,58,3,FALSE,6
RISAT,0.0193,59,3,FALSE,6
TSARI,0.0192,60,3,FALSE,6
IATSR,0.0192,61,2,FALSE,6
ASIRT,0.0191,62,1,FALSE,6
RTAIS,0.0189,63,3,FALSE,6
IARTS,0.0184,64,3,FALSE,6
ARSIT,0.0172,65,2,FALSE,6
IASTR,0.0172,66,1,FALSE,6
IASRT,0.0172,67,2,FALSE,6
RITSA,0.0169,68,4,FALSE,6
TRSAI,0.0165,69,3,FALSE,6
ASRIT,0.016,70,2,FALSE,6
SIATR,0.0158,71,2,FALSE,6
RIATS,0.0158,72,3,FALSE,6
TISRA,0.0153,73,2,FALSE,6
AISTR,0.0149,74,1,FALSE,6
AISRT,0.0149,75,2,FALSE,6
ATISR,0.0145,76,1,FALSE,6
TSAIR,0.0145,77,2,FALSE,6
ISRAT,0.0142,78,3,FALSE,6
ISTAR,0.0137,79,2,FALSE,6
AIRTS,0.0134,80,2,TRUE,6
RTISA,0.0133,81,3,FALSE,6
ARSTI,0.0133,82,1,FALSE,6
AITRS,0.0122,83,2,FALSE,6
ATIRS,0.0121,84,1,FALSE,6
TSIAR,0.0121,85,2,FALSE,6
IRSTA,0.0121,86,3,FALSE,6
AITSR,0.0118,87,2,FALSE,6
ITRAS,0.0114,88,3,FALSE,6
ASTIR,0.0113,89,0,TRUE,6
TSIRA,0.0113,90,2,FALSE,6
ARTIS,0.011,91,2,FALSE,6
ATRIS,0.0106,92,2,FALSE,6
RSIAT,0.0106,93,3,FALSE,6
ATRSI,0.0102,94,2,FALSE,6
ISATR,0.0095,95,2,FALSE,6
ITRSA,0.0094,96,3,FALSE,6
ITSAR,0.0094,97,3,FALSE,6
IRSAT,0.0091,98,3,FALSE,6
RSITA,0.009,99,3,FALSE,6
ASITR,0.009,100,1,FALSE,6
RSATI,0.0087,101,2,FALSE,6
ATSIR,0.0082,102,1,FALSE,6
RSTIA,0.0079,103,2,FALSE,6
ISRTA,0.0078,104,3,FALSE,6
TSRIA,0.0075,105,3,FALSE,6
RTIAS,0.0074,106,3,FALSE,6
SRTIA,0.0071,107,2,FALSE,6
TSRAI,0.0071,108,3,FALSE,6
ASRTI,0.007,109,1,FALSE,6
IRTAS,0.0067,110,3,FALSE,6
ARTSI,0.0063,111,2,FALSE,6
ISTRA,0.0059,112,2,FALSE,6
RTSIA,0.0059,113,3,FALSE,6
ASTRI,0.0051,114,1,FALSE,6
RSTAI,0.0051,115,2,FALSE,6
SRTAI,0.0043,116,2,FALSE,6
ITSRA,0.0031,117,3,FALSE,6
IRTSA,0.0028,118,3,FALSE,6
ATSRI,0.0016,119,2,FALSE,6
RTSAI,0.0012,120,3,FALSE,6
