order,sbf,rank,moves,is_word,is_unique
GAUER,0.0881,1,1,FALSE,3
UAGER,0.0839,2,1,FALSE,3
AUGER,0.0816,3,0,TRUE,3
GUAER,0.078,4,2,FALSE,3
AGUER,0.0752,5,1,FALSE,3
UGAER,0.0702,6,1,FALSE,3
GRAUE,0.0503,7,2,FALSE,3
GREAU,0.0475,8,3,FALSE,3
GRAEU,0.044,9,3,FALSE,3
URAGE,0.0436,10,2,FALSE,3
GUARE,0.0396,11,3,FALSE,3
GAREU,0.0368,12,3,FALSE,3
GEARU,0.0364,13,2,FALSE,3
RAUGE,0.036,14,1,FALSE,3
GAURE,0.0349,15,2,FALSE,3
UEARG,0.0337,16,2,FALSE,3
UREAG,0.033,17,3,FALSE,3
ARUGE,0.0329,18,1,FALSE,3
GARUE,0.0329,19,2,FALSE,3
GUEAR,0.0326,20,2,FALSE,3
GUREA,0.0326,21,3,FALSE,3
GREUA,0.0322,22,3,FALSE,3
UGARE,0.0318,23,2,FALSE,3
ERAGU,0.0315,24,3,FALSE,3
ERAUG,0.0311,25,2,FALSE,3
AURGE,0.031,26,1,FALSE,3
UARGE,0.0309,27,2,FALSE,3
GRUAE,0.0307,28,3,FALSE,3
GRUEA,0.0306,29,3,FALSE,3
URAEG,0.0291,30,3,FALSE,3
AUREG,0.0287,31,2,FALSE,3
REAGU,0.0287,32,3,FALSE,3
UAREG,0.0286,33,3,FALSE,3
RAGUE,0.0286,34,2,FALSE,3
REAUG,0.0283,35,2,FALSE,3
RAGEU,0.0263,36,2,FALSE,3
GURAE,0.026,37,3,FALSE,3
UGEAR,0.0243,38,1,FALSE,3
EARUG,0.0231,39,2,FALSE,3
RUEAG,0.0224,40,3,FALSE,3
RAUEG,0.0223,41,2,FALSE,3
GEAUR,0.0223,42,2,FALSE,3
AGURE,0.022,43,2,FALSE,3
AREUG,0.0216,44,2,FALSE,3
EARGU,0.0215,45,3,FALSE,3
EUARG,0.0215,46,3,FALSE,3
RUAGE,0.0215,47,2,FALSE,3
AREGU,0.0212,48,3,FALSE,3
EGARU,0.0208,49,3,FALSE,3
REGAU,0.0208,50,3,FALSE,3
UAGRE,0.0204,51,2,FALSE,3
EURAG,0.0197,52,3,FALSE,3
REGUA,0.0196,53,4,FALSE,3
EAGUR,0.0195,54,2,FALSE,3
AGREU,0.0192,55,2,FALSE,3
ARUEG,0.0192,56,2,FALSE,3
GERAU,0.0188,57,2,FALSE,3
EAURG,0.0184,58,2,FALSE,3
AUGRE,0.0181,59,1,FALSE,3
UEAGR,0.0173,60,2,FALSE,3
UREGA,0.0173,61,3,FALSE,3
GUERA,0.0173,62,2,FALSE,3
UEGAR,0.0172,63,2,FALSE,3
ARGUE,0.0169,64,2,TRUE,3
UERAG,0.0169,65,2,FALSE,3
ERUGA,0.0169,66,3,FALSE,3
ERUAG,0.0166,67,3,FALSE,3
RGEAU,0.0165,68,3,FALSE,3
EUGAR,0.0164,69,2,FALSE,3
GERUA,0.016,70,2,FALSE,3
EAUGR,0.016,71,1,FALSE,3
AGRUE,0.0153,72,2,FALSE,3
UGREA,0.0153,73,2,FALSE,3
EURGA,0.0153,74,3,FALSE,3
REUGA,0.0153,75,3,FALSE,3
REUAG,0.015,76,3,FALSE,3
ARGEU,0.0146,77,2,FALSE,3
GAERU,0.0145,78,2,FALSE,3
RUGEA,0.0145,79,2,FALSE,3
AERUG,0.0141,80,2,FALSE,3
GEUAR,0.0133,81,2,FALSE,3
GAEUR,0.0129,82,2,FALSE,3
RUGAE,0.0125,83,2,TRUE,3
AERGU,0.0125,84,2,FALSE,3
UERGA,0.0125,85,2,FALSE,3
EAGRU,0.0125,86,2,FALSE,3
RAEUG,0.0122,87,2,FALSE,3
RAEGU,0.0118,88,3,FALSE,3
GEURA,0.0117,89,2,FALSE,3
AEGUR,0.0117,90,2,FALSE,3
URGEA,0.0111,91,2,FALSE,3
EGUAR,0.011,92,3,FALSE,3
AUERG,0.0107,93,1,FALSE,3
AGERU,0.0106,94,1,FALSE,3
ERGAU,0.0095,95,3,FALSE,3
EGURA,0.0094,96,3,FALSE,3
URGAE,0.0091,97,2,FALSE,3
AGEUR,0.009,98,1,FALSE,3
UGERA,0.009,99,1,FALSE,3
UGRAE,0.0087,100,2,FALSE,3
EGRAU,0.0087,101,3,FALSE,3
RGAUE,0.0083,102,2,FALSE,3
ERGUA,0.0083,103,3,FALSE,3
UEGRA,0.0074,104,2,FALSE,3
RUAEG,0.007,105,3,FALSE,3
EGAUR,0.0067,106,2,FALSE,3
RUEGA,0.0067,107,3,FALSE,3
EUGRA,0.0066,108,2,FALSE,3
AEURG,0.0063,109,2,FALSE,3
AUEGR,0.006,110,1,FALSE,3
UAERG,0.0059,111,2,FALSE,3
EGRUA,0.0059,112,3,FALSE,3
EUAGR,0.0051,113,2,FALSE,3
AEGRU,0.0047,114,2,FALSE,3
AEUGR,0.0039,115,1,FALSE,3
RGUAE,0.0032,116,3,FALSE,3
RGUEA,0.0031,117,3,FALSE,3
RGAEU,0.002,118,3,FALSE,3
RGEUA,0.0012,119,3,FALSE,3
UAEGR,0.0012,120,2,FALSE,3
