order,sbf,rank,moves,is_word,is_unique
VAINA,0.0368,1,2,FALSE,2
AAINV,0.0294,2,2,FALSE,2
AVINA,0.0282,3,1,FALSE,2
VINAA,0.0259,4,2,FALSE,2
VANIA,0.0247,5,2,TRUE,2
ANAIV,0.0236,6,3,FALSE,2
VANAI,0.0231,7,2,FALSE,2
VIANA,0.0231,8,1,FALSE,2
VAAIN,0.0223,9,2,FALSE,2
AINAV,0.022,10,2,FALSE,2
VAIAN,0.0212,11,1,FALSE,2
AVAIN,0.0208,12,1,FALSE,2
ANAVI,0.0193,13,2,FALSE,2
IANAV,0.0188,14,2,FALSE,2
VNAIA,0.0185,15,2,FALSE,2
INAVA,0.0181,16,2,FALSE,2
AAVIN,0.018,17,1,FALSE,2
AANIV,0.018,18,2,FALSE,2
NAVIA,0.0173,19,1,FALSE,2
AINVA,0.0173,20,2,FALSE,2
IVANA,0.0172,21,2,FALSE,2
VAANI,0.0168,22,2,FALSE,2
AIVAN,0.0162,23,1,FALSE,2
AIANV,0.0161,24,1,FALSE,2
ANIAV,0.0161,25,2,FALSE,2
ANIVA,0.0154,26,2,FALSE,2
AVANI,0.0153,27,1,FALSE,2
IAVAN,0.015,28,1,FALSE,2
NAIAV,0.0149,29,2,FALSE,2
NAAIV,0.0149,30,3,FALSE,2
VIAAN,0.0142,31,1,FALSE,2
NAIVA,0.0142,32,2,FALSE,2
IANVA,0.0141,33,2,FALSE,2
ANVIA,0.0138,34,1,FALSE,2
NVAIA,0.0138,35,2,FALSE,2
AANVI,0.0137,36,2,FALSE,2
NAVAI,0.013,37,2,FALSE,2
AVIAN,0.0126,38,0,TRUE,2
IAANV,0.0125,39,2,FALSE,2
INAAV,0.0118,40,3,FALSE,2
AIVNA,0.0114,41,2,FALSE,2
NIAVA,0.011,42,2,FALSE,2
NAAVI,0.0106,43,2,FALSE,2
NIVAA,0.0106,44,3,FALSE,2
IAVNA,0.0102,45,2,FALSE,2
AIAVN,0.0095,46,1,FALSE,2
ANVAI,0.0095,47,2,FALSE,2
AAIVN,0.0091,48,2,FALSE,2
VNIAA,0.0086,49,2,FALSE,2
AVNIA,0.0083,50,1,FALSE,2
IVAAN,0.0083,51,2,FALSE,2
INVAA,0.0079,52,3,FALSE,2
AAVNI,0.0071,53,2,FALSE,2
AVNAI,0.0067,54,2,FALSE,2
VNAAI,0.0059,55,3,FALSE,2
IAAVN,0.0059,56,2,FALSE,2
IVNAA,0.0055,57,3,FALSE,2
NIAAV,0.0047,58,3,FALSE,2
NVIAA,0.0043,59,2,FALSE,2
NVAAI,0.0012,60,3,FALSE,2
