order,sbf,rank,moves,is_word,is_unique
BLAGE,0.0482,1,1,FALSE,4
BAGEL,0.0424,2,0,TRUE,4
BLEAG,0.0408,3,2,FALSE,4
BEGAL,0.04,4,2,FALSE,4
BGEAL,0.0373,5,1,FALSE,4
GBEAL,0.0373,6,2,FALSE,4
BAGLE,0.0361,7,1,FALSE,4
BALGE,0.0361,8,1,FALSE,4
GABEL,0.0357,9,2,FALSE,4
GLEAB,0.0342,10,3,FALSE,4
BLAEG,0.0337,11,2,FALSE,4
BEALG,0.0333,12,2,FALSE,4
GABLE,0.0322,13,3,TRUE,4
BALEG,0.0314,14,2,FALSE,4
GLABE,0.0294,15,3,FALSE,4
GEBAL,0.0282,16,2,FALSE,4
ABGEL,0.0279,17,1,FALSE,4
LABGE,0.0275,18,2,FALSE,4
GALEB,0.0274,19,3,FALSE,4
BEAGL,0.0271,20,1,FALSE,4
GLAEB,0.0267,21,3,FALSE,4
EBGAL,0.0267,22,2,FALSE,4
LEAGB,0.0267,23,3,FALSE,4
GEALB,0.0262,24,2,FALSE,4
ELAGB,0.0255,25,3,FALSE,4
BLEGA,0.0251,26,3,FALSE,4
LEABG,0.0251,27,3,FALSE,4
AGBEL,0.0247,28,1,FALSE,4
BGALE,0.0243,29,2,FALSE,4
ALBGE,0.0243,30,2,FALSE,4
BELAG,0.024,31,2,FALSE,4
GBALE,0.0239,32,2,FALSE,4
ELABG,0.0239,33,3,FALSE,4
EGBAL,0.0232,34,2,FALSE,4
LAGEB,0.0232,35,2,FALSE,4
BLGEA,0.022,36,2,FALSE,4
ALEGB,0.022,37,3,FALSE,4
ABGLE,0.0216,38,2,FALSE,4
AGBLE,0.0212,39,2,FALSE,4
ALEBG,0.0212,40,3,FALSE,4
GALBE,0.0211,41,3,FALSE,4
LABEG,0.0205,42,3,FALSE,4
BLGAE,0.02,43,2,FALSE,4
ABLGE,0.02,44,2,FALSE,4
LEGAB,0.0196,45,4,FALSE,4
LAGBE,0.0188,46,2,FALSE,4
ALGEB,0.0185,47,2,FALSE,4
GEABL,0.0184,48,2,FALSE,4
GLEBA,0.0177,49,3,TRUE,4
BELGA,0.0177,50,2,TRUE,4
BAELG,0.0173,51,1,FALSE,4
ALBEG,0.0173,52,3,FALSE,4
LBEAG,0.0173,53,2,FALSE,4
LGEAB,0.0173,54,3,FALSE,4
GELAB,0.0169,55,2,FALSE,4
BGAEL,0.0165,56,1,FALSE,4
LBAGE,0.0165,57,1,FALSE,4
BEGLA,0.0161,58,2,FALSE,4
GBAEL,0.0161,59,1,FALSE,4
ABLEG,0.0153,60,3,FALSE,4
LEBAG,0.0149,61,2,FALSE,4
AGLEB,0.0149,62,2,FALSE,4
EALGB,0.0145,63,3,FALSE,4
ALGBE,0.0141,64,2,FALSE,4
LEGBA,0.0141,65,3,FALSE,4
GLBEA,0.0138,66,3,FALSE,4
GAELB,0.0137,67,2,FALSE,4
EALBG,0.0137,68,3,FALSE,4
BAEGL,0.0134,69,1,FALSE,4
EAGLB,0.0133,70,2,FALSE,4
EABLG,0.013,71,3,FALSE,4
LEBGA,0.0125,72,3,FALSE,4
EAGBL,0.0125,73,2,FALSE,4
ABELG,0.0114,74,2,FALSE,4
BGLEA,0.011,75,2,FALSE,4
EABGL,0.0106,76,2,FALSE,4
EGALB,0.0106,77,3,FALSE,4
ELGAB,0.0106,78,3,FALSE,4
EBALG,0.0102,79,2,FALSE,4
GLBAE,0.0099,80,2,FALSE,4
AGELB,0.0098,81,1,FALSE,4
GELBA,0.0098,82,2,FALSE,4
EGLAB,0.0095,83,3,FALSE,4
GBLEA,0.0094,84,3,FALSE,4
GAEBL,0.009,85,2,FALSE,4
GEBLA,0.009,86,2,FALSE,4
BGLAE,0.0087,87,2,FALSE,4
LAEGB,0.0087,88,3,FALSE,4
AGLBE,0.0086,89,2,FALSE,4
AELGB,0.0079,90,2,FALSE,4
EBLAG,0.0079,91,2,FALSE,4
LBGEA,0.0079,92,2,FALSE,4
LAEBG,0.0079,93,3,FALSE,4
ABEGL,0.0075,94,2,FALSE,4
AELBG,0.0071,95,2,FALSE,4
GBLAE,0.0071,96,2,FALSE,4
ELBAG,0.0071,97,2,FALSE,4
BGELA,0.0063,98,1,FALSE,4
GBELA,0.0063,99,2,FALSE,4
LGBEA,0.0063,100,3,FALSE,4
LBGAE,0.0059,101,2,FALSE,4
AEBLG,0.0055,102,2,FALSE,4
AEGLB,0.0055,103,2,FALSE,4
AGEBL,0.0051,104,1,FALSE,4
ELGBA,0.0051,105,3,FALSE,4
AEGBL,0.0047,106,2,FALSE,4
ELBGA,0.0047,107,3,FALSE,4
LGABE,0.0047,108,3,FALSE,4
EBAGL,0.004,109,1,FALSE,4
EGBLA,0.004,110,3,FALSE,4
AEBGL,0.0031,111,2,FALSE,4
EBGLA,0.0028,112,2,FALSE,4
EGABL,0.0028,113,3,FALSE,4
EGLBA,0.0024,114,3,FALSE,4
LGBAE,0.0024,115,2,FALSE,4
LBAEG,0.002,116,2,FALSE,4
LGAEB,0.002,117,3,FALSE,4
EBLGA,0.0016,118,3,FALSE,4
LBEGA,0.0016,119,3,FALSE,4
LGEBA,8e-04,120,3,FALSE,4
