order,sbf,rank,moves,is_word,is_unique
BAGER,0.0961,1,1,FALSE,1
GABER,0.0894,2,3,FALSE,1
ABGER,0.0816,3,2,FALSE,1
AGBER,0.0784,4,2,FALSE,1
BGAER,0.0702,5,2,FALSE,1
GBAER,0.0698,6,2,FALSE,1
BRAGE,0.0557,7,1,FALSE,1
GREAB,0.0483,8,3,FALSE,1
GRABE,0.0467,9,3,FALSE,1
BREAG,0.0451,10,2,FALSE,1
GRAEB,0.044,11,3,FALSE,1
BEARG,0.0435,12,1,FALSE,1
BARGE,0.0431,13,0,TRUE,1
BRAEG,0.0412,14,2,FALSE,1
BAREG,0.0408,15,1,FALSE,1
GAREB,0.0368,16,2,FALSE,1
GEARB,0.0368,17,3,FALSE,1
BAGRE,0.0326,18,1,FALSE,1
BGARE,0.0318,19,1,FALSE,1
GREBA,0.0318,20,3,FALSE,1
ERAGB,0.0315,21,3,FALSE,1
GBARE,0.0314,22,1,FALSE,1
RABGE,0.0306,23,2,FALSE,1
ERABG,0.0299,24,3,FALSE,1
BREGA,0.0294,25,2,FALSE,1
REAGB,0.0287,26,3,FALSE,1
GABRE,0.0283,27,2,FALSE,1
BEAGR,0.0271,28,2,FALSE,1
REABG,0.0271,29,3,FALSE,1
BEGAR,0.027,30,2,FALSE,1
BERAG,0.0267,31,2,FALSE,1
RAGEB,0.0263,32,2,FALSE,1
GARBE,0.0258,33,2,FALSE,1
BGEAR,0.0243,34,2,FALSE,1
GBEAR,0.0243,35,2,FALSE,1
GRBEA,0.024,36,3,FALSE,1
RABEG,0.0236,37,3,FALSE,1
BRGEA,0.0232,38,1,FALSE,1
ABRGE,0.0227,39,1,FALSE,1
BERGA,0.0223,40,2,FALSE,1
RAGBE,0.0219,41,2,FALSE,1
REGAB,0.0216,42,3,FALSE,1
EARGB,0.0215,43,2,FALSE,1
BRGAE,0.0212,44,1,FALSE,1
AREGB,0.0212,45,2,FALSE,1
EGARB,0.0212,46,3,FALSE,1
ABREG,0.0204,47,2,FALSE,1
AREBG,0.0204,48,2,FALSE,1
EBARG,0.0204,49,1,FALSE,1
GRBAE,0.0201,50,2,FALSE,1
ARBGE,0.0196,51,1,FALSE,1
GERAB,0.0196,52,3,FALSE,1
AGREB,0.0192,53,2,FALSE,1
GEABR,0.0184,54,3,FALSE,1
EARBG,0.0184,55,2,FALSE,1
BAERG,0.0181,56,1,FALSE,1
ABGRE,0.0181,57,2,FALSE,1
AGBRE,0.0173,58,2,FALSE,1
RBEAG,0.0173,59,2,FALSE,1
RGEAB,0.0173,60,2,FALSE,1
BEGRA,0.0172,61,3,FALSE,1
REBAG,0.0169,62,2,FALSE,1
RBAGE,0.0165,63,1,FALSE,1
REGBA,0.0161,64,3,FALSE,1
BGREA,0.0153,65,2,FALSE,1
GEBAR,0.0152,66,2,FALSE,1
GAERB,0.0149,67,3,FALSE,1
ARGEB,0.0146,68,1,FALSE,1
REBGA,0.0145,69,3,FALSE,1
GBREA,0.0145,70,2,FALSE,1
EBGAR,0.0137,71,2,FALSE,1
BAEGR,0.0134,72,2,FALSE,1
EAGRB,0.0129,73,3,FALSE,1
ARBEG,0.0126,74,2,FALSE,1
AERGB,0.0125,75,2,FALSE,1
EAGBR,0.0125,76,3,FALSE,1
ABERG,0.0122,77,2,FALSE,1
GERBA,0.0121,78,3,FALSE,1
RAEGB,0.0118,79,3,FALSE,1
EABRG,0.0118,80,2,FALSE,1
AGERB,0.011,81,2,FALSE,1
RAEBG,0.011,82,3,FALSE,1
EABGR,0.0106,83,3,FALSE,1
ERGAB,0.0103,84,3,FALSE,1
ARGBE,0.0102,85,1,FALSE,1
EGBAR,0.0102,86,2,FALSE,1
GEBRA,0.0097,87,3,FALSE,1
EGRAB,0.0095,88,4,FALSE,1
AERBG,0.0094,89,2,FALSE,1
BGERA,0.009,90,2,FALSE,1
GBERA,0.009,91,3,FALSE,1
GAEBR,0.009,92,3,FALSE,1
BGRAE,0.0087,93,2,FALSE,1
EBRAG,0.0087,94,2,FALSE,1
AGRBE,0.0082,95,2,FALSE,1
GBRAE,0.0079,96,2,FALSE,1
RBGEA,0.0079,97,2,FALSE,1
ABEGR,0.0075,98,3,FALSE,1
RGBEA,0.0063,99,2,FALSE,1
ERBAG,0.006,100,2,FALSE,1
RBGAE,0.0059,101,2,FALSE,1
AGEBR,0.0051,102,2,FALSE,1
AEGRB,0.0051,103,3,FALSE,1
ERGBA,0.0048,104,3,FALSE,1
AEGBR,0.0047,105,3,FALSE,1
RGABE,0.0047,106,2,FALSE,1
EGBRA,0.0047,107,3,FALSE,1
AEBRG,0.0043,108,2,FALSE,1
EBRGA,0.0043,109,2,FALSE,1
EBAGR,0.004,110,2,FALSE,1
EBGRA,0.0039,111,3,FALSE,1
ERBGA,0.0036,112,3,FALSE,1
AEBGR,0.0031,113,3,FALSE,1
EGABR,0.0028,114,3,FALSE,1
RGBAE,0.0024,115,2,FALSE,1
RBAEG,0.002,116,2,FALSE,1
RGAEB,0.002,117,2,FALSE,1
EGRBA,0.002,118,3,FALSE,1
RBEGA,0.0016,119,3,FALSE,1
RGEBA,8e-04,120,2,FALSE,1
