order,sbf,rank,moves,is_word,is_unique
BASIC,0.0365,1,0,TRUE,1
SABIC,0.0318,2,2,FALSE,1
CAISB,0.0314,3,3,FALSE,1
BAISC,0.0291,4,1,FALSE,1
BAICS,0.0283,5,1,FALSE,1
CASIB,0.0274,6,2,FALSE,1
CABIS,0.0267,7,3,FALSE,1
SAICB,0.0255,8,2,FALSE,1
SCAIB,0.0251,9,3,FALSE,1
CASBI,0.0251,10,2,FALSE,1
BIASC,0.0244,11,1,FALSE,1
SBAIC,0.0232,12,1,FALSE,1
BSAIC,0.0228,13,1,FALSE,1
BIACS,0.0224,14,2,FALSE,1
SIACB,0.0224,15,2,FALSE,1
CAIBS,0.0224,16,3,FALSE,1
BASCI,0.0216,17,1,FALSE,1
CABSI,0.0212,18,2,FALSE,1
CIASB,0.0212,19,3,FALSE,1
ABSIC,0.0208,20,1,FALSE,1
BACIS,0.0205,21,2,FALSE,1
ICASB,0.0204,22,3,FALSE,1
BCASI,0.0192,23,1,FALSE,1
SCBIA,0.0185,24,3,FALSE,1
ASBIC,0.0184,25,1,FALSE,1
BACSI,0.0181,26,1,FALSE,1
SCIAB,0.0181,27,3,FALSE,1
IBASC,0.0177,28,1,FALSE,1
CBASI,0.0177,29,1,FALSE,1
SAIBC,0.0173,30,2,FALSE,1
ABISC,0.0165,31,2,FALSE,1
SACBI,0.0165,32,3,FALSE,1
SACIB,0.0165,33,3,FALSE,1
SABCI,0.0161,34,3,FALSE,1
SCABI,0.0161,35,3,FALSE,1
ISACB,0.0161,36,3,FALSE,1
BICAS,0.0157,37,2,FALSE,1
ABICS,0.0157,38,2,FALSE,1
SBACI,0.0157,39,2,FALSE,1
IBACS,0.0157,40,2,FALSE,1
BSACI,0.0153,41,2,FALSE,1
SICAB,0.0153,42,2,FALSE,1
SCIBA,0.015,43,3,FALSE,1
ACISB,0.0146,44,3,FALSE,1
BCAIS,0.0145,45,2,FALSE,1
BISAC,0.0138,46,2,FALSE,1
SCBAI,0.0134,47,2,FALSE,1
CBAIS,0.013,48,2,FALSE,1
ASICB,0.0129,49,1,FALSE,1
BISCA,0.0126,50,2,FALSE,1
BCISA,0.0126,51,3,FALSE,1
CSAIB,0.0114,52,3,FALSE,1
BSICA,0.011,53,1,FALSE,1
CBISA,0.011,54,3,FALSE,1
SIBAC,0.0107,55,2,FALSE,1
SBICA,0.0106,56,2,FALSE,1
CISAB,0.0106,57,4,FALSE,1
BICSA,0.0102,58,2,FALSE,1
SICBA,0.0098,59,2,FALSE,1
IASBC,0.0094,60,2,FALSE,1
IASCB,0.0094,61,2,FALSE,1
SIBCA,0.0091,62,2,FALSE,1
CISBA,0.0086,63,3,FALSE,1
ABCIS,0.0083,64,3,FALSE,1
SIABC,0.0083,65,2,FALSE,1
CIBAS,0.0079,66,2,FALSE,1
ACBIS,0.0079,67,3,FALSE,1
AISBC,0.0071,68,2,FALSE,1
AISCB,0.0071,69,2,FALSE,1
ISCAB,0.0067,70,3,FALSE,1
IABSC,0.0067,71,2,FALSE,1
IABCS,0.0067,72,3,FALSE,1
BCIAS,0.0067,73,2,FALSE,1
CSBIA,0.0067,74,3,FALSE,1
BCSIA,0.0059,75,2,FALSE,1
ABSCI,0.0059,76,2,FALSE,1
ABCSI,0.0059,77,2,FALSE,1
ACSIB,0.0059,78,2,FALSE,1
IBCAS,0.0059,79,2,FALSE,1
IACBS,0.0059,80,3,FALSE,1
IACSB,0.0059,81,3,FALSE,1
CBSIA,0.0059,82,2,FALSE,1
ACIBS,0.0056,83,3,FALSE,1
CIBSA,0.0055,84,3,FALSE,1
BSIAC,0.0051,85,1,FALSE,1
BSCAI,0.0051,86,2,FALSE,1
AICBS,0.0051,87,2,FALSE,1
AICSB,0.0051,88,2,FALSE,1
CBIAS,0.0051,89,2,FALSE,1
CSIAB,0.0051,90,3,FALSE,1
CIABS,0.0051,91,3,FALSE,1
ASIBC,0.0047,92,1,FALSE,1
SBIAC,0.0047,93,2,FALSE,1
SBCAI,0.0047,94,2,FALSE,1
ASCBI,0.0043,95,2,FALSE,1
ASCIB,0.0043,96,2,FALSE,1
ICABS,0.0043,97,3,FALSE,1
BSCIA,0.004,98,2,FALSE,1
ICBAS,0.004,99,2,FALSE,1
AIBSC,0.0036,100,2,FALSE,1
AIBCS,0.0036,101,2,FALSE,1
ACSBI,0.0036,102,2,FALSE,1
SBCIA,0.0036,103,3,FALSE,1
ISBAC,0.0032,104,2,FALSE,1
ICSAB,0.0032,105,3,FALSE,1
ASBCI,0.0027,106,2,FALSE,1
ACBSI,0.0024,107,2,FALSE,1
CSABI,0.0024,108,3,FALSE,1
IBSAC,0.002,109,2,FALSE,1
ISABC,0.002,110,3,FALSE,1
CSIBA,0.002,111,3,FALSE,1
ISBCA,0.0016,112,3,FALSE,1
CSBAI,0.0016,113,2,FALSE,1
ICBSA,0.0016,114,3,FALSE,1
ISCBA,0.0012,115,3,FALSE,1
BCSAI,0.0012,116,2,FALSE,1
ICSBA,0.0012,117,3,FALSE,1
CBSAI,0.0012,118,2,FALSE,1
IBSCA,8e-04,119,2,FALSE,1
IBCSA,4e-04,120,3,FALSE,1
