order,sbf,rank,moves,is_word,is_unique
BATCH,0.0616,1,0,TRUE,1
BTACH,0.0459,2,1,FALSE,1
TABCH,0.0412,3,2,FALSE,1
TBACH,0.04,4,1,FALSE,1
CHATB,0.0388,5,3,FALSE,1
ABTCH,0.0373,6,1,FALSE,1
THACB,0.0372,7,3,FALSE,1
CATHB,0.0345,8,2,FALSE,1
CABTH,0.0334,9,2,FALSE,1
HATCB,0.0329,10,2,FALSE,1
CATBH,0.0325,11,2,FALSE,1
BATHC,0.0322,12,1,FALSE,1
BHACT,0.0317,13,2,FALSE,1
CHABT,0.0313,14,3,FALSE,1
BACTH,0.0303,15,1,FALSE,1
ATBCH,0.0259,16,1,FALSE,1
HATBC,0.0258,17,2,FALSE,1
CHBAT,0.0255,18,2,FALSE,1
CABHT,0.0251,19,3,FALSE,1
BACHT,0.024,20,1,FALSE,1
THABC,0.0231,21,3,FALSE,1
BCATH,0.0228,22,1,FALSE,1
CHTAB,0.0227,23,3,FALSE,1
HTACB,0.0216,24,3,FALSE,1
CBATH,0.0213,25,1,FALSE,1
BHATC,0.0212,26,1,FALSE,1
CHBTA,0.0203,27,3,FALSE,1
HBACT,0.0196,28,2,FALSE,1
HABCT,0.0184,29,3,FALSE,1
ABCTH,0.0181,30,2,FALSE,1
TACHB,0.0181,31,2,FALSE,1
CHTBA,0.0176,32,3,FALSE,1
TABHC,0.0169,33,3,FALSE,1
BAHCT,0.0161,34,2,FALSE,1
TACBH,0.0161,35,2,FALSE,1
THCAB,0.0149,36,3,FALSE,1
ACBTH,0.0146,37,2,FALSE,1
CAHBT,0.0145,38,3,FALSE,1
CAHTB,0.0145,39,3,FALSE,1
HABTC,0.0145,40,2,FALSE,1
HACBT,0.0137,41,3,FALSE,1
HACTB,0.0137,42,3,FALSE,1
BAHTC,0.0122,43,1,FALSE,1
ABCHT,0.0118,44,2,FALSE,1
THBAC,0.0118,45,2,FALSE,1
BHCAT,0.011,46,2,FALSE,1
HBCAT,0.011,47,2,FALSE,1
HCATB,0.0106,48,3,FALSE,1
ABHCT,0.0102,49,3,FALSE,1
TAHBC,0.0102,50,3,FALSE,1
TAHCB,0.0102,51,3,FALSE,1
THBCA,0.0102,52,3,FALSE,1
THCBA,0.0094,53,3,FALSE,1
HBATC,0.0091,54,1,FALSE,1
BHTCA,0.0079,55,2,FALSE,1
ABTHC,0.0079,56,2,FALSE,1
AHTCB,0.0079,57,2,FALSE,1
HBTCA,0.0079,58,2,FALSE,1
HCBAT,0.0079,59,2,FALSE,1
BTAHC,0.0075,60,2,FALSE,1
CTABH,0.0075,61,3,FALSE,1
CTAHB,0.0075,62,3,FALSE,1
HTABC,0.0075,63,3,FALSE,1
BCAHT,0.007,64,2,FALSE,1
BCHAT,0.0067,65,2,FALSE,1
CBHAT,0.0067,66,2,FALSE,1
HCTAB,0.0067,67,4,FALSE,1
BCTAH,0.0063,68,2,FALSE,1
ABHTC,0.0063,69,2,FALSE,1
ACBHT,0.0063,70,2,FALSE,1
ACTHB,0.006,71,2,FALSE,1
HTCAB,0.0059,72,3,FALSE,1
BTCAH,0.0055,73,1,FALSE,1
CBAHT,0.0055,74,2,FALSE,1
BHTAC,0.0051,75,2,FALSE,1
TBCAH,0.0051,76,2,FALSE,1
HBTAC,0.0051,77,2,FALSE,1
AHBCT,0.0047,78,3,FALSE,1
CBTAH,0.0047,79,2,FALSE,1
BCTHA,0.004,80,2,FALSE,1
ATCHB,0.004,81,1,FALSE,1
ACTBH,0.004,82,2,FALSE,1
ATHBC,0.0036,83,2,FALSE,1
ATHCB,0.0036,84,2,FALSE,1
BCHTA,0.0031,85,2,FALSE,1
CBHTA,0.0031,86,3,FALSE,1
TCABH,0.0031,87,2,FALSE,1
TCAHB,0.0031,88,2,FALSE,1
HCABT,0.0031,89,3,FALSE,1
BTCHA,0.0028,90,1,FALSE,1
BTHAC,0.0028,91,2,FALSE,1
BTHCA,0.0028,92,2,FALSE,1
ACHBT,0.0028,93,2,FALSE,1
ACHTB,0.0028,94,2,FALSE,1
CTHAB,0.0028,95,3,FALSE,1
BHCTA,0.0027,96,3,FALSE,1
HBCTA,0.0027,97,3,FALSE,1
HCBTA,0.0027,98,3,FALSE,1
TBCHA,0.0024,99,2,FALSE,1
CBTHA,0.0024,100,2,FALSE,1
HTBAC,0.0024,101,2,FALSE,1
ATCBH,0.002,102,1,FALSE,1
TCBAH,0.002,103,2,FALSE,1
CTBAH,0.002,104,2,FALSE,1
CTHBA,0.002,105,3,FALSE,1
ATBHC,0.0016,106,2,FALSE,1
TBAHC,0.0016,107,2,FALSE,1
HCTBA,0.0016,108,3,FALSE,1
TBHAC,0.0012,109,2,FALSE,1
TBHCA,0.0012,110,3,FALSE,1
TCHAB,0.0012,111,2,FALSE,1
AHBTC,8e-04,112,2,FALSE,1
AHTBC,8e-04,113,2,FALSE,1
AHCBT,8e-04,114,3,FALSE,1
AHCTB,8e-04,115,3,FALSE,1
HTBCA,8e-04,116,3,FALSE,1
TCBHA,4e-04,117,2,FALSE,1
TCHBA,4e-04,118,2,FALSE,1
CTBHA,4e-04,119,3,FALSE,1
HTCBA,4e-04,120,3,FALSE,1
