order,sbf,rank,moves,is_word,is_unique
BATEH,0.0475,1,1,FALSE,1
BEATH,0.0452,2,1,FALSE,1
HATEB,0.0431,3,2,FALSE,1
THEAB,0.0377,4,2,FALSE,1
BHATE,0.0361,5,1,FALSE,1
BATHE,0.0346,6,0,TRUE,1
BHEAT,0.0338,7,2,FALSE,1
HABET,0.0318,8,3,FALSE,1
BEAHT,0.0294,9,2,FALSE,1
HABTE,0.0294,10,2,FALSE,1
HEATB,0.0291,11,3,FALSE,1
HATBE,0.0285,12,2,FALSE,1
BAHTE,0.0271,13,1,FALSE,1
THABE,0.0258,14,2,FALSE,1
BAHET,0.0252,15,1,FALSE,1
BHAET,0.0251,16,2,FALSE,1
BAETH,0.0248,17,1,FALSE,1
HBATE,0.024,18,1,FALSE,1
EATHB,0.0239,19,2,FALSE,1
ABTEH,0.0232,20,2,FALSE,1
THAEB,0.0231,21,2,FALSE,1
TABEH,0.0228,22,3,FALSE,1
HBEAT,0.0228,23,2,FALSE,1
EABTH,0.0228,24,2,FALSE,1
EBATH,0.0221,25,1,FALSE,1
EATBH,0.0219,26,2,FALSE,1
HEABT,0.0216,27,3,FALSE,1
ABHTE,0.0212,28,2,FALSE,1
THEBA,0.0212,29,2,FALSE,1
EHATB,0.0212,30,3,FALSE,1
TEABH,0.0212,31,3,FALSE,1
TEAHB,0.0212,32,3,FALSE,1
BETAH,0.02,33,2,FALSE,1
HTEAB,0.02,34,3,FALSE,1
BTEAH,0.0196,35,2,FALSE,1
ABHET,0.0193,36,2,FALSE,1
TABHE,0.0193,37,2,FALSE,1
ABETH,0.0189,38,2,FALSE,1
AHBET,0.0181,39,2,FALSE,1
AHTEB,0.0181,40,2,FALSE,1
BHTEA,0.0177,41,2,FALSE,1
BETHA,0.0177,42,2,FALSE,1
HBTEA,0.0177,43,2,FALSE,1
TBEAH,0.0169,44,2,FALSE,1
HEBAT,0.0169,45,2,FALSE,1
HETAB,0.0165,46,3,FALSE,1
BAEHT,0.0161,47,2,FALSE,1
BEHAT,0.0161,48,2,FALSE,1
THBEA,0.0157,49,2,FALSE,1
AHBTE,0.0157,50,2,FALSE,1
AEBTH,0.0153,51,2,FALSE,1
BHETA,0.0145,52,2,FALSE,1
EABHT,0.0145,53,3,FALSE,1
EHABT,0.0137,54,3,FALSE,1
HBAET,0.013,55,2,FALSE,1
TAHBE,0.0129,56,2,FALSE,1
AHEBT,0.0126,57,2,FALSE,1
AHETB,0.0126,58,2,FALSE,1
BEHTA,0.0125,59,3,FALSE,1
TAHEB,0.0118,60,2,FALSE,1
THBAE,0.0118,61,2,FALSE,1
HEBTA,0.0117,62,3,FALSE,1
HETBA,0.0114,63,3,FALSE,1
TAEBH,0.0106,64,3,FALSE,1
TEBAH,0.0106,65,2,FALSE,1
ABTHE,0.0103,66,1,FALSE,1
ABEHT,0.0102,67,3,FALSE,1
TAEHB,0.0102,68,3,FALSE,1
HTABE,0.0102,69,3,FALSE,1
BTAHE,0.0099,70,1,FALSE,1
ETABH,0.0091,71,3,FALSE,1
ETAHB,0.0091,72,3,FALSE,1
TEBHA,0.009,73,3,FALSE,1
HAEBT,0.0082,74,3,FALSE,1
HAETB,0.0082,75,3,FALSE,1
EHBAT,0.0079,76,2,FALSE,1
BTAEH,0.0075,77,2,FALSE,1
ATBEH,0.0075,78,2,FALSE,1
AETHB,0.0075,79,2,FALSE,1
HTAEB,0.0075,80,3,FALSE,1
EBHAT,0.0075,81,2,FALSE,1
AEBHT,0.007,82,3,FALSE,1
ATHBE,0.0063,83,1,FALSE,1
TEHAB,0.0063,84,3,FALSE,1
HTBEA,0.0063,85,3,FALSE,1
EBAHT,0.0063,86,2,FALSE,1
EBTAH,0.0055,87,2,FALSE,1
AETBH,0.0055,88,2,FALSE,1
TEHBA,0.0055,89,3,FALSE,1
ATHEB,0.0052,90,1,FALSE,1
BHTAE,0.0051,91,2,FALSE,1
ATEBH,0.0051,92,2,FALSE,1
HBTAE,0.0051,93,2,FALSE,1
EHTAB,0.0051,94,4,FALSE,1
ATEHB,0.0047,95,2,FALSE,1
ETHAB,0.0044,96,3,FALSE,1
BTHEA,0.004,97,1,FALSE,1
ATBHE,0.004,98,1,FALSE,1
TBAHE,0.004,99,1,FALSE,1
EBHTA,0.0039,100,3,FALSE,1
EAHBT,0.0039,101,3,FALSE,1
EAHTB,0.0039,102,3,FALSE,1
ETBAH,0.0036,103,2,FALSE,1
ETHBA,0.0036,104,3,FALSE,1
BTEHA,0.0035,105,2,FALSE,1
AHTBE,0.0035,106,2,FALSE,1
HBETA,0.0035,107,3,FALSE,1
HTEBA,0.0035,108,3,FALSE,1
EBTHA,0.0032,109,2,FALSE,1
BTHAE,0.0028,110,1,FALSE,1
EHBTA,0.0027,111,3,FALSE,1
TBHEA,0.0024,112,2,FALSE,1
HTBAE,0.0024,113,2,FALSE,1
ETBHA,0.002,114,3,FALSE,1
TBAEH,0.0016,115,2,FALSE,1
TBHAE,0.0012,116,2,FALSE,1
TBEHA,8e-04,117,3,FALSE,1
AEHBT,0,118,3,FALSE,1
AEHTB,0,119,3,FALSE,1
EHTBA,0,120,3,FALSE,1
