order,sbf,rank,moves,is_word,is_unique
BEING,0.0501,1,1,TRUE,3
BINGE,0.0404,2,2,TRUE,3
EBING,0.0368,3,2,FALSE,3
BGINE,0.0341,4,1,FALSE,3
BINEG,0.0338,5,2,FALSE,3
GBINE,0.0333,6,2,FALSE,3
BIGEN,0.0319,7,2,FALSE,3
GEINB,0.0301,8,2,FALSE,3
GINEB,0.0298,9,2,FALSE,3
BIENG,0.0286,10,2,FALSE,3
BEGIN,0.0254,11,0,TRUE,3
EGINB,0.0247,12,1,FALSE,3
BENGI,0.0243,13,1,FALSE,3
BIGNE,0.024,14,2,FALSE,3
BENIG,0.0231,15,2,FALSE,3
GIBEN,0.0216,16,2,FALSE,3
EINGB,0.0212,17,2,FALSE,3
BNIGE,0.0211,18,3,FALSE,3
GINBE,0.0207,19,2,FALSE,3
INBGE,0.02,20,3,FALSE,3
BGIEN,0.0189,21,1,FALSE,3
IBENG,0.0188,22,2,FALSE,3
IBNGE,0.0188,23,3,FALSE,3
IBGEN,0.0185,24,2,FALSE,3
BEIGN,0.0184,25,1,FALSE,3
GBIEN,0.0181,26,2,FALSE,3
NIBGE,0.018,27,3,FALSE,3
GEBIN,0.0179,28,2,FALSE,3
IGBEN,0.0173,29,2,FALSE,3
NIGEB,0.0173,30,4,FALSE,3
NBIGE,0.0164,31,3,FALSE,3
INGEB,0.0161,32,3,FALSE,3
IEBNG,0.016,33,3,FALSE,3
EINBG,0.0157,34,2,FALSE,3
GENIB,0.0156,35,3,FALSE,3
EIBNG,0.0153,36,2,FALSE,3
GIBNE,0.0149,37,2,FALSE,3
BEGNI,0.0145,38,1,FALSE,3
IENGB,0.0141,39,3,FALSE,3
GNIEB,0.013,40,3,FALSE,3
INBEG,0.013,41,2,FALSE,3
EGBIN,0.0129,42,1,FALSE,3
NIGBE,0.0129,43,3,FALSE,3
BIEGN,0.0126,44,1,FALSE,3
ENIGB,0.0125,45,3,FALSE,3
GENBI,0.0125,46,3,FALSE,3
BNIEG,0.0122,47,2,FALSE,3
IBNEG,0.0122,48,2,FALSE,3
IGNEB,0.0122,49,3,FALSE,3
EBGIN,0.0121,50,1,FALSE,3
GIENB,0.0121,51,2,FALSE,3
BGNEI,0.0118,52,2,FALSE,3
GBNEI,0.0118,53,2,FALSE,3
INEGB,0.0118,54,3,FALSE,3
INGBE,0.0117,55,3,FALSE,3
ENIBG,0.011,56,3,FALSE,3
INEBG,0.011,57,3,FALSE,3
NIBEG,0.011,58,2,FALSE,3
ENGIB,0.0109,59,2,FALSE,3
NEGIB,0.0109,60,2,FALSE,3
NEBIG,0.0109,61,3,FALSE,3
IBGNE,0.0106,62,2,FALSE,3
IGBNE,0.0106,63,3,FALSE,3
NEIGB,0.0105,64,3,FALSE,3
BNGEI,0.0102,65,2,FALSE,3
GNIBE,0.0102,66,3,FALSE,3
ENBIG,0.0102,67,3,FALSE,3
BGEIN,0.0098,68,1,FALSE,3
GBEIN,0.0098,69,1,FALSE,3
GNBIE,0.0098,70,3,FALSE,3
BNGIE,0.0097,71,2,FALSE,3
ENGBI,0.009,72,2,FALSE,3
NEGBI,0.009,73,2,FALSE,3
NEIBG,0.009,74,3,FALSE,3
GEIBN,0.0086,75,2,FALSE,3
IENBG,0.0086,76,3,FALSE,3
EIGBN,0.0079,77,2,FALSE,3
EIGNB,0.0079,78,2,FALSE,3
GNBEI,0.0079,79,2,FALSE,3
NGIEB,0.0079,80,3,FALSE,3
BGNIE,0.0078,81,2,FALSE,3
GBNIE,0.0078,82,3,FALSE,3
NGBIE,0.0078,83,3,FALSE,3
NIEGB,0.0078,84,3,FALSE,3
NBIEG,0.0075,85,2,FALSE,3
GNEBI,0.0075,86,3,FALSE,3
GNEIB,0.0075,87,3,FALSE,3
NBGEI,0.0075,88,2,FALSE,3
GIEBN,0.007,89,2,FALSE,3
NBGIE,0.007,90,2,FALSE,3
NIEBG,0.007,91,3,FALSE,3
BNEIG,0.0067,92,2,FALSE,3
EBNGI,0.0067,93,2,FALSE,3
NEBGI,0.0066,94,2,FALSE,3
BNEGI,0.0063,95,1,FALSE,3
IGENB,0.0063,96,3,FALSE,3
ENBGI,0.0059,97,2,FALSE,3
BGENI,0.0059,98,2,FALSE,3
GBENI,0.0059,99,2,FALSE,3
NGBEI,0.0059,100,2,FALSE,3
GEBNI,0.0058,101,3,FALSE,3
EBNIG,0.0055,102,3,FALSE,3
EBIGN,0.0051,103,2,FALSE,3
EGNIB,0.0051,104,2,FALSE,3
NGIBE,0.0051,105,3,FALSE,3
IEGBN,0.0047,106,2,FALSE,3
IEGNB,0.0047,107,2,FALSE,3
IEBGN,0.0043,108,2,FALSE,3
EIBGN,0.0036,109,2,FALSE,3
EGIBN,0.0032,110,1,FALSE,3
IGNBE,0.0031,111,3,FALSE,3
IBEGN,0.0028,112,1,FALSE,3
NBEIG,0.0024,113,2,FALSE,3
EGNBI,0.002,114,2,FALSE,3
NBEGI,0.002,115,1,FALSE,3
NGEBI,0.002,116,3,FALSE,3
NGEIB,0.002,117,3,FALSE,3
EBGNI,0.0012,118,2,FALSE,3
IGEBN,0.0012,119,3,FALSE,3
EGBNI,8e-04,120,2,FALSE,3
