order,sbf,rank,moves,is_word,is_unique
BLECH,0.0525,1,1,FALSE,1
BELCH,0.0432,2,0,TRUE,1
CHBEL,0.038,3,2,FALSE,1
LEBCH,0.0368,4,2,FALSE,1
CHBLE,0.0345,5,3,FALSE,1
CHELB,0.0341,6,3,FALSE,1
CHEBL,0.0294,7,3,FALSE,1
ELBCH,0.029,8,1,FALSE,1
LBECH,0.029,9,1,FALSE,1
EBLCH,0.0271,10,1,FALSE,1
CHLEB,0.027,11,3,FALSE,1
BLHCE,0.0255,12,2,FALSE,1
BLEHC,0.0239,13,2,FALSE,1
CLEBH,0.0224,14,3,FALSE,1
CLEHB,0.022,15,3,FALSE,1
CHLBE,0.0207,16,3,FALSE,1
HCBEL,0.0204,17,2,FALSE,1
BHCEL,0.02,18,2,FALSE,1
HBCEL,0.02,19,2,FALSE,1
BLCEH,0.0192,20,1,FALSE,1
CLBEH,0.0181,21,2,FALSE,1
BLCHE,0.0181,22,1,FALSE,1
HCBLE,0.0169,23,3,FALSE,1
BELHC,0.0169,24,1,FALSE,1
BECHL,0.0169,25,1,FALSE,1
BCHEL,0.0165,26,2,FALSE,1
BHELC,0.0165,27,1,FALSE,1
LECHB,0.0165,28,2,FALSE,1
CBHEL,0.0165,29,2,FALSE,1
BECLH,0.0157,30,1,FALSE,1
BHECL,0.0157,31,2,FALSE,1
LHECB,0.0157,32,3,FALSE,1
BHCLE,0.0153,33,3,FALSE,1
HBCLE,0.0153,34,3,FALSE,1
HELCB,0.015,35,2,FALSE,1
BLHEC,0.0149,36,2,FALSE,1
BCHLE,0.0149,37,2,FALSE,1
CBHLE,0.0149,38,3,FALSE,1
HLECB,0.0149,39,3,FALSE,1
BHLCE,0.0146,40,2,FALSE,1
CLBHE,0.0146,41,3,FALSE,1
LECBH,0.0145,42,2,FALSE,1
HBLCE,0.0142,43,2,FALSE,1
CLHBE,0.0141,44,3,FALSE,1
CLHEB,0.013,45,3,FALSE,1
HELBC,0.013,46,2,FALSE,1
HLBCE,0.013,47,3,FALSE,1
LBHCE,0.0126,48,3,FALSE,1
LEBHC,0.0125,49,3,FALSE,1
LHBCE,0.0122,50,3,FALSE,1
LHEBC,0.0118,51,3,FALSE,1
HECLB,0.0118,52,3,FALSE,1
HEBLC,0.0114,53,2,FALSE,1
HECBL,0.011,54,3,FALSE,1
HLEBC,0.011,55,3,FALSE,1
BEHLC,0.0098,56,1,FALSE,1
BEHCL,0.0098,57,2,FALSE,1
LEHBC,0.0094,58,3,FALSE,1
LEHCB,0.0094,59,3,FALSE,1
BHLEC,0.0094,60,2,FALSE,1
BCLEH,0.009,61,2,FALSE,1
CBLEH,0.009,62,2,FALSE,1
HBLEC,0.009,63,2,FALSE,1
HEBCL,0.009,64,3,FALSE,1
HCLEB,0.009,65,4,FALSE,1
CELBH,0.0087,66,2,FALSE,1
CELHB,0.0087,67,2,FALSE,1
CEBLH,0.0071,68,2,FALSE,1
HLBEC,0.0067,69,2,FALSE,1
BCELH,0.0063,70,1,FALSE,1
ELCHB,0.0063,71,1,FALSE,1
HCELB,0.0063,72,3,FALSE,1
LCBEH,0.0059,73,2,FALSE,1
LHBEC,0.0059,74,2,FALSE,1
HLCEB,0.0059,75,3,FALSE,1
CBELH,0.0055,76,1,FALSE,1
HBELC,0.0055,77,1,FALSE,1
LBCEH,0.0055,78,2,FALSE,1
LHCEB,0.0055,79,3,FALSE,1
ELBHC,0.0047,80,2,FALSE,1
CEBHL,0.0047,81,3,FALSE,1
HBECL,0.0047,82,2,FALSE,1
LBCHE,0.0044,83,2,FALSE,1
ELCBH,0.0043,84,1,FALSE,1
ELHBC,0.0039,85,2,FALSE,1
ELHCB,0.0039,86,2,FALSE,1
LCHBE,0.0031,87,2,FALSE,1
HLCBE,0.0031,88,3,FALSE,1
EBCHL,0.0028,89,2,FALSE,1
LHCBE,0.0027,90,3,FALSE,1
HCLBE,0.0027,91,3,FALSE,1
EHLCB,0.0024,92,2,FALSE,1
BCLHE,0.0024,93,2,FALSE,1
ECBLH,0.0024,94,2,FALSE,1
EHBLC,0.0024,95,2,FALSE,1
LCBHE,0.0024,96,2,FALSE,1
CBLHE,0.0024,97,2,FALSE,1
LBHEC,0.002,98,2,FALSE,1
LCHEB,0.002,99,2,FALSE,1
EBCLH,0.0016,100,2,FALSE,1
CEHBL,0.0016,101,3,FALSE,1
CEHLB,0.0016,102,3,FALSE,1
LCEBH,0.0016,103,2,FALSE,1
HCEBL,0.0016,104,3,FALSE,1
EBHLC,0.0012,105,2,FALSE,1
EBHCL,0.0012,106,3,FALSE,1
BCEHL,0.0012,107,2,FALSE,1
LCEHB,0.0012,108,2,FALSE,1
EBLHC,8e-04,109,2,FALSE,1
EHCLB,8e-04,110,3,FALSE,1
ECHBL,4e-04,111,2,FALSE,1
ECHLB,4e-04,112,2,FALSE,1
EHLBC,4e-04,113,2,FALSE,1
LBEHC,4e-04,114,2,FALSE,1
CBEHL,4e-04,115,2,FALSE,1
ECBHL,0,116,2,FALSE,1
ECLBH,0,117,2,FALSE,1
ECLHB,0,118,2,FALSE,1
EHBCL,0,119,3,FALSE,1
EHCBL,0,120,3,FALSE,1
