order,sbf,rank,moves,is_word,is_unique
BENCH,0.0529,1,0,TRUE,1
EBNCH,0.0353,2,1,FALSE,1
CHBEN,0.0345,3,2,FALSE,1
CHENB,0.0345,4,3,FALSE,1
BNECH,0.0333,5,1,FALSE,1
NEBCH,0.0305,6,2,FALSE,1
ENBCH,0.0298,7,1,FALSE,1
CHEBN,0.0294,8,3,FALSE,1
CHNEB,0.0294,9,3,FALSE,1
NBECH,0.029,10,1,FALSE,1
CHBNE,0.0278,11,3,FALSE,1
HENCB,0.0247,12,2,FALSE,1
BHNCE,0.0224,13,2,FALSE,1
HBNCE,0.0224,14,2,FALSE,1
CHNBE,0.0203,15,3,FALSE,1
BENHC,0.0184,16,1,FALSE,1
BECHN,0.0169,17,1,FALSE,1
BHENC,0.0169,18,1,FALSE,1
HCBEN,0.0169,19,2,FALSE,1
BHCEN,0.0165,20,2,FALSE,1
HBCEN,0.0165,21,2,FALSE,1
BHECN,0.0157,22,2,FALSE,1
NHECB,0.0157,23,3,FALSE,1
BECNH,0.0149,24,1,FALSE,1
HENBC,0.0145,25,2,FALSE,1
HNBCE,0.013,26,3,FALSE,1
BCHEN,0.013,27,2,FALSE,1
CBHEN,0.013,28,2,FALSE,1
NBHCE,0.0126,29,3,FALSE,1
BNHCE,0.0122,30,2,FALSE,1
NHBCE,0.0122,31,3,FALSE,1
BCNEH,0.0118,32,2,FALSE,1
BHNEC,0.0118,33,2,FALSE,1
NHEBC,0.0118,34,3,FALSE,1
CBNEH,0.0118,35,2,FALSE,1
HBNEC,0.0118,36,2,FALSE,1
HCNEB,0.0118,37,4,FALSE,1
HECBN,0.011,38,3,FALSE,1
HECNB,0.011,39,3,FALSE,1
BCHNE,0.0106,40,2,FALSE,1
CBHNE,0.0106,41,3,FALSE,1
BHCNE,0.0102,42,3,FALSE,1
EHNCB,0.0102,43,2,FALSE,1
NECHB,0.0102,44,2,FALSE,1
CENBH,0.0102,45,2,FALSE,1
CENHB,0.0102,46,2,FALSE,1
HBCNE,0.0102,47,3,FALSE,1
HCBNE,0.0102,48,3,FALSE,1
BEHNC,0.0098,49,1,FALSE,1
BEHCN,0.0098,50,2,FALSE,1
HNECB,0.009,51,3,FALSE,1
HEBNC,0.009,52,2,FALSE,1
HEBCN,0.009,53,3,FALSE,1
ENCHB,0.0083,54,1,FALSE,1
NECBH,0.0082,55,2,FALSE,1
BNCEH,0.0071,56,1,FALSE,1
HNCEB,0.0071,57,3,FALSE,1
CNBEH,0.0067,58,2,FALSE,1
HNBEC,0.0067,59,2,FALSE,1
BCENH,0.0067,60,1,FALSE,1
HCENB,0.0067,61,3,FALSE,1
ENCBH,0.0063,62,1,FALSE,1
NEBHC,0.0062,63,3,FALSE,1
BNCHE,0.006,64,1,FALSE,1
NCBEH,0.0059,65,2,FALSE,1
NHBEC,0.0059,66,2,FALSE,1
CBENH,0.0059,67,1,FALSE,1
HBENC,0.0059,68,1,FALSE,1
ENBHC,0.0055,69,2,FALSE,1
NBCEH,0.0055,70,2,FALSE,1
NHCEB,0.0055,71,3,FALSE,1
CNEBH,0.0051,72,3,FALSE,1
HNEBC,0.0051,73,3,FALSE,1
BNEHC,0.0047,74,2,FALSE,1
ENHBC,0.0047,75,2,FALSE,1
ENHCB,0.0047,76,2,FALSE,1
CEBNH,0.0047,77,2,FALSE,1
CEBHN,0.0047,78,3,FALSE,1
CNEHB,0.0047,79,3,FALSE,1
HBECN,0.0047,80,2,FALSE,1
NBCHE,0.0044,81,2,FALSE,1
HNCBE,0.0043,82,3,FALSE,1
CNBHE,0.0032,83,3,FALSE,1
NCHBE,0.0031,84,2,FALSE,1
NEHBC,0.0031,85,3,FALSE,1
NEHCB,0.0031,86,3,FALSE,1
EBCHN,0.0028,87,2,FALSE,1
NHCBE,0.0027,88,3,FALSE,1
CNHBE,0.0027,89,3,FALSE,1
HCNBE,0.0027,90,3,FALSE,1
BCNHE,0.0024,91,2,FALSE,1
NCBHE,0.0024,92,2,FALSE,1
CBNHE,0.0024,93,2,FALSE,1
NBHEC,0.002,94,2,FALSE,1
NCHEB,0.002,95,2,FALSE,1
BNHEC,0.0016,96,2,FALSE,1
CEHBN,0.0016,97,3,FALSE,1
CEHNB,0.0016,98,3,FALSE,1
CNHEB,0.0016,99,3,FALSE,1
NCEBH,0.0016,100,2,FALSE,1
HCEBN,0.0016,101,3,FALSE,1
EBHNC,0.0012,102,2,FALSE,1
EBHCN,0.0012,103,3,FALSE,1
BCEHN,0.0012,104,2,FALSE,1
NCEHB,0.0012,105,2,FALSE,1
EBNHC,8e-04,106,2,FALSE,1
EBCNH,8e-04,107,2,FALSE,1
ECHBN,4e-04,108,2,FALSE,1
ECHNB,4e-04,109,2,FALSE,1
NBEHC,4e-04,110,2,FALSE,1
CBEHN,4e-04,111,2,FALSE,1
ECBNH,0,112,2,FALSE,1
ECBHN,0,113,2,FALSE,1
ECNBH,0,114,2,FALSE,1
ECNHB,0,115,2,FALSE,1
EHBNC,0,116,2,FALSE,1
EHBCN,0,117,3,FALSE,1
EHNBC,0,118,2,FALSE,1
EHCBN,0,119,3,FALSE,1
EHCNB,0,120,3,FALSE,1
