order,sbf,rank,moves,is_word,is_unique
BIPED,0.0918,1,0,TRUE,1
PIBED,0.0839,2,2,FALSE,1
IBPED,0.0804,3,1,FALSE,1
BPIED,0.08,4,1,FALSE,1
PBIED,0.0753,5,1,FALSE,1
IPBED,0.0741,6,1,FALSE,1
BIDEP,0.0275,7,2,FALSE,1
BEPID,0.0263,8,2,FALSE,1
PIDEB,0.0259,9,3,FALSE,1
PEBID,0.0251,10,2,FALSE,1
DIPEB,0.0248,11,2,FALSE,1
BIPDE,0.0228,12,1,FALSE,1
PIBDE,0.0212,13,3,FALSE,1
BPIDE,0.0208,14,2,FALSE,1
BIDPE,0.0193,15,1,FALSE,1
DEBIP,0.0188,16,2,FALSE,1
BEIDP,0.0188,17,2,FALSE,1
DIBEP,0.0185,18,3,FALSE,1
BEDIP,0.0184,19,2,FALSE,1
PIDBE,0.0168,20,3,FALSE,1
DIBPE,0.0162,21,2,FALSE,1
PEIDB,0.0161,22,2,FALSE,1
BPEID,0.0161,23,1,FALSE,1
BEIPD,0.0161,24,1,FALSE,1
PBIDE,0.0161,25,2,FALSE,1
DEIPB,0.0161,26,3,FALSE,1
EPBID,0.0157,27,2,FALSE,1
DEIBP,0.0157,28,3,FALSE,1
DEPIB,0.0157,29,4,FALSE,1
DIPBE,0.0153,30,2,FALSE,1
IBDEP,0.0149,31,3,FALSE,1
DEPBI,0.0149,32,3,FALSE,1
IDPEB,0.0142,33,2,FALSE,1
DIEPB,0.0141,34,3,FALSE,1
PEDIB,0.0141,35,2,FALSE,1
BEPDI,0.0137,36,2,FALSE,1
EBPID,0.0134,37,2,FALSE,1
BEDPI,0.0133,38,2,FALSE,1
PIEDB,0.0133,39,2,FALSE,1
PEIBD,0.013,40,2,FALSE,1
BIEPD,0.0129,41,1,FALSE,1
DEBPI,0.0129,42,3,FALSE,1
PBEID,0.0126,43,2,FALSE,1
BDPEI,0.0122,44,2,FALSE,1
DBPEI,0.0122,45,2,FALSE,1
PIEBD,0.0121,46,2,FALSE,1
BIEDP,0.0118,47,1,FALSE,1
DPIEB,0.0118,48,3,FALSE,1
BPDEI,0.0118,49,2,FALSE,1
IPDEB,0.0118,50,2,FALSE,1
PBDEI,0.0118,51,3,FALSE,1
PEDBI,0.0118,52,2,FALSE,1
DIEBP,0.0118,53,3,FALSE,1
IBPDE,0.0114,54,2,FALSE,1
IPBDE,0.0114,55,2,FALSE,1
BDIEP,0.011,56,2,FALSE,1
IDBEP,0.011,57,3,FALSE,1
PEBDI,0.0102,58,2,FALSE,1
EPIDB,0.0102,59,3,FALSE,1
DBIEP,0.0102,60,2,FALSE,1
BDIPE,0.0095,61,1,FALSE,1
DPIBE,0.009,62,3,FALSE,1
IDBPE,0.0087,63,2,FALSE,1
DBIPE,0.0087,64,1,FALSE,1
PDIEB,0.0079,65,3,FALSE,1
PDBIE,0.0078,66,2,FALSE,1
DPBIE,0.0078,67,2,FALSE,1
EDBIP,0.0075,68,2,FALSE,1
EPIBD,0.0071,69,3,FALSE,1
BPDIE,0.007,70,2,FALSE,1
PBDIE,0.007,71,2,FALSE,1
IBDPE,0.0067,72,2,FALSE,1
EIDBP,0.0067,73,3,FALSE,1
EIDPB,0.0067,74,3,FALSE,1
PDBEI,0.0059,75,3,FALSE,1
EBDIP,0.0059,76,2,FALSE,1
DPBEI,0.0059,77,3,FALSE,1
EIPBD,0.0055,78,2,FALSE,1
EIPDB,0.0055,79,2,FALSE,1
BPEDI,0.0055,80,1,FALSE,1
BDPIE,0.0055,81,2,FALSE,1
IPEDB,0.0055,82,1,FALSE,1
IDEPB,0.0055,83,3,FALSE,1
EBIDP,0.0055,84,2,FALSE,1
DBPIE,0.0055,85,2,FALSE,1
DPEBI,0.0055,86,3,FALSE,1
DPEIB,0.0055,87,3,FALSE,1
PDIBE,0.0051,88,3,FALSE,1
IDPBE,0.0047,89,2,FALSE,1
EDIPB,0.0044,90,3,FALSE,1
IPEBD,0.0043,91,1,FALSE,1
EPDIB,0.0043,92,3,FALSE,1
BDEIP,0.004,93,2,FALSE,1
EDIBP,0.004,94,3,FALSE,1
IEPBD,0.0039,95,2,FALSE,1
IEPDB,0.0039,96,2,FALSE,1
EDPIB,0.0036,97,3,FALSE,1
DBEIP,0.0036,98,2,FALSE,1
BDEPI,0.0035,99,3,FALSE,1
IEDBP,0.0035,100,2,FALSE,1
IEDPB,0.0035,101,2,FALSE,1
IDEBP,0.0032,102,3,FALSE,1
IBEPD,0.0031,103,2,FALSE,1
DBEPI,0.0031,104,3,FALSE,1
IEBPD,0.0031,105,2,FALSE,1
IEBDP,0.0031,106,2,FALSE,1
EBIPD,0.0028,107,1,FALSE,1
EDPBI,0.0028,108,3,FALSE,1
IPDBE,0.0027,109,2,FALSE,1
PDEBI,0.0024,110,3,FALSE,1
PDEIB,0.0024,111,3,FALSE,1
EIBPD,0.0024,112,2,FALSE,1
EIBDP,0.0024,113,3,FALSE,1
IBEDP,0.002,114,2,FALSE,1
PBEDI,0.002,115,2,FALSE,1
EPDBI,0.002,116,3,FALSE,1
EDBPI,0.0016,117,3,FALSE,1
EBPDI,8e-04,118,2,FALSE,1
EBDPI,8e-04,119,3,FALSE,1
EPBDI,8e-04,120,3,FALSE,1
