order,sbf,rank,moves,is_word,is_unique
BLAND,0.0548,1,0,TRUE,1
BLADN,0.038,2,1,FALSE,1
DLANB,0.0325,3,2,FALSE,1
BALND,0.031,4,1,FALSE,1
BANLD,0.0306,5,1,FALSE,1
BANDL,0.0283,6,1,FALSE,1
BNDAL,0.0267,7,2,FALSE,1
BDNAL,0.0259,8,3,FALSE,1
DBNAL,0.0259,9,3,FALSE,1
BLNAD,0.0247,10,1,FALSE,1
BLDAN,0.0247,11,1,FALSE,1
NLADB,0.0247,12,2,FALSE,1
NBDAL,0.0243,13,3,FALSE,1
LANDB,0.0236,14,1,FALSE,1
BALDN,0.0232,15,2,FALSE,1
LABND,0.0232,16,1,FALSE,1
DNBAL,0.0232,17,3,FALSE,1
LBAND,0.0231,18,1,FALSE,1
BADLN,0.0228,19,2,FALSE,1
NDBAL,0.0224,20,3,FALSE,1
LANBD,0.0212,21,1,FALSE,1
BADNL,0.0204,22,2,FALSE,1
ALBND,0.02,23,2,FALSE,1
NLABD,0.02,24,2,FALSE,1
DLABN,0.02,25,2,FALSE,1
DANLB,0.0188,26,3,FALSE,1
DANBL,0.0184,27,3,FALSE,1
NABLD,0.0181,28,2,FALSE,1
BNALD,0.018,29,2,FALSE,1
BLDNA,0.0176,30,2,FALSE,1
BLNDA,0.0165,31,1,FALSE,1
LADBN,0.0157,32,2,FALSE,1
LADNB,0.0157,33,2,FALSE,1
NALDB,0.0157,34,3,FALSE,1
NADLB,0.0153,35,3,FALSE,1
ANBLD,0.015,36,2,FALSE,1
ABLND,0.0149,37,1,FALSE,1
NALBD,0.0145,38,3,FALSE,1
DALBN,0.0145,39,3,FALSE,1
DALNB,0.0145,40,3,FALSE,1
BNLAD,0.0142,41,1,FALSE,1
LABDN,0.0142,42,2,FALSE,1
DBANL,0.0141,43,2,FALSE,1
BDLAN,0.0138,44,1,FALSE,1
DABLN,0.0138,45,2,FALSE,1
NBALD,0.0137,46,2,FALSE,1
DNALB,0.0137,47,4,FALSE,1
BDANL,0.0133,48,2,FALSE,1
LDANB,0.0133,49,2,FALSE,1
DBLAN,0.013,50,1,FALSE,1
NADBL,0.0129,51,3,FALSE,1
ALNDB,0.0126,52,2,FALSE,1
NBLAD,0.0126,53,1,FALSE,1
ANDLB,0.0123,54,2,FALSE,1
LBNAD,0.0114,55,2,FALSE,1
ALDBN,0.0114,56,3,FALSE,1
ALDNB,0.0114,57,3,FALSE,1
NABDL,0.0114,58,3,FALSE,1
DABNL,0.0114,59,3,FALSE,1
ALBDN,0.011,60,3,FALSE,1
BNADL,0.0106,61,2,FALSE,1
LNADB,0.0106,62,2,FALSE,1
ABNLD,0.0106,63,2,FALSE,1
ANLDB,0.0103,64,2,FALSE,1
LBDAN,0.0102,65,2,FALSE,1
ALNBD,0.0102,66,2,FALSE,1
ANDBL,0.0099,67,2,FALSE,1
DBALN,0.0094,68,2,FALSE,1
ANLBD,0.0091,69,2,FALSE,1
DLBAN,0.0091,70,2,FALSE,1
DNLAB,0.0087,71,3,FALSE,1
LNBAD,0.0087,72,2,FALSE,1
NLBAD,0.0087,73,2,FALSE,1
BDALN,0.0086,74,2,FALSE,1
NDALB,0.0086,75,3,FALSE,1
LDBAN,0.0083,76,2,FALSE,1
ABNDL,0.0083,77,2,FALSE,1
ABDLN,0.0083,78,2,FALSE,1
ANBDL,0.0083,79,2,FALSE,1
NDLAB,0.0079,80,3,FALSE,1
ABLDN,0.0071,81,2,FALSE,1
LNDAB,0.0067,82,2,FALSE,1
ADBLN,0.0067,83,2,FALSE,1
LBADN,0.0063,84,2,FALSE,1
NBADL,0.0063,85,2,FALSE,1
LDNAB,0.0059,86,3,FALSE,1
DLNAB,0.0059,87,3,FALSE,1
LNABD,0.0059,88,2,FALSE,1
ABDNL,0.0059,89,3,FALSE,1
DNABL,0.0059,90,3,FALSE,1
BNDLA,0.0056,91,2,FALSE,1
NLDAB,0.0055,92,3,FALSE,1
ADLBN,0.0051,93,3,FALSE,1
ADLNB,0.0051,94,3,FALSE,1
ADNLB,0.0047,95,3,FALSE,1
ADBNL,0.0043,96,3,FALSE,1
ADNBL,0.0043,97,3,FALSE,1
DNBLA,0.004,98,2,FALSE,1
BDLNA,0.0039,99,2,FALSE,1
DLBNA,0.0039,100,3,FALSE,1
BNLDA,0.0036,101,2,FALSE,1
LBNDA,0.0032,102,2,FALSE,1
NBDLA,0.0032,103,2,FALSE,1
NDBLA,0.0032,104,2,FALSE,1
LBDNA,0.0031,105,3,FALSE,1
LDBNA,0.0031,106,3,FALSE,1
DBLNA,0.0031,107,2,FALSE,1
LNDBA,0.0024,108,2,FALSE,1
NBLDA,0.002,109,2,FALSE,1
LNBDA,0.0016,110,2,FALSE,1
NLBDA,0.0016,111,3,FALSE,1
DNLBA,0.0016,112,3,FALSE,1
BDNLA,0.0012,113,2,FALSE,1
DBNLA,0.0012,114,2,FALSE,1
NLDBA,0.0012,115,3,FALSE,1
LDABN,8e-04,116,2,FALSE,1
NDLBA,8e-04,117,3,FALSE,1
NDABL,8e-04,118,3,FALSE,1
LDNBA,0,119,3,FALSE,1
DLNBA,0,120,3,FALSE,1
