order,sbf,rank,moves,is_word,is_unique
BLAER,0.1015,1,1,FALSE,4
BALER,0.0992,2,2,TRUE,4
LABER,0.0883,3,2,FALSE,4
ALBER,0.0851,4,3,FALSE,4
ABLER,0.0831,5,2,TRUE,4
LBAER,0.0698,6,2,FALSE,4
BREAL,0.0651,7,2,FALSE,4
BLARE,0.0631,8,0,TRUE,4
BRALE,0.0631,9,2,FALSE,4
BRAEL,0.0553,10,2,FALSE,4
BAREL,0.0549,11,1,FALSE,4
BLEAR,0.0478,12,1,TRUE,4
BEARL,0.0474,13,2,FALSE,4
BERAL,0.0467,14,3,FALSE,4
LEARB,0.0435,15,2,FALSE,4
BARLE,0.0432,16,1,FALSE,4
ELARB,0.0423,17,2,FALSE,4
RABEL,0.0377,18,3,FALSE,4
ERALB,0.0377,19,4,FALSE,4
RBEAL,0.0373,20,3,FALSE,4
REBAL,0.0369,21,3,FALSE,4
LAREB,0.0357,22,1,FALSE,4
REALB,0.0349,23,3,FALSE,4
ABREL,0.0345,24,2,FALSE,4
RABLE,0.0342,25,2,FALSE,4
BRELA,0.0341,26,2,FALSE,4
BALRE,0.0338,27,1,FALSE,4
BEALR,0.0333,28,2,FALSE,4
BLERA,0.0325,29,2,FALSE,4
LREAB,0.0318,30,2,FALSE,4
LBARE,0.0314,31,1,FALSE,4
BELAR,0.031,32,1,FALSE,4
LRABE,0.0302,33,2,FALSE,4
ERABL,0.0299,34,3,FALSE,4
RALEB,0.0294,35,3,FALSE,4
EBRAL,0.0287,36,3,FALSE,4
BLREA,0.0278,37,1,FALSE,4
LRAEB,0.0275,38,2,FALSE,4
RLEAB,0.0275,39,3,FALSE,4
LABRE,0.0272,40,1,FALSE,4
ALERB,0.0271,41,3,FALSE,4
REABL,0.0271,42,3,FALSE,4
ARBEL,0.0267,43,2,FALSE,4
LERAB,0.0263,44,3,FALSE,4
ERBAL,0.026,45,3,FALSE,4
RELAB,0.0256,46,3,FALSE,4
ARELB,0.0251,47,2,FALSE,4
LEABR,0.0251,48,2,FALSE,4
LARBE,0.0247,49,1,FALSE,4
LBEAR,0.0243,50,2,FALSE,4
ALREB,0.0243,51,2,FALSE,4
EBARL,0.0243,52,2,FALSE,4
ALBRE,0.024,53,2,FALSE,4
RBALE,0.0239,54,2,FALSE,4
ELABR,0.0239,55,2,FALSE,4
ARBLE,0.0232,56,2,FALSE,4
RALBE,0.0231,57,3,FALSE,4
ABRLE,0.0228,58,2,FALSE,4
BRLEA,0.0227,59,2,FALSE,4
RLABE,0.0227,60,2,FALSE,4
BAERL,0.022,61,2,FALSE,4
BERLA,0.022,62,2,FALSE,4
LEBAR,0.0219,63,2,FALSE,4
BLRAE,0.0212,64,1,FALSE,4
ALEBR,0.0212,65,3,FALSE,4
AREBL,0.0204,66,2,FALSE,4
BRLAE,0.0204,67,1,FALSE,4
EARLB,0.0204,68,3,FALSE,4
RLAEB,0.02,69,2,FALSE,4
BELRA,0.0196,70,2,FALSE,4
LERBA,0.0188,71,3,FALSE,4
RELBA,0.0185,72,3,FALSE,4
EARBL,0.0184,73,3,FALSE,4
ABLRE,0.0177,74,1,FALSE,4
REBLA,0.0177,75,2,FALSE,4
BAELR,0.0173,76,2,FALSE,4
LEBRA,0.0164,77,3,FALSE,4
ABERL,0.0161,78,3,FALSE,4
RBAEL,0.0161,79,2,FALSE,4
RAELB,0.0157,80,3,FALSE,4
EABRL,0.0157,81,3,FALSE,4
LREBA,0.0153,82,2,FALSE,4
EBLAR,0.0149,83,1,FALSE,4
LBREA,0.0145,84,2,FALSE,4
ARLEB,0.0141,85,2,FALSE,4
ELBAR,0.0141,86,2,FALSE,4
EALRB,0.0141,87,3,FALSE,4
LAERB,0.0138,88,2,FALSE,4
EALBR,0.0137,89,3,FALSE,4
ALRBE,0.0133,90,2,FALSE,4
EABLR,0.013,91,2,FALSE,4
ELRAB,0.0118,92,3,FALSE,4
ABELR,0.0114,93,2,FALSE,4
AERLB,0.0114,94,3,FALSE,4
RLEBA,0.011,95,3,FALSE,4
RAEBL,0.011,96,3,FALSE,4
EBALR,0.0102,97,2,FALSE,4
ERLAB,0.0095,98,3,FALSE,4
AERBL,0.0094,99,3,FALSE,4
RBLEA,0.0094,100,2,FALSE,4
LBERA,0.009,101,3,FALSE,4
ELBRA,0.0086,102,3,FALSE,4
AEBRL,0.0082,103,3,FALSE,4
LBRAE,0.0079,104,2,FALSE,4
LAEBR,0.0079,105,2,FALSE,4
ARLBE,0.0078,106,2,FALSE,4
AELRB,0.0075,107,3,FALSE,4
LRBEA,0.0075,108,2,FALSE,4
AELBR,0.0071,109,3,FALSE,4
RBLAE,0.0071,110,1,FALSE,4
RLBEA,0.0071,111,3,FALSE,4
ERBLA,0.0068,112,2,FALSE,4
RBELA,0.0063,113,2,FALSE,4
AEBLR,0.0055,114,2,FALSE,4
ELRBA,0.0043,115,3,FALSE,4
EBRLA,0.004,116,2,FALSE,4
LRBAE,0.0036,117,2,FALSE,4
EBLRA,0.0035,118,2,FALSE,4
RLBAE,0.0032,119,2,FALSE,4
ERLBA,0.0024,120,3,FALSE,4
