order,sbf,rank,moves,is_word,is_unique
BLAST,0.0647,1,0,TRUE,2
STBAL,0.0475,2,3,FALSE,2
BLATS,0.0408,3,1,TRUE,2
STALB,0.0404,4,3,FALSE,2
BALST,0.0389,5,1,FALSE,2
SLATB,0.0377,6,2,FALSE,2
TLASB,0.0361,7,2,FALSE,2
LBAST,0.033,8,1,FALSE,2
STLAB,0.0326,9,3,FALSE,2
STABL,0.0326,10,3,FALSE,2
BATLS,0.0318,11,2,FALSE,2
BATSL,0.0314,12,2,FALSE,2
SLABT,0.0302,13,2,FALSE,2
LABST,0.0295,14,1,FALSE,2
BASTL,0.0294,15,1,FALSE,2
SATLB,0.029,16,3,FALSE,2
STBLA,0.0283,17,2,FALSE,2
BASLT,0.0275,18,1,FALSE,2
SATBL,0.0274,19,3,FALSE,2
LATSB,0.0267,20,2,FALSE,2
ALBST,0.0263,21,2,FALSE,2
BSTAL,0.0259,22,2,FALSE,2
STLBA,0.0255,23,3,FALSE,2
LATBS,0.0255,24,2,FALSE,2
SBTAL,0.0251,25,3,FALSE,2
LASTB,0.0247,26,1,FALSE,2
BALTS,0.0244,27,2,FALSE,2
SABLT,0.024,28,2,FALSE,2
BLSTA,0.0238,29,1,FALSE,2
BTASL,0.0236,30,2,FALSE,2
LTASB,0.0236,31,2,FALSE,2
ABLST,0.0228,32,1,FALSE,2
TSBAL,0.0224,33,3,FALSE,2
BTSAL,0.022,34,3,FALSE,2
TBSAL,0.022,35,3,FALSE,2
SALTB,0.0216,36,3,FALSE,2
TALSB,0.0216,37,3,FALSE,2
BLSAT,0.0208,38,1,FALSE,2
TLABS,0.02,39,2,FALSE,2
TALBS,0.02,40,3,FALSE,2
TASLB,0.02,41,3,FALSE,2
BLTAS,0.0196,42,1,FALSE,2
TASBL,0.0196,43,3,FALSE,2
TABLS,0.0193,44,2,FALSE,2
SALBT,0.0192,45,3,FALSE,2
SLBAT,0.0189,46,2,FALSE,2
ALSTB,0.018,47,2,FALSE,2
TBASL,0.0177,48,2,FALSE,2
TABSL,0.0169,49,3,FALSE,2
LASBT,0.0169,50,1,FALSE,2
SLTAB,0.0161,51,3,FALSE,2
SABTL,0.0161,52,3,FALSE,2
BLTSA,0.0157,53,2,FALSE,2
BTALS,0.0153,54,2,FALSE,2
SBALT,0.0149,55,2,FALSE,2
BSALT,0.0145,56,2,FALSE,2
LABTS,0.0142,57,2,FALSE,2
ABSTL,0.0137,58,2,FALSE,2
SLBTA,0.0137,59,3,FALSE,2
BSLAT,0.013,60,1,FALSE,2
SBLAT,0.0126,61,1,FALSE,2
ALTSB,0.0122,62,3,FALSE,2
ABSLT,0.0118,63,2,FALSE,2
ALBTS,0.011,64,3,FALSE,2
ALTBS,0.011,65,3,FALSE,2
SLTBA,0.011,66,3,FALSE,2
ASBLT,0.0106,67,2,FALSE,2
LBSTA,0.0105,68,2,FALSE,2
ALSBT,0.0102,69,2,FALSE,2
TBALS,0.0094,70,2,FALSE,2
LBATS,0.0091,71,2,FALSE,2
SBATL,0.0091,72,2,FALSE,2
TSALB,0.009,73,4,FALSE,2
BSATL,0.0087,74,2,FALSE,2
LSATB,0.0087,75,2,FALSE,2
ABLTS,0.0083,76,2,FALSE,2
BTLAS,0.0079,77,1,FALSE,2
LSBAT,0.0079,78,2,FALSE,2
TSLAB,0.0075,79,3,FALSE,2
LBSAT,0.0075,80,2,FALSE,2
LTABS,0.0075,81,2,FALSE,2
ABTLS,0.0075,82,2,FALSE,2
TBLAS,0.0075,83,1,FALSE,2
ABTSL,0.0071,84,3,FALSE,2
LSTAB,0.0059,85,2,FALSE,2
BSLTA,0.0055,86,2,FALSE,2
LBTAS,0.0055,87,2,FALSE,2
ASLTB,0.0055,88,2,FALSE,2
ASTLB,0.0051,89,2,FALSE,2
SBLTA,0.0051,90,2,FALSE,2
ATBLS,0.004,91,2,FALSE,2
ATLSB,0.0036,92,3,FALSE,2
TLBAS,0.0036,93,2,FALSE,2
ASTBL,0.0035,94,2,FALSE,2
BSTLA,0.0032,95,2,FALSE,2
TSBLA,0.0032,96,2,FALSE,2
ASLBT,0.0031,97,2,FALSE,2
LTBAS,0.0028,98,2,FALSE,2
LSBTA,0.0027,99,2,FALSE,2
ASBTL,0.0027,100,2,FALSE,2
BTLSA,0.0024,101,2,FALSE,2
SBTLA,0.0024,102,2,FALSE,2
LTSAB,0.002,103,3,FALSE,2
ATLBS,0.002,104,3,FALSE,2
ATSLB,0.002,105,3,FALSE,2
TBLSA,0.002,106,2,FALSE,2
TLSAB,0.002,107,3,FALSE,2
ATBSL,0.0016,108,3,FALSE,2
ATSBL,0.0016,109,3,FALSE,2
LBTSA,0.0016,110,3,FALSE,2
BTSLA,0.0012,111,2,FALSE,2
TBSLA,0.0012,112,2,FALSE,2
TLBSA,0.0012,113,3,FALSE,2
LSABT,0.0012,114,2,FALSE,2
TSABL,0.0012,115,3,FALSE,2
LSTBA,8e-04,116,2,FALSE,2
LTBSA,4e-04,117,3,FALSE,2
TSLBA,4e-04,118,3,FALSE,2
LTSBA,0,119,3,FALSE,2
TLSBA,0,120,3,FALSE,2
