order,sbf,rank,moves,is_word,is_unique
BLIMP,0.0403,1,0,TRUE,1
BLIPM,0.0286,2,1,FALSE,1
PLIMB,0.0275,3,2,FALSE,1
BILMP,0.0247,4,1,FALSE,1
PLIBM,0.0224,5,2,FALSE,1
PILMB,0.0192,6,3,FALSE,1
BLMIP,0.0188,7,1,FALSE,1
BPILM,0.0188,8,2,FALSE,1
LIBMP,0.0188,9,1,FALSE,1
MILPB,0.0176,10,3,FALSE,1
MPILB,0.0176,11,3,FALSE,1
MILBP,0.0172,12,3,FALSE,1
BLMPI,0.0168,13,1,FALSE,1
PILBM,0.0168,14,3,FALSE,1
BLPIM,0.0165,15,1,FALSE,1
LIMPB,0.016,16,1,FALSE,1
MIPLB,0.016,17,3,FALSE,1
BILPM,0.0157,18,2,FALSE,1
BIPLM,0.0153,19,2,FALSE,1
BMILP,0.0153,20,2,FALSE,1
MLIPB,0.0153,21,2,FALSE,1
LIPMB,0.0149,22,2,FALSE,1
MLIBP,0.0149,23,2,FALSE,1
PMBIL,0.0149,24,3,FALSE,1
LIMBP,0.0145,25,1,FALSE,1
PMILB,0.0145,26,4,FALSE,1
BIMPL,0.0141,27,1,FALSE,1
PBILM,0.0141,28,2,FALSE,1
PIMBL,0.0141,29,3,FALSE,1
PLBIM,0.0138,30,2,FALSE,1
LBIMP,0.0137,31,1,FALSE,1
MBILP,0.0137,32,2,FALSE,1
MIBLP,0.0134,33,2,FALSE,1
PIBLM,0.0134,34,2,FALSE,1
LIPBM,0.0133,35,2,FALSE,1
MIPBL,0.0133,36,3,FALSE,1
BLPMI,0.0133,37,2,FALSE,1
PIMLB,0.0129,38,3,FALSE,1
BIMLP,0.0122,39,1,FALSE,1
MPBIL,0.0118,40,3,FALSE,1
BMPIL,0.0115,41,2,FALSE,1
BIPML,0.0114,42,2,FALSE,1
BPMIL,0.0114,43,3,FALSE,1
LPIMB,0.0114,44,2,FALSE,1
PBMIL,0.0114,45,3,FALSE,1
PLMIB,0.0114,46,3,FALSE,1
PLMBI,0.0107,47,3,FALSE,1
LIBPM,0.0102,48,2,FALSE,1
ILBMP,0.0102,49,2,FALSE,1
MIBPL,0.0102,50,3,FALSE,1
BPIML,0.0098,51,2,FALSE,1
PIBML,0.0098,52,3,FALSE,1
MBPIL,0.0095,53,3,FALSE,1
IBLMP,0.0094,54,1,FALSE,1
LMBIP,0.009,55,2,FALSE,1
IMBLP,0.0083,56,2,FALSE,1
PLBMI,0.0083,57,3,FALSE,1
IMPLB,0.0067,58,2,FALSE,1
MLBIP,0.0067,59,2,FALSE,1
BPLIM,0.0067,60,1,FALSE,1
LPIBM,0.0063,61,2,FALSE,1
MPIBL,0.0063,62,3,FALSE,1
BMLIP,0.0059,63,1,FALSE,1
MBLIP,0.0059,64,1,FALSE,1
PMBLI,0.0059,65,2,FALSE,1
LBMIP,0.0055,66,2,FALSE,1
LPBIM,0.0055,67,2,FALSE,1
MPLIB,0.0055,68,3,FALSE,1
PBLIM,0.0055,69,1,FALSE,1
BMPLI,0.0051,70,2,FALSE,1
IMBPL,0.0051,71,2,FALSE,1
PBIML,0.0051,72,2,FALSE,1
ILMPB,0.0043,73,2,FALSE,1
PMLIB,0.0043,74,3,FALSE,1
LMPIB,0.004,75,2,FALSE,1
IMPBL,0.004,76,2,FALSE,1
LPMIB,0.0039,77,3,FALSE,1
IBPLM,0.0039,78,2,FALSE,1
BMIPL,0.0036,79,2,FALSE,1
LMIPB,0.0036,80,2,FALSE,1
IPBLM,0.0036,81,2,FALSE,1
IPLMB,0.0036,82,3,FALSE,1
LBMPI,0.0035,83,2,FALSE,1
IBMPL,0.0035,84,2,FALSE,1
LBPIM,0.0032,85,2,FALSE,1
LMIBP,0.0032,86,2,FALSE,1
LMPBI,0.0032,87,2,FALSE,1
LPMBI,0.0032,88,3,FALSE,1
PMIBL,0.0032,89,3,FALSE,1
MBPLI,0.0031,90,2,FALSE,1
LMBPI,0.0031,91,2,FALSE,1
ILMBP,0.0028,92,2,FALSE,1
MPBLI,0.0028,93,2,FALSE,1
ILPMB,0.0024,94,3,FALSE,1
IMLPB,0.0024,95,2,FALSE,1
MPLBI,0.0024,96,3,FALSE,1
BPLMI,0.002,97,2,FALSE,1
LBIPM,0.002,98,2,FALSE,1
IMLBP,0.002,99,2,FALSE,1
IPMBL,0.002,100,3,FALSE,1
MBIPL,0.002,101,2,FALSE,1
MLPIB,0.002,102,3,FALSE,1
IBMLP,0.0016,103,2,FALSE,1
ILBPM,0.0016,104,3,FALSE,1
BPMLI,0.0012,105,2,FALSE,1
PBMLI,0.0012,106,2,FALSE,1
IPLBM,0.0012,107,3,FALSE,1
MLPBI,0.0012,108,3,FALSE,1
PMLBI,0.0012,109,3,FALSE,1
ILPBM,8e-04,110,3,FALSE,1
IPMLB,8e-04,111,3,FALSE,1
MLBPI,8e-04,112,3,FALSE,1
PBLMI,8e-04,113,2,FALSE,1
BMLPI,4e-04,114,2,FALSE,1
IBLPM,4e-04,115,2,FALSE,1
MBLPI,4e-04,116,2,FALSE,1
LBPMI,0,117,3,FALSE,1
LPBMI,0,118,3,FALSE,1
IBPML,0,119,3,FALSE,1
IPBML,0,120,3,FALSE,1
