order,sbf,rank,moves,is_word,is_unique
BLISS,0.0447,1,0,TRUE,1
SLISB,0.0341,2,2,FALSE,1
SLIBS,0.0251,3,2,FALSE,1
BILSS,0.0244,4,1,FALSE,1
LBISS,0.0181,5,1,FALSE,1
LISSB,0.018,6,1,FALSE,1
BLSIS,0.018,7,1,FALSE,1
LIBSS,0.0177,8,1,FALSE,1
BLSSI,0.0176,9,1,FALSE,1
SILSB,0.0169,10,3,FALSE,1
SLBIS,0.0165,11,2,FALSE,1
BISSL,0.0161,12,1,FALSE,1
SILBS,0.0153,13,3,FALSE,1
LISBS,0.0137,14,1,FALSE,1
SLSIB,0.0137,15,3,FALSE,1
BSILS,0.0133,16,2,FALSE,1
SSILB,0.0133,17,3,FALSE,1
SBILS,0.0129,18,2,FALSE,1
BISLS,0.0122,19,1,FALSE,1
BSSIL,0.0122,20,2,FALSE,1
SISLB,0.0122,21,3,FALSE,1
SISBL,0.0118,22,3,FALSE,1
SSBIL,0.0118,23,3,FALSE,1
SLSBI,0.0114,24,3,FALSE,1
BSISL,0.011,25,2,FALSE,1
LSISB,0.011,26,2,FALSE,1
SLBSI,0.011,27,3,FALSE,1
SBSIL,0.011,28,3,FALSE,1
SIBLS,0.0107,29,2,FALSE,1
SBISL,0.0106,30,2,FALSE,1
IBLSS,0.0091,31,1,FALSE,1
ILBSS,0.0091,32,2,FALSE,1
SIBSL,0.0083,33,3,FALSE,1
BSLIS,0.0059,34,1,FALSE,1
LSBIS,0.0055,35,2,FALSE,1
SBLIS,0.0055,36,1,FALSE,1
ILSSB,0.0051,37,2,FALSE,1
LBSIS,0.0047,38,2,FALSE,1
LSSIB,0.0047,39,2,FALSE,1
SSLIB,0.0047,40,3,FALSE,1
LBSSI,0.0043,41,2,FALSE,1
IBSSL,0.0043,42,2,FALSE,1
ISBLS,0.0032,43,2,FALSE,1
ISLSB,0.0028,44,2,FALSE,1
SSBLI,0.0028,45,2,FALSE,1
ISSLB,0.0024,46,2,FALSE,1
LSSBI,0.0024,47,2,FALSE,1
BSLSI,0.002,48,2,FALSE,1
BSSLI,0.002,49,2,FALSE,1
LSIBS,0.002,50,2,FALSE,1
ISSBL,0.002,51,2,FALSE,1
SSIBL,0.002,52,3,FALSE,1
SBLSI,0.0016,53,2,FALSE,1
SSLBI,0.0016,54,3,FALSE,1
ISLBS,0.0012,55,2,FALSE,1
ILSBS,8e-04,56,2,FALSE,1
ISBSL,8e-04,57,2,FALSE,1
SBSLI,8e-04,58,2,FALSE,1
IBSLS,4e-04,59,2,FALSE,1
LSBSI,0,60,2,FALSE,1
