order,sbf,rank,moves,is_word,is_unique
BLUNT,0.058,1,0,TRUE,1
LBUNT,0.0318,2,1,FALSE,1
BLUTN,0.0309,3,1,FALSE,1
TLUNB,0.0298,4,2,FALSE,1
BULNT,0.0283,5,1,FALSE,1
BLNUT,0.0239,6,1,FALSE,1
LUBNT,0.0231,7,1,FALSE,1
BUNLT,0.0224,8,1,FALSE,1
BUNTL,0.0189,9,1,FALSE,1
BTUNL,0.0188,10,2,FALSE,1
LTUNB,0.0188,11,2,FALSE,1
UNBLT,0.0181,12,2,FALSE,1
NLUTB,0.0176,13,2,FALSE,1
TBUNL,0.0169,14,2,FALSE,1
BLTUN,0.0165,15,1,FALSE,1
LUNTB,0.0161,16,1,FALSE,1
ULBNT,0.0161,17,2,FALSE,1
BULTN,0.0158,18,2,FALSE,1
BLNTU,0.0157,19,1,FALSE,1
UBLNT,0.0149,20,1,FALSE,1
BLTNU,0.0141,21,2,FALSE,1
LUNBT,0.0137,22,1,FALSE,1
NLUBT,0.0137,23,2,FALSE,1
TLUBN,0.0137,24,2,FALSE,1
TUNLB,0.0137,25,3,FALSE,1
BUTLN,0.0134,26,2,FALSE,1
UNLTB,0.0134,27,2,FALSE,1
TUNBL,0.0133,28,3,FALSE,1
UNTLB,0.013,29,2,FALSE,1
NUBLT,0.0126,30,2,FALSE,1
BUTNL,0.0118,31,2,FALSE,1
BNULT,0.0118,32,2,FALSE,1
UNTBL,0.0114,33,2,FALSE,1
UNLBT,0.011,34,2,FALSE,1
LNBUT,0.011,35,2,FALSE,1
NBULT,0.011,36,2,FALSE,1
NLBUT,0.011,37,2,FALSE,1
LBNUT,0.0106,38,2,FALSE,1
UNBTL,0.0102,39,2,FALSE,1
TULBN,0.0102,40,3,FALSE,1
TULNB,0.0102,41,3,FALSE,1
TUBLN,0.0102,42,2,FALSE,1
BNLUT,0.0095,43,1,FALSE,1
NULTB,0.0095,44,3,FALSE,1
LUTBN,0.009,45,2,FALSE,1
LUTNB,0.009,46,2,FALSE,1
LUBTN,0.0082,47,2,FALSE,1
NBLUT,0.0079,48,1,FALSE,1
TUBNL,0.0078,49,3,FALSE,1
BTULN,0.0074,50,2,FALSE,1
NTULB,0.0074,51,3,FALSE,1
NULBT,0.0071,52,3,FALSE,1
NUTLB,0.0071,53,3,FALSE,1
TNULB,0.0063,54,4,FALSE,1
UBNLT,0.0059,55,2,FALSE,1
TBULN,0.0055,56,2,FALSE,1
BNUTL,0.0055,57,2,FALSE,1
LNUTB,0.0055,58,2,FALSE,1
NUTBL,0.0055,59,3,FALSE,1
BNTUL,0.0052,60,2,FALSE,1
TNBUL,0.0051,61,3,FALSE,1
BTNUL,0.0047,62,3,FALSE,1
LBUTN,0.0047,63,2,FALSE,1
NBUTL,0.0047,64,2,FALSE,1
NUBTL,0.0047,65,3,FALSE,1
TBNUL,0.0047,66,3,FALSE,1
LNTUB,0.0044,67,2,FALSE,1
NTBUL,0.0043,68,3,FALSE,1
TLBUN,0.0043,69,2,FALSE,1
BNLTU,0.004,70,2,FALSE,1
LTNUB,0.0039,71,3,FALSE,1
TLNUB,0.0039,72,3,FALSE,1
BNTLU,0.0036,73,2,FALSE,1
LTBUN,0.0035,74,2,FALSE,1
NBTUL,0.0032,75,3,FALSE,1
NLTUB,0.0032,76,3,FALSE,1
TNBLU,0.0032,77,2,FALSE,1
ULNTB,0.0028,78,2,FALSE,1
UTBLN,0.0028,79,2,FALSE,1
TNLUB,0.0028,80,3,FALSE,1
LTUBN,0.0027,81,2,FALSE,1
NTUBL,0.0027,82,3,FALSE,1
LBTUN,0.0024,83,2,FALSE,1
LBNTU,0.0024,84,2,FALSE,1
UBLTN,0.0024,85,2,FALSE,1
UBNTL,0.0024,86,2,FALSE,1
NBLTU,0.0024,87,2,FALSE,1
NTBLU,0.0024,88,2,FALSE,1
LNTBU,0.002,89,2,FALSE,1
BTLUN,0.0016,90,1,FALSE,1
LNUBT,0.0016,91,2,FALSE,1
UBTLN,0.0016,92,2,FALSE,1
NBTLU,0.0016,93,2,FALSE,1
NTLUB,0.0016,94,3,FALSE,1
TNLBU,0.0016,95,3,FALSE,1
TNUBL,0.0016,96,3,FALSE,1
ULBTN,0.0012,97,3,FALSE,1
ULTBN,0.0012,98,3,FALSE,1
ULTNB,0.0012,99,3,FALSE,1
TBLUN,0.0012,100,1,FALSE,1
LNBTU,8e-04,101,2,FALSE,1
UTLBN,8e-04,102,3,FALSE,1
UTLNB,8e-04,103,3,FALSE,1
UTNLB,8e-04,104,3,FALSE,1
NLBTU,8e-04,105,3,FALSE,1
NLTBU,8e-04,106,3,FALSE,1
TLBNU,8e-04,107,3,FALSE,1
BTLNU,4e-04,108,2,FALSE,1
BTNLU,4e-04,109,2,FALSE,1
ULNBT,4e-04,110,2,FALSE,1
UTBNL,4e-04,111,3,FALSE,1
UTNBL,4e-04,112,3,FALSE,1
NTLBU,4e-04,113,3,FALSE,1
TBNLU,4e-04,114,2,FALSE,1
LBTNU,0,115,3,FALSE,1
LTBNU,0,116,3,FALSE,1
LTNBU,0,117,3,FALSE,1
UBTNL,0,118,3,FALSE,1
TBLNU,0,119,2,FALSE,1
TLNBU,0,120,3,FALSE,1
