order,sbf,rank,moves,is_word,is_unique
BONER,0.1004,1,1,TRUE,2
OBNER,0.0804,2,2,FALSE,2
NOBER,0.0796,3,3,FALSE,2
ONBER,0.0757,4,2,FALSE,2
BNOER,0.0749,5,2,FALSE,2
NBOER,0.0722,6,2,FALSE,2
BRONE,0.0564,7,1,FALSE,2
BOREN,0.0514,8,1,FALSE,2
BROEN,0.049,9,2,FALSE,2
BREON,0.0404,10,2,FALSE,2
BORNE,0.0381,11,0,TRUE,2
BERON,0.0365,12,2,FALSE,2
BENOR,0.0356,13,2,FALSE,2
ERONB,0.0353,14,3,FALSE,2
BRENO,0.0349,15,2,FALSE,2
BONRE,0.0326,16,1,FALSE,2
NOREB,0.0325,17,2,FALSE,2
REBON,0.0294,18,2,FALSE,2
RONEB,0.0286,19,2,FALSE,2
BNORE,0.0279,20,1,FALSE,2
NROBE,0.027,21,3,FALSE,2
EROBN,0.0267,22,3,FALSE,2
ROBEN,0.0267,23,3,FALSE,2
BRNEO,0.0263,24,1,FALSE,2
BEORN,0.0263,25,1,FALSE,2
OBREN,0.0255,26,2,FALSE,2
NBORE,0.0252,27,1,FALSE,2
RENOB,0.0247,28,3,FALSE,2
NROEB,0.0247,29,3,FALSE,2
NEBOR,0.023,30,2,FALSE,2
RBONE,0.0224,31,1,FALSE,2
REONB,0.0224,32,3,FALSE,2
ORENB,0.0224,33,2,FALSE,2
ENBOR,0.0223,34,2,FALSE,2
BOERN,0.0216,35,1,FALSE,2
RENBO,0.0216,36,3,FALSE,2
BERNO,0.0216,37,2,FALSE,2
NORBE,0.0215,38,2,FALSE,2
ENORB,0.0212,39,3,FALSE,2
BEONR,0.0208,40,2,FALSE,2
BENRO,0.0204,41,3,FALSE,2
ORBEN,0.0201,42,2,FALSE,2
ROBNE,0.02,43,2,FALSE,2
RONBE,0.0195,44,2,FALSE,2
NEROB,0.0192,45,3,FALSE,2
BNEOR,0.0188,46,2,FALSE,2
EBORN,0.0185,47,1,FALSE,2
NOBRE,0.0185,48,2,FALSE,2
EBRON,0.0185,49,2,FALSE,2
ERBON,0.0185,50,2,FALSE,2
EBNOR,0.018,51,2,FALSE,2
BRNOE,0.0176,52,1,FALSE,2
OREBN,0.0173,53,2,FALSE,2
BOENR,0.0169,54,2,FALSE,2
NREBO,0.0169,55,3,FALSE,2
NREOB,0.0165,56,3,FALSE,2
EORNB,0.0165,57,2,FALSE,2
REBNO,0.0157,58,3,FALSE,2
NEORB,0.0157,59,3,FALSE,2
BNREO,0.0153,60,2,FALSE,2
NBREO,0.0153,61,2,FALSE,2
EORBN,0.0153,62,2,FALSE,2
RBOEN,0.015,63,2,FALSE,2
ONREB,0.0149,64,2,FALSE,2
ONBRE,0.0146,65,2,FALSE,2
NBEOR,0.0145,66,2,FALSE,2
NERBO,0.0141,67,3,FALSE,2
REOBN,0.0138,68,3,FALSE,2
ORNEB,0.0138,69,1,FALSE,2
ORBNE,0.0134,70,1,FALSE,2
ROENB,0.0133,71,3,FALSE,2
EBONR,0.013,72,2,FALSE,2
RBNEO,0.013,73,2,FALSE,2
OBNRE,0.0126,74,2,FALSE,2
RBEON,0.0126,75,2,FALSE,2
BNERO,0.0122,76,2,FALSE,2
OBRNE,0.0122,77,1,FALSE,2
ONERB,0.0118,78,2,FALSE,2
ENROB,0.0118,79,4,FALSE,2
ENOBR,0.011,80,3,FALSE,2
OBERN,0.011,81,2,FALSE,2
OERNB,0.0106,82,2,FALSE,2
NOERB,0.0098,83,3,FALSE,2
EONRB,0.0098,84,3,FALSE,2
OERBN,0.0094,85,2,FALSE,2
OENRB,0.0094,86,3,FALSE,2
RNOBE,0.009,87,2,FALSE,2
NEBRO,0.009,88,3,FALSE,2
EONBR,0.009,89,3,FALSE,2
OEBRN,0.0086,90,2,FALSE,2
OENBR,0.0086,91,3,FALSE,2
NRBEO,0.0083,92,3,FALSE,2
ENBRO,0.0083,93,3,FALSE,2
ROEBN,0.0082,94,3,FALSE,2
RNBEO,0.0079,95,2,FALSE,2
NBERO,0.0079,96,3,FALSE,2
EOBRN,0.0075,97,2,FALSE,2
RBENO,0.0071,98,3,FALSE,2
ERNOB,0.0071,99,3,FALSE,2
BNROE,0.0067,100,2,FALSE,2
RNOEB,0.0067,101,2,FALSE,2
RNEBO,0.0067,102,2,FALSE,2
NBROE,0.0067,103,2,FALSE,2
ENRBO,0.0067,104,3,FALSE,2
OBENR,0.0063,105,3,FALSE,2
RNEOB,0.0063,106,2,FALSE,2
ONEBR,0.0059,107,2,FALSE,2
NEOBR,0.0055,108,3,FALSE,2
NRBOE,0.0051,109,2,FALSE,2
ERBNO,0.0048,110,3,FALSE,2
ORNBE,0.0047,111,1,FALSE,2
RNBOE,0.0047,112,2,FALSE,2
RBNOE,0.0043,113,2,FALSE,2
ERNBO,0.004,114,3,FALSE,2
ONRBE,0.0039,115,2,FALSE,2
NOEBR,0.0039,116,3,FALSE,2
EBRNO,0.0036,117,2,FALSE,2
OEBNR,0.0031,118,3,FALSE,2
EBNRO,0.0028,119,3,FALSE,2
EOBNR,0.002,120,3,FALSE,2
