order,sbf,rank,moves,is_word,is_unique
BLARW,0.0513,1,2,FALSE,1
BRALW,0.0486,2,1,FALSE,1
BRAWL,0.0474,3,0,TRUE,1
WRALB,0.04,4,2,FALSE,1
WLARB,0.0384,5,3,FALSE,1
BLAWR,0.0368,6,2,FALSE,1
BRWAL,0.0345,7,1,FALSE,1
WRABL,0.0322,8,2,FALSE,1
LRAWB,0.031,9,2,FALSE,1
BARWL,0.0294,10,1,FALSE,1
BARLW,0.0287,11,2,FALSE,1
WRBAL,0.0283,12,2,FALSE,1
BWRAL,0.0279,13,1,FALSE,1
WBRAL,0.0279,14,1,FALSE,1
LRABW,0.0275,15,2,FALSE,1
BWARL,0.0262,16,2,FALSE,1
WARLB,0.0236,17,3,FALSE,1
RLAWB,0.0235,18,2,FALSE,1
WBARL,0.0235,19,2,FALSE,1
LWARB,0.0227,20,4,FALSE,1
RWBAL,0.0224,21,2,FALSE,1
BLRAW,0.022,22,1,FALSE,1
LARBW,0.022,23,3,FALSE,1
BALRW,0.022,24,2,FALSE,1
BALWR,0.022,25,2,FALSE,1
WARBL,0.0216,26,3,FALSE,1
LARWB,0.0216,27,3,FALSE,1
BLWAR,0.0215,28,3,FALSE,1
BRLAW,0.0212,29,1,FALSE,1
RBWAL,0.0212,30,2,FALSE,1
RALBW,0.0204,31,2,FALSE,1
RALWB,0.0204,32,2,FALSE,1
RABWL,0.0204,33,1,FALSE,1
RLABW,0.02,34,2,FALSE,1
WLABR,0.02,35,3,FALSE,1
RABLW,0.0197,36,2,FALSE,1
LBARW,0.0196,37,2,FALSE,1
BAWRL,0.0189,38,1,FALSE,1
WABRL,0.0189,39,2,FALSE,1
WALRB,0.0173,40,3,FALSE,1
WALBR,0.0169,41,3,FALSE,1
BLWRA,0.0164,42,2,FALSE,1
WABLR,0.0162,43,3,FALSE,1
BAWLR,0.0154,44,1,FALSE,1
LABRW,0.0154,45,2,FALSE,1
BRWLA,0.0149,46,1,FALSE,1
LABWR,0.0142,47,3,FALSE,1
BWLAR,0.0141,48,2,FALSE,1
WBLAR,0.0141,49,3,FALSE,1
RAWLB,0.0138,50,1,FALSE,1
BRLWA,0.0133,51,2,FALSE,1
BLRWA,0.0133,52,2,FALSE,1
RAWBL,0.013,53,1,FALSE,1
ALBRW,0.0122,54,2,FALSE,1
BWALR,0.0121,55,2,FALSE,1
RWALB,0.0121,56,2,FALSE,1
WRLAB,0.0118,57,3,FALSE,1
ALBWR,0.011,58,3,FALSE,1
ALWRB,0.011,59,3,FALSE,1
LAWRB,0.0107,60,3,FALSE,1
ALRBW,0.0106,61,3,FALSE,1
ABWRL,0.0102,62,2,FALSE,1
ALRWB,0.0102,63,3,FALSE,1
ALWBR,0.0102,64,3,FALSE,1
WLBAR,0.0102,65,3,FALSE,1
LAWBR,0.0099,66,3,FALSE,1
RBALW,0.0094,67,2,FALSE,1
ARBWL,0.0094,68,2,FALSE,1
WBALR,0.0094,69,2,FALSE,1
LWBAR,0.0094,70,3,FALSE,1
WRBLA,0.0091,71,3,FALSE,1
ABRWL,0.009,72,1,FALSE,1
LBRAW,0.0087,73,1,FALSE,1
ARBLW,0.0087,74,3,FALSE,1
ABRLW,0.0083,75,2,FALSE,1
RBAWL,0.0082,76,1,FALSE,1
LBWAR,0.0082,77,3,FALSE,1
RBLAW,0.0079,78,2,FALSE,1
WLRAB,0.0079,79,3,FALSE,1
LWRAB,0.0079,80,3,FALSE,1
AWBRL,0.0075,81,2,FALSE,1
RWLAB,0.0071,82,2,FALSE,1
ABWLR,0.0067,83,2,FALSE,1
ARWLB,0.0059,84,2,FALSE,1
ABLRW,0.0059,85,2,FALSE,1
ABLWR,0.0059,86,3,FALSE,1
ARWBL,0.0051,87,2,FALSE,1
ARLBW,0.0051,88,3,FALSE,1
ARLWB,0.0051,89,3,FALSE,1
LBAWR,0.0051,90,2,FALSE,1
AWBLR,0.0048,91,2,FALSE,1
AWRLB,0.0048,92,2,FALSE,1
WRLBA,0.0047,93,3,FALSE,1
WLBRA,0.0047,94,2,FALSE,1
LRBAW,0.0044,95,2,FALSE,1
RWABL,0.0043,96,2,FALSE,1
LWABR,0.0043,97,3,FALSE,1
RLBAW,0.004,98,2,FALSE,1
LWBRA,0.0039,99,2,FALSE,1
BWRLA,0.0032,100,2,FALSE,1
RWBLA,0.0032,101,2,FALSE,1
WBRLA,0.0032,102,2,FALSE,1
LBWRA,0.0031,103,2,FALSE,1
AWRBL,0.0028,104,2,FALSE,1
AWLRB,0.0028,105,2,FALSE,1
BWLRA,0.0027,106,2,FALSE,1
WBLRA,0.0027,107,2,FALSE,1
AWLBR,0.0024,108,2,FALSE,1
RBWLA,0.0016,109,2,FALSE,1
RLWAB,0.0012,110,3,FALSE,1
LRWAB,0.0012,111,3,FALSE,1
LRBWA,0.0012,112,3,FALSE,1
RLBWA,8e-04,113,3,FALSE,1
WLRBA,4e-04,114,3,FALSE,1
LWRBA,4e-04,115,3,FALSE,1
RBLWA,0,116,3,FALSE,1
RWLBA,0,117,2,FALSE,1
RLWBA,0,118,3,FALSE,1
LBRWA,0,119,2,FALSE,1
LRWBA,0,120,3,FALSE,1
