order,sbf,rank,moves,is_word,is_unique
BINER,0.1016,1,1,FALSE,2
INBER,0.0808,2,2,FALSE,2
BNIER,0.08,3,2,FALSE,2
IBNER,0.08,4,2,FALSE,2
NIBER,0.0788,5,3,FALSE,2
NBIER,0.0753,6,2,FALSE,2
BRINE,0.0697,7,0,TRUE,2
BRIEN,0.0545,8,1,FALSE,2
ERINB,0.0486,9,2,FALSE,2
BIREN,0.0389,10,2,FALSE,2
REINB,0.0388,11,2,FALSE,2
BREIN,0.0376,12,1,FALSE,2
BEINR,0.0372,13,2,FALSE,2
BINRE,0.0338,14,1,FALSE,2
BRENI,0.0337,15,2,FALSE,2
RINEB,0.0334,16,1,FALSE,2
RBINE,0.0333,17,1,FALSE,2
BERIN,0.0317,18,1,FALSE,2
NRIEB,0.0302,19,2,FALSE,2
NRIBE,0.0274,20,2,FALSE,2
ERIBN,0.0271,21,2,FALSE,2
BEIRN,0.0266,22,2,FALSE,2
REBIN,0.0266,23,2,FALSE,2
BENIR,0.0258,24,3,FALSE,2
BIRNE,0.0256,25,1,FALSE,2
RIBEN,0.0252,26,2,FALSE,2
BRNEI,0.0251,27,1,FALSE,2
IBREN,0.0251,28,2,FALSE,2
BNIRE,0.0247,29,2,FALSE,2
RINBE,0.0243,30,1,FALSE,2
RENIB,0.0243,31,3,FALSE,2
NIREB,0.0243,32,3,FALSE,2
EBINR,0.0239,33,2,FALSE,2
IRENB,0.0216,34,3,FALSE,2
RENBI,0.0212,35,3,FALSE,2
BRNIE,0.0211,36,1,FALSE,2
BIERN,0.0204,37,2,FALSE,2
BERNI,0.0204,38,2,TRUE,2
INREB,0.02,39,2,FALSE,2
NBIRE,0.02,40,2,FALSE,2
INBRE,0.0197,41,2,FALSE,2
IRBEN,0.0193,42,3,FALSE,2
BENRI,0.0188,43,2,FALSE,2
RIBNE,0.0185,44,1,FALSE,2
RBIEN,0.0181,45,2,FALSE,2
ENIRB,0.018,46,4,FALSE,2
NIBRE,0.0177,47,2,FALSE,2
REIBN,0.0173,48,2,FALSE,2
NERIB,0.0172,49,3,FALSE,2
INERB,0.0169,50,2,FALSE,2
IREBN,0.0165,51,3,FALSE,2
NREBI,0.0165,52,3,FALSE,2
NREIB,0.0165,53,3,FALSE,2
EINRB,0.0165,54,3,FALSE,2
NEIRB,0.016,55,3,FALSE,2
BIENR,0.0157,56,2,FALSE,2
RIENB,0.0157,57,2,FALSE,2
ERBIN,0.0157,58,2,FALSE,2
EINBR,0.0157,59,3,FALSE,2
REBNI,0.0145,60,3,FALSE,2
BNREI,0.0141,61,2,FALSE,2
NBREI,0.0141,62,2,FALSE,2
EBRIN,0.0137,63,1,FALSE,2
NERBI,0.0137,64,3,FALSE,2
NEBIR,0.0136,65,3,FALSE,2
NIRBE,0.0133,66,3,FALSE,2
EBIRN,0.0133,67,2,FALSE,2
IRNEB,0.013,68,2,FALSE,2
NIERB,0.0129,69,3,FALSE,2
ENBIR,0.0129,70,3,FALSE,2
IRBNE,0.0126,71,2,FALSE,2
IBNRE,0.0122,72,2,FALSE,2
RNIEB,0.0118,73,2,FALSE,2
IBRNE,0.0118,74,1,FALSE,2
RBNEI,0.0118,75,2,FALSE,2
INEBR,0.011,76,2,FALSE,2
ENIBR,0.011,77,3,FALSE,2
BNERI,0.0106,78,2,FALSE,2
RIEBN,0.0106,79,2,FALSE,2
IBERN,0.0106,80,2,FALSE,2
IERNB,0.0106,81,3,FALSE,2
RBEIN,0.0098,82,2,FALSE,2
ENRIB,0.0098,83,3,FALSE,2
EIRNB,0.0095,84,3,FALSE,2
BNEIR,0.0094,85,2,FALSE,2
IERBN,0.0094,86,3,FALSE,2
IENRB,0.0094,87,3,FALSE,2
RNIBE,0.009,88,2,FALSE,2
INRBE,0.009,89,2,FALSE,2
NRBIE,0.009,90,2,FALSE,2
NEIBR,0.009,91,3,FALSE,2
BNRIE,0.0086,92,1,FALSE,2
RNBIE,0.0086,93,2,FALSE,2
IEBRN,0.0086,94,2,FALSE,2
IENBR,0.0086,95,3,FALSE,2
NBRIE,0.0086,96,1,FALSE,2
EIRBN,0.0083,97,3,FALSE,2
EBNIR,0.0082,98,3,FALSE,2
EIBRN,0.0079,99,2,FALSE,2
RBNIE,0.0078,100,2,FALSE,2
NEBRI,0.0074,101,2,FALSE,2
NRBEI,0.0071,102,3,FALSE,2
NIEBR,0.007,103,3,FALSE,2
RNBEI,0.0067,104,2,FALSE,2
ENBRI,0.0067,105,2,FALSE,2
ERNIB,0.0067,106,3,FALSE,2
RNEBI,0.0063,107,2,FALSE,2
RNEIB,0.0063,108,2,FALSE,2
NBERI,0.0063,109,2,FALSE,2
ENRBI,0.0063,110,3,FALSE,2
RBENI,0.0059,111,3,FALSE,2
IBENR,0.0059,112,3,FALSE,2
NBEIR,0.0051,113,3,FALSE,2
IRNBE,0.0039,114,2,FALSE,2
ERBNI,0.0036,115,3,FALSE,2
ERNBI,0.0036,116,3,FALSE,2
IEBNR,0.0031,117,3,FALSE,2
EBRNI,0.0024,118,2,FALSE,2
EIBNR,0.0024,119,3,FALSE,2
EBNRI,0.0012,120,2,FALSE,2
