order,sbf,rank,moves,is_word,is_unique
BRADO,0.0467,1,1,FALSE,3
BROAD,0.0458,2,0,TRUE,3
BRAOD,0.0439,3,1,FALSE,3
BOARD,0.0408,4,1,TRUE,3
BRODA,0.0403,5,1,FALSE,3
BORAD,0.0397,6,1,FALSE,3
DRABO,0.0393,7,3,FALSE,3
DRAOB,0.0393,8,3,FALSE,3
DROAB,0.0372,9,2,FALSE,3
BADOR,0.0361,10,2,FALSE,3
BAROD,0.0349,11,1,FALSE,3
DROBA,0.0345,12,2,FALSE,3
ORADB,0.0342,13,2,FALSE,3
ARODB,0.0313,14,2,FALSE,3
DOARB,0.0306,15,3,FALSE,3
BARDO,0.0295,16,2,FALSE,3
ORABD,0.0295,17,2,FALSE,3
AROBD,0.0294,18,2,FALSE,3
BORDA,0.0291,19,2,FALSE,3
BAORD,0.0287,20,2,FALSE,3
DORAB,0.0287,21,3,FALSE,3
DABOR,0.0282,22,3,FALSE,3
BODAR,0.027,23,2,FALSE,3
DAROB,0.0259,24,3,FALSE,3
OBARD,0.0251,25,2,FALSE,3
ABORD,0.0244,26,2,FALSE,3
RABOD,0.0231,27,2,FALSE,3
BADRO,0.0224,28,2,FALSE,3
BOADR,0.0224,29,1,FALSE,3
RADOB,0.022,30,2,FALSE,3
ABDOR,0.0216,31,3,FALSE,3
DBARO,0.0212,32,2,FALSE,3
DORBA,0.0212,33,3,FALSE,3
ADBOR,0.0211,34,3,FALSE,3
DARBO,0.0208,35,3,FALSE,3
RADBO,0.0204,36,2,FALSE,3
BDARO,0.0204,37,2,FALSE,3
ODARB,0.0196,38,3,FALSE,3
BODRA,0.0188,39,2,FALSE,3
ROADB,0.0188,40,1,FALSE,3
RABDO,0.0185,41,2,FALSE,3
ROBAD,0.0177,42,1,FALSE,3
BRDAO,0.0176,43,2,FALSE,3
DOBAR,0.0173,44,3,FALSE,3
OARDB,0.0173,45,2,FALSE,3
AORDB,0.0173,46,3,FALSE,3
ADORB,0.0173,47,3,FALSE,3
BRDOA,0.0165,48,1,FALSE,3
DAORB,0.0165,49,4,FALSE,3
RODAB,0.0164,50,2,FALSE,3
DBORA,0.0161,51,2,FALSE,3
BAODR,0.0157,52,2,FALSE,3
OARBD,0.0157,53,2,FALSE,3
AORBD,0.0157,54,3,FALSE,3
DBAOR,0.0157,55,3,FALSE,3
BDORA,0.0153,56,2,FALSE,3
BDAOR,0.0149,57,3,FALSE,3
DRBOA,0.0149,58,2,FALSE,3
ABROD,0.0145,59,1,FALSE,3
OABRD,0.0142,60,2,FALSE,3
DABRO,0.0142,61,2,FALSE,3
ROABD,0.0141,62,1,FALSE,3
RAODB,0.0141,63,2,FALSE,3
OBRAD,0.0138,64,1,FALSE,3
DBOAR,0.0133,65,2,FALSE,3
DRBAO,0.013,66,3,FALSE,3
BDOAR,0.0125,67,2,FALSE,3
RAOBD,0.0122,68,2,FALSE,3
DOABR,0.0122,69,3,FALSE,3
RODBA,0.0121,70,2,FALSE,3
ARBOD,0.0121,71,2,FALSE,3
DOBRA,0.0118,72,2,TRUE,3
RBOAD,0.0118,73,1,FALSE,3
OBDAR,0.0117,74,3,FALSE,3
ABODR,0.0114,75,2,FALSE,3
ADROB,0.0114,76,3,FALSE,3
ORBAD,0.0111,77,2,FALSE,3
ROBDA,0.0106,78,2,FALSE,3
OADRB,0.0102,79,2,FALSE,3
ODBAR,0.0098,80,3,FALSE,3
OADBR,0.0094,81,2,FALSE,3
ABRDO,0.0091,82,2,FALSE,3
ARDOB,0.0091,83,3,FALSE,3
AOBRD,0.0087,84,2,FALSE,3
ODRAB,0.0083,85,3,FALSE,3
OABDR,0.0079,86,2,FALSE,3
ABDRO,0.0079,87,2,FALSE,3
ARDBO,0.0075,88,3,FALSE,3
RBADO,0.0075,89,2,FALSE,3
ARBDO,0.0075,90,3,FALSE,3
BDRAO,0.0071,91,2,FALSE,3
ORDAB,0.0071,92,3,FALSE,3
DBRAO,0.0071,93,2,FALSE,3
ADBRO,0.0071,94,2,FALSE,3
ADOBR,0.0071,95,3,FALSE,3
OBADR,0.0067,96,2,FALSE,3
BDROA,0.0063,97,1,FALSE,3
RBODA,0.0063,98,2,FALSE,3
ADRBO,0.0063,99,3,FALSE,3
DBROA,0.0063,100,1,FALSE,3
DAOBR,0.0063,101,3,FALSE,3
RDOAB,0.0055,102,2,FALSE,3
AODRB,0.0055,103,3,FALSE,3
RBAOD,0.0047,104,2,FALSE,3
AODBR,0.0047,105,3,FALSE,3
ODBRA,0.0043,106,2,FALSE,3
ORBDA,0.004,107,3,FALSE,3
RBDAO,0.0035,108,3,FALSE,3
RDBOA,0.0035,109,2,FALSE,3
OBDRA,0.0035,110,2,FALSE,3
OBRDA,0.0032,111,2,FALSE,3
RDOBA,0.0028,112,2,FALSE,3
ORDBA,0.0028,113,3,FALSE,3
RBDOA,0.0024,114,2,FALSE,3
RDABO,0.0024,115,3,FALSE,3
RDAOB,0.0024,116,3,FALSE,3
AOBDR,0.0024,117,3,FALSE,3
RDBAO,0.0016,118,3,FALSE,3
ODABR,0.0012,119,3,FALSE,3
ODRBA,8e-04,120,3,FALSE,3
