order,sbf,rank,moves,is_word,is_unique
BUYER,0.0796,1,0,TRUE,1
YUBER,0.078,2,2,FALSE,1
UYBER,0.0741,3,1,FALSE,1
UBYER,0.0721,4,1,FALSE,1
BYUER,0.0717,5,1,FALSE,1
YBUER,0.0717,6,1,FALSE,1
BUREY,0.0385,7,2,FALSE,1
BRUEY,0.0321,8,2,FALSE,1
BREUY,0.029,9,2,FALSE,1
BREYU,0.0282,10,3,FALSE,1
BEURY,0.0279,11,2,FALSE,1
BUERY,0.0276,12,1,FALSE,1
YUREB,0.0263,13,3,FALSE,1
BRUYE,0.0243,14,1,FALSE,1
BERUY,0.0231,15,2,FALSE,1
BRYUE,0.0219,16,2,FALSE,1
UREBY,0.0204,17,3,FALSE,1
BUYRE,0.0197,18,1,FALSE,1
BRYEU,0.0195,19,2,FALSE,1
BURYE,0.0193,20,1,FALSE,1
EBURY,0.0193,21,2,FALSE,1
UBREY,0.0192,22,3,FALSE,1
BERYU,0.0188,23,2,FALSE,1
BYURE,0.0185,24,2,FALSE,1
YBURE,0.0185,25,2,FALSE,1
UBERY,0.0181,26,2,FALSE,1
RUBEY,0.0176,27,3,FALSE,1
ERUBY,0.0173,28,3,FALSE,1
REBUY,0.0172,29,2,FALSE,1
YUBRE,0.0169,30,3,FALSE,1
EUBRY,0.0165,31,3,FALSE,1
YREUB,0.0165,32,3,FALSE,1
BYREU,0.0161,33,2,FALSE,1
UEBRY,0.0161,34,2,FALSE,1
UREYB,0.0161,35,3,FALSE,1
EURBY,0.0161,36,3,FALSE,1
REUBY,0.0157,37,3,FALSE,1
UYREB,0.0153,38,2,FALSE,1
YREBU,0.0153,39,3,FALSE,1
YURBE,0.0153,40,3,FALSE,1
YERUB,0.0149,41,2,FALSE,1
REBYU,0.0145,42,3,FALSE,1
YBREU,0.0141,43,3,FALSE,1
YRUBE,0.0137,44,3,FALSE,1
YRUEB,0.0137,45,3,FALSE,1
BEYUR,0.0137,46,2,FALSE,1
URBEY,0.0134,47,3,FALSE,1
ERUYB,0.0134,48,3,FALSE,1
UERBY,0.0133,49,2,FALSE,1
UYBRE,0.013,50,2,FALSE,1
REYUB,0.0126,51,4,FALSE,1
BYRUE,0.0122,52,2,FALSE,1
UBYRE,0.0122,53,2,FALSE,1
REYBU,0.0122,54,3,FALSE,1
EURYB,0.0118,55,3,FALSE,1
REUYB,0.0118,56,3,FALSE,1
BEUYR,0.0106,57,1,FALSE,1
BUEYR,0.0103,58,1,FALSE,1
YBRUE,0.0102,59,2,FALSE,1
BEYRU,0.0102,60,2,FALSE,1
YERBU,0.0102,61,2,FALSE,1
YEBUR,0.0101,62,2,FALSE,1
YRBUE,0.0098,63,2,FALSE,1
RUEBY,0.0098,64,3,FALSE,1
YUERB,0.0091,65,2,FALSE,1
UERYB,0.009,66,2,FALSE,1
RBUEY,0.0086,67,2,FALSE,1
RYBUE,0.0086,68,2,FALSE,1
YEURB,0.0075,69,2,FALSE,1
URYEB,0.0074,70,2,FALSE,1
BYERU,0.0071,71,1,FALSE,1
YRBEU,0.0071,72,3,FALSE,1
URYBE,0.007,73,2,FALSE,1
RUYEB,0.007,74,2,FALSE,1
UYERB,0.0067,75,1,FALSE,1
EYURB,0.0067,76,3,FALSE,1
EYRUB,0.0067,77,3,FALSE,1
EYBUR,0.0066,78,2,FALSE,1
RUBYE,0.0066,79,2,FALSE,1
RUYBE,0.0066,80,2,FALSE,1
YBERU,0.0063,81,2,FALSE,1
ERBUY,0.0063,82,2,FALSE,1
RBYUE,0.0063,83,2,FALSE,1
ERYUB,0.0059,84,3,FALSE,1
RYBEU,0.0059,85,3,FALSE,1
ERYBU,0.0055,86,3,FALSE,1
BYEUR,0.0055,87,1,FALSE,1
RUEYB,0.0055,88,3,FALSE,1
EBRUY,0.0051,89,2,FALSE,1
YEBRU,0.0051,90,2,FALSE,1
YBEUR,0.0047,91,2,FALSE,1
EBYUR,0.0047,92,2,FALSE,1
UYRBE,0.0043,93,2,FALSE,1
EUBYR,0.0039,94,2,FALSE,1
RBYEU,0.0039,95,2,FALSE,1
ERBYU,0.0036,96,3,FALSE,1
UEBYR,0.0035,97,2,FALSE,1
YUEBR,0.0032,98,2,FALSE,1
RYUBE,0.0027,99,3,FALSE,1
RYUEB,0.0027,100,3,FALSE,1
URBYE,0.0024,101,2,FALSE,1
EBUYR,0.002,102,1,FALSE,1
EYRBU,0.002,103,3,FALSE,1
RYEUB,0.002,104,3,FALSE,1
EYBRU,0.0016,105,3,FALSE,1
YEUBR,0.0012,106,2,FALSE,1
EBYRU,0.0012,107,2,FALSE,1
RBEUY,0.0012,108,2,FALSE,1
UBEYR,8e-04,109,2,FALSE,1
UYEBR,8e-04,110,1,FALSE,1
UEYBR,8e-04,111,2,FALSE,1
UEYRB,8e-04,112,2,FALSE,1
EBRYU,8e-04,113,3,FALSE,1
EUYBR,8e-04,114,2,FALSE,1
EUYRB,8e-04,115,2,FALSE,1
RBUYE,8e-04,116,1,FALSE,1
RYEBU,8e-04,117,3,FALSE,1
EYUBR,4e-04,118,3,FALSE,1
RBEYU,4e-04,119,3,FALSE,1
UBRYE,0,120,2,FALSE,1
