order,sbf,rank,moves,is_word,is_unique
CABBY,0.0282,1,0,TRUE,1
BACBY,0.022,2,2,FALSE,1
BABCY,0.0216,3,2,FALSE,1
CABYB,0.0212,4,1,FALSE,1
BABYC,0.0189,5,2,FALSE,1
CAYBB,0.0184,6,1,FALSE,1
BBACY,0.0184,7,2,FALSE,1
BACYB,0.0181,8,3,FALSE,1
BAYCB,0.0161,9,3,FALSE,1
BAYBC,0.0161,10,3,FALSE,1
YBACB,0.0157,11,3,FALSE,1
BYACB,0.0149,12,3,FALSE,1
BBCAY,0.011,13,2,FALSE,1
YABBC,0.0102,14,2,FALSE,1
ABCBY,0.0098,15,1,FALSE,1
ABBCY,0.0098,16,1,FALSE,1
ACBBY,0.0094,17,1,FALSE,1
CBBAY,0.0091,18,1,FALSE,1
BCBAY,0.0079,19,2,FALSE,1
BYCAB,0.0071,20,2,FALSE,1
YABCB,0.0071,21,2,FALSE,1
ABBYC,0.0071,22,1,FALSE,1
BCABY,0.007,23,1,FALSE,1
ABYCB,0.0067,24,2,FALSE,1
ABYBC,0.0067,25,2,FALSE,1
YACBB,0.0063,26,2,FALSE,1
ABCYB,0.0059,27,2,FALSE,1
YBCAB,0.0055,28,2,FALSE,1
CBABY,0.0055,29,1,FALSE,1
CYBBA,0.0043,30,2,FALSE,1
CYBAB,0.0036,31,2,FALSE,1
YBBAC,0.0036,32,3,FALSE,1
ACYBB,0.0032,33,2,FALSE,1
BYBAC,0.0032,34,3,FALSE,1
AYBBC,0.0031,35,2,FALSE,1
BCAYB,0.0031,36,2,FALSE,1
YCABB,0.0031,37,1,FALSE,1
YCBBA,0.0031,38,2,FALSE,1
CBYAB,0.0028,39,2,FALSE,1
BCYAB,0.0028,40,2,FALSE,1
BBYAC,0.0028,41,2,FALSE,1
YCBAB,0.0024,42,2,FALSE,1
ACBYB,0.0024,43,2,FALSE,1
YBBCA,0.002,44,3,FALSE,1
CBAYB,0.0016,45,2,FALSE,1
BBAYC,0.0016,46,2,FALSE,1
BBYCA,0.0016,47,2,FALSE,1
BYCBA,0.0016,48,3,FALSE,1
BYBCA,0.0016,49,3,FALSE,1
YBABC,0.0016,50,3,FALSE,1
CBBYA,0.0012,51,1,FALSE,1
CYABB,0.0012,52,1,FALSE,1
CBYBA,8e-04,53,2,FALSE,1
AYCBB,8e-04,54,2,FALSE,1
BCYBA,8e-04,55,3,FALSE,1
BYABC,8e-04,56,3,FALSE,1
AYBCB,0,57,2,FALSE,1
BCBYA,0,58,2,FALSE,1
BBCYA,0,59,2,FALSE,1
YBCBA,0,60,3,FALSE,1
