order,sbf,rank,moves,is_word,is_unique
BLACE,0.0596,1,2,FALSE,2
CABEL,0.0416,2,1,FALSE,2
BLEAC,0.0408,3,2,FALSE,2
BECAL,0.0404,4,2,FALSE,2
BEACL,0.0396,5,3,FALSE,2
LEACB,0.0392,6,3,FALSE,2
CLEAB,0.0389,7,2,FALSE,2
CABLE,0.0381,8,0,TRUE,2
BACEL,0.0381,9,3,FALSE,2
BCEAL,0.0381,10,2,FALSE,2
ELACB,0.038,11,3,FALSE,2
CBEAL,0.0373,12,2,FALSE,2
BALCE,0.0362,13,2,FALSE,2
CLABE,0.0341,14,1,FALSE,2
BACLE,0.0334,15,2,FALSE,2
CALEB,0.0333,16,1,TRUE,2
BLAEC,0.0333,17,2,FALSE,2
BEALC,0.0333,18,3,FALSE,2
CLAEB,0.0314,19,2,FALSE,2
BALEC,0.031,20,2,FALSE,2
BLECA,0.029,21,2,FALSE,2
LBACE,0.0279,22,3,FALSE,2
CEBAL,0.0271,23,2,FALSE,2
CALBE,0.027,24,1,FALSE,2
LABCE,0.0264,25,2,FALSE,2
EBCAL,0.0263,26,2,FALSE,2
ABCEL,0.0259,27,2,FALSE,2
BCALE,0.0254,28,1,FALSE,2
CEALB,0.0251,29,2,FALSE,2
ALECB,0.0251,30,2,FALSE,2
LEABC,0.0251,31,3,FALSE,2
BELAC,0.024,32,3,FALSE,2
CBALE,0.0239,33,1,FALSE,2
ELABC,0.0239,34,3,FALSE,2
ALBCE,0.0232,35,2,FALSE,2
ACBEL,0.0228,36,2,FALSE,2
CLEBA,0.0224,37,2,FALSE,2
ECBAL,0.0224,38,2,FALSE,2
ABCLE,0.0212,39,1,FALSE,2
ALEBC,0.0212,40,2,FALSE,2
ABLCE,0.0201,41,1,FALSE,2
LABEC,0.0201,42,2,FALSE,2
LECAB,0.02,43,2,FALSE,2
BELCA,0.0197,44,3,FALSE,2
CAELB,0.0196,45,2,FALSE,2
BLCEA,0.0196,46,2,FALSE,2
ACBLE,0.0193,47,1,FALSE,2
BLCAE,0.0192,48,2,FALSE,2
LACEB,0.0189,49,3,FALSE,2
CLBEA,0.0185,50,2,FALSE,2
LCEAB,0.0181,51,2,FALSE,2
BCAEL,0.0176,52,2,FALSE,2
BAELC,0.0173,53,3,FALSE,2
CEABL,0.0173,54,1,FALSE,2
LBEAC,0.0173,55,3,FALSE,2
ALBEC,0.0169,56,2,FALSE,2
BAECL,0.0165,57,3,FALSE,2
EBACL,0.0165,58,3,FALSE,2
BECLA,0.0165,59,3,FALSE,2
CBAEL,0.0161,60,2,FALSE,2
ALCEB,0.0161,61,2,FALSE,2
LACBE,0.0161,62,2,FALSE,2
CELAB,0.0158,63,2,FALSE,2
EALCB,0.0157,64,3,FALSE,2
LEBAC,0.0149,65,3,FALSE,2
CAEBL,0.0149,66,1,FALSE,2
ABLEC,0.0149,67,1,FALSE,2
CLBAE,0.0146,68,2,FALSE,2
LECBA,0.0145,69,3,FALSE,2
EALBC,0.0137,70,3,FALSE,2
LEBCA,0.0133,71,3,FALSE,2
ALCBE,0.0133,72,2,FALSE,2
EABLC,0.013,73,2,FALSE,2
LAECB,0.0118,74,3,FALSE,2
ABELC,0.0114,75,2,FALSE,2
ACLEB,0.0114,76,2,FALSE,2
ECALB,0.0109,77,2,FALSE,2
ABECL,0.0106,78,2,FALSE,2
EACLB,0.0106,79,3,FALSE,2
EABCL,0.0106,80,2,FALSE,2
EBALC,0.0102,81,3,FALSE,2
ELCAB,0.0098,82,2,FALSE,2
EACBL,0.0098,83,2,FALSE,2
CBLEA,0.0094,84,1,FALSE,2
BCLEA,0.0094,85,2,FALSE,2
AELCB,0.0091,86,3,FALSE,2
CELBA,0.0087,87,3,FALSE,2
ACELB,0.0087,88,3,FALSE,2
CEBLA,0.0079,89,2,FALSE,2
EBLAC,0.0079,90,3,FALSE,2
LAEBC,0.0079,91,3,FALSE,2
CBLAE,0.0071,92,1,FALSE,2
AELBC,0.0071,93,3,FALSE,2
BCLAE,0.0071,94,2,FALSE,2
BCELA,0.0071,95,3,FALSE,2
ECLAB,0.0071,96,2,FALSE,2
ELBAC,0.0071,97,4,FALSE,2
CBELA,0.0063,98,2,FALSE,2
LCBEA,0.0063,99,2,FALSE,2
AECLB,0.0059,100,3,FALSE,2
LBCEA,0.0059,101,3,FALSE,2
LCABE,0.0058,102,1,FALSE,2
LBCAE,0.0055,103,2,FALSE,2
LBECA,0.0055,104,3,FALSE,2
ELBCA,0.0055,105,3,FALSE,2
AEBLC,0.0055,106,2,FALSE,2
ACLBE,0.0051,107,2,FALSE,2
AECBL,0.0051,108,2,FALSE,2
ELCBA,0.0043,109,3,FALSE,2
ACEBL,0.004,110,2,FALSE,2
EBLCA,0.0036,111,3,FALSE,2
ECBLA,0.0032,112,2,FALSE,2
AEBCL,0.0031,113,2,FALSE,2
LCAEB,0.0031,114,2,FALSE,2
ECABL,0.0031,115,1,FALSE,2
LCBAE,0.0024,116,2,FALSE,2
EBCLA,0.0024,117,3,FALSE,2
LBAEC,0.0016,118,3,FALSE,2
LCEBA,0.0016,119,3,FALSE,2
ECLBA,0,120,3,FALSE,2
