order,sbf,rank,moves,is_word,is_unique
CAGED,0.0984,1,0,TRUE,2
GACED,0.0882,2,2,FALSE,2
ACGED,0.0781,3,1,FALSE,2
AGCED,0.078,4,1,FALSE,2
GCAED,0.0713,5,1,FALSE,2
CGAED,0.0702,6,1,FALSE,2
CADGE,0.0399,7,1,TRUE,2
DEACG,0.0396,8,3,FALSE,2
CADEG,0.0349,9,2,FALSE,2
CAGDE,0.0341,10,1,FALSE,2
GEACD,0.0325,11,2,FALSE,2
GADCE,0.029,12,3,FALSE,2
GADEC,0.0286,13,3,FALSE,2
DGACE,0.0283,14,3,FALSE,2
GDACE,0.0271,15,3,FALSE,2
DEAGC,0.0271,16,3,FALSE,2
GACDE,0.0259,17,3,FALSE,2
DAGCE,0.0251,18,2,FALSE,2
DACGE,0.0239,19,2,FALSE,2
GCEAD,0.0236,20,2,FALSE,2
GEADC,0.0231,21,2,FALSE,2
CGEAD,0.0228,22,1,FALSE,2
CEADG,0.022,23,2,FALSE,2
DAGEC,0.0204,24,2,FALSE,2
DECAG,0.0204,25,2,FALSE,2
DEGAC,0.02,26,4,FALSE,2
ACDGE,0.0196,27,2,FALSE,2
GCADE,0.0192,28,2,FALSE,2
CEAGD,0.0189,29,1,FALSE,2
GECAD,0.0188,30,2,FALSE,2
CGADE,0.0181,31,2,FALSE,2
DCEAG,0.0181,32,2,FALSE,2
DCAGE,0.018,33,1,FALSE,2
CDEAG,0.0177,34,2,FALSE,2
GDEAC,0.0177,35,3,FALSE,2
ADCGE,0.0176,36,2,FALSE,2
CEGAD,0.0173,37,2,FALSE,2
DGEAC,0.0173,38,3,FALSE,2
EGACD,0.0169,39,3,FALSE,2
AGDCE,0.0165,40,2,FALSE,2
ADGCE,0.0165,41,2,FALSE,2
EDACG,0.0165,42,3,FALSE,2
DACEG,0.0165,43,3,FALSE,2
CAEDG,0.0161,44,1,FALSE,2
AGDEC,0.0161,45,2,FALSE,2
EADGC,0.016,46,3,FALSE,2
CAEGD,0.0157,47,1,FALSE,2
CDAGE,0.0157,48,1,FALSE,2
AGCDE,0.0157,49,2,FALSE,2
DECGA,0.0149,50,3,FALSE,2
DEGCA,0.0149,51,3,FALSE,2
ACDEG,0.0146,52,3,FALSE,2
ACGDE,0.0138,53,2,FALSE,2
GAECD,0.0129,54,2,FALSE,2
CGDEA,0.0122,55,2,FALSE,2
GCDEA,0.0122,56,3,FALSE,2
EAGCD,0.0121,57,2,FALSE,2
EAGDC,0.0121,58,2,FALSE,2
EADCG,0.0121,59,3,FALSE,2
EGCAD,0.0118,60,2,FALSE,2
ADGEC,0.0118,61,2,FALSE,2
ECGAD,0.0114,62,2,FALSE,2
GEDAC,0.0105,63,2,FALSE,2
GAEDC,0.0102,64,2,FALSE,2
ADCEG,0.0102,65,3,FALSE,2
EACGD,0.0098,66,2,FALSE,2
EACDG,0.0098,67,3,FALSE,2
CEDAG,0.0094,68,2,FALSE,2
ADECG,0.0094,69,3,FALSE,2
CEDGA,0.009,70,2,FALSE,2
AGECD,0.009,71,1,FALSE,2
DAECG,0.009,72,3,FALSE,2
GECDA,0.0086,73,2,FALSE,2
CDGEA,0.0079,74,2,FALSE,2
DCGEA,0.0079,75,2,FALSE,2
ECADG,0.0078,76,2,FALSE,2
EDGAC,0.0075,77,3,FALSE,2
EGADC,0.0075,78,3,FALSE,2
AEDGC,0.0074,79,2,FALSE,2
EDCAG,0.0071,80,2,FALSE,2
GEDCA,0.007,81,2,FALSE,2
CEGDA,0.0067,82,2,FALSE,2
AGEDC,0.0063,83,1,FALSE,2
ADEGC,0.0063,84,3,FALSE,2
CDGAE,0.0059,85,2,FALSE,2
GDECA,0.0059,86,3,FALSE,2
DCGAE,0.0059,87,2,FALSE,2
GDCEA,0.0059,88,3,FALSE,2
DAEGC,0.0059,89,3,FALSE,2
DGCEA,0.0059,90,3,FALSE,2
GDCAE,0.0055,91,2,FALSE,2
DGCAE,0.0055,92,2,FALSE,2
DGECA,0.0055,93,3,FALSE,2
ACEDG,0.0052,94,2,FALSE,2
AECGD,0.0051,95,2,FALSE,2
AECDG,0.0051,96,2,FALSE,2
EGDAC,0.0051,97,3,FALSE,2
ACEGD,0.0048,98,2,FALSE,2
ECAGD,0.0047,99,1,FALSE,2
CGDAE,0.0043,100,2,FALSE,2
AEGCD,0.0043,101,2,FALSE,2
AEGDC,0.0043,102,2,FALSE,2
GCDAE,0.0043,103,2,FALSE,2
ECDAG,0.0043,104,2,FALSE,2
EDAGC,0.004,105,3,FALSE,2
ECDGA,0.0039,106,3,FALSE,2
GCEDA,0.0036,107,2,FALSE,2
AEDCG,0.0035,108,2,FALSE,2
DCAEG,0.0035,109,2,FALSE,2
CGEDA,0.0028,110,1,FALSE,2
EDGCA,0.0024,111,3,FALSE,2
DCEGA,0.0024,112,3,FALSE,2
CDEGA,0.002,113,3,FALSE,2
DGAEC,0.002,114,3,FALSE,2
EGCDA,0.0016,115,3,FALSE,2
EGDCA,0.0016,116,3,FALSE,2
EDCGA,0.0016,117,3,FALSE,2
CDAEG,0.0012,118,2,FALSE,2
GDAEC,8e-04,119,3,FALSE,2
ECGDA,8e-04,120,2,FALSE,2
