order,sbf,rank,moves,is_word,is_unique
TRACA,0.0573,1,3,FALSE,1
CRATA,0.0561,2,1,FALSE,1
CRAAT,0.0522,3,1,FALSE,1
ARACT,0.0506,4,1,FALSE,1
CATAR,0.0446,5,2,FALSE,1
TRAAC,0.0432,6,3,FALSE,1
CARAT,0.042,7,0,TRUE,1
CAART,0.0403,8,1,FALSE,1
ARATC,0.0401,9,1,FALSE,1
CATRA,0.0368,10,1,FALSE,1
RATCA,0.0365,11,2,FALSE,1
CARTA,0.0356,12,1,FALSE,1
RATAC,0.0337,13,2,FALSE,1
TARAC,0.0322,14,2,FALSE,1
ACART,0.0313,15,1,FALSE,1
TARCA,0.0298,16,2,FALSE,1
RAACT,0.0286,17,2,FALSE,1
TACAR,0.0286,18,2,FALSE,1
CTARA,0.0282,19,1,FALSE,1
TAARC,0.0282,20,3,FALSE,1
RACAT,0.0275,21,2,FALSE,1
ATARC,0.0271,22,3,FALSE,1
AATCR,0.0251,23,2,FALSE,1
TAACR,0.0243,24,3,FALSE,1
TCARA,0.0238,25,1,FALSE,1
ATACR,0.0232,26,3,FALSE,1
AARCT,0.0227,27,2,FALSE,1
CRTAA,0.0227,28,2,FALSE,1
RTACA,0.0224,29,3,FALSE,1
CAATR,0.022,30,1,FALSE,1
TACRA,0.0204,31,2,FALSE,1
AATRC,0.0196,32,2,FALSE,1
TRCAA,0.0196,33,2,FALSE,1
RACTA,0.0192,34,2,FALSE,1
AARTC,0.0184,35,2,FALSE,1
ACRAT,0.0182,36,1,FALSE,1
RAATC,0.0181,37,2,FALSE,1
ACTAR,0.0161,38,2,FALSE,1
ARCAT,0.0161,39,1,FALSE,1
CTAAR,0.0153,40,2,FALSE,1
AACRT,0.0153,41,2,FALSE,1
ATCAR,0.0145,42,2,FALSE,1
RCATA,0.0133,43,2,FALSE,1
ARTCA,0.013,44,2,FALSE,1
ACATR,0.013,45,2,FALSE,1
ATRAC,0.0122,46,2,FALSE,1
ACRTA,0.0118,47,2,FALSE,1
TCAAR,0.0109,48,2,FALSE,1
ARTAC,0.0102,49,2,FALSE,1
ATRCA,0.0098,50,2,FALSE,1
CTRAA,0.0098,51,2,FALSE,1
TCRAA,0.0095,52,2,FALSE,1
RCAAT,0.0094,53,1,FALSE,1
ACTRA,0.0083,54,2,FALSE,1
RTAAC,0.0083,55,3,FALSE,1
ARCTA,0.0078,56,2,FALSE,1
ATCRA,0.0063,57,2,FALSE,1
AACTR,0.0059,58,2,FALSE,1
RCTAA,0.0059,59,2,FALSE,1
RTCAA,0.0051,60,2,FALSE,1
