order,sbf,rank,moves,is_word,is_unique
CRAMO,0.0522,1,2,FALSE,3
CRAOM,0.0498,2,1,FALSE,3
CROAM,0.047,3,1,FALSE,3
CROMA,0.0466,4,1,FALSE,3
ORACM,0.0436,5,3,FALSE,3
MRACO,0.0416,6,3,FALSE,3
COARM,0.0388,7,1,FALSE,3
CAROM,0.038,8,0,TRUE,3
MOARC,0.0368,9,3,FALSE,3
CORAM,0.0362,10,2,FALSE,3
ORAMC,0.0354,11,3,FALSE,3
MORAC,0.0353,12,4,FALSE,3
CAMOR,0.0349,13,2,FALSE,3
MACOR,0.0341,14,3,FALSE,3
MORCA,0.0329,15,3,FALSE,3
MAROC,0.0329,16,2,FALSE,3
MOACR,0.0329,17,3,FALSE,3
AROCM,0.0325,18,1,FALSE,3
MARCO,0.0313,19,2,TRUE,3
CORMA,0.0306,20,2,FALSE,3
AROMC,0.0302,21,1,FALSE,3
CARMO,0.0298,22,1,FALSE,3
CAORM,0.0286,23,1,FALSE,3
MOCAR,0.0285,24,2,FALSE,3
MRAOC,0.0283,25,3,FALSE,3
ROACM,0.0282,26,2,FALSE,3
MROCA,0.0282,27,3,FALSE,3
MROAC,0.027,28,3,FALSE,3
COMAR,0.0263,29,2,FALSE,3
OCARM,0.0258,30,1,FALSE,3
COAMR,0.024,31,2,FALSE,3
MAORC,0.0239,32,3,FALSE,3
MCARO,0.0227,33,1,FALSE,3
CMARO,0.0223,34,1,FALSE,3
RACOM,0.022,35,2,FALSE,3
CRMOA,0.0216,36,2,FALSE,3
MACRO,0.0216,37,2,TRUE,3
ACORM,0.0212,38,2,FALSE,3
AMCOR,0.0212,39,3,FALSE,3
OMARC,0.0207,40,3,FALSE,3
CAMRO,0.0204,41,1,FALSE,3
MOCRA,0.0203,42,3,FALSE,3
CRMAO,0.02,43,2,FALSE,3
COMRA,0.02,44,2,FALSE,3
AORCM,0.02,45,2,FALSE,3
ROAMC,0.02,46,2,FALSE,3
OARCM,0.02,47,2,FALSE,3
AMORC,0.0189,48,3,FALSE,3
MCORA,0.0188,49,3,FALSE,3
ACMOR,0.0185,50,3,FALSE,3
ROCAM,0.0184,51,2,FALSE,3
RAMOC,0.0177,52,3,FALSE,3
MCAOR,0.0172,53,2,FALSE,3
MAOCR,0.0172,54,3,FALSE,3
CAOMR,0.0169,55,1,FALSE,3
RACMO,0.0169,56,3,FALSE,3
CMAOR,0.0168,57,2,FALSE,3
RMACO,0.0168,58,3,FALSE,3
OMACR,0.0168,59,3,FALSE,3
CMORA,0.0165,60,3,FALSE,3
AORMC,0.0161,61,2,FALSE,3
OARMC,0.0161,62,2,FALSE,3
MCOAR,0.016,63,2,FALSE,3
RAOCM,0.0153,64,2,FALSE,3
ROMAC,0.0153,65,2,FALSE,3
RAMCO,0.0149,66,3,FALSE,3
ROCMA,0.0144,67,2,FALSE,3
ACROM,0.0142,68,1,FALSE,3
ROMCA,0.0141,69,2,FALSE,3
OCRAM,0.0139,70,2,FALSE,3
CMOAR,0.0137,71,2,FALSE,3
RAOMC,0.013,72,2,FALSE,3
OMCAR,0.0129,73,2,FALSE,3
AMOCR,0.0122,74,3,FALSE,3
OACRM,0.0114,75,2,FALSE,3
AMROC,0.0114,76,2,FALSE,3
OCAMR,0.011,77,2,FALSE,3
OCMAR,0.011,78,2,FALSE,3
ARCOM,0.0106,79,1,FALSE,3
RCOAM,0.0106,80,2,FALSE,3
RCOMA,0.0102,81,2,FALSE,3
AMRCO,0.0098,82,2,FALSE,3
ACOMR,0.0095,83,2,FALSE,3
MCRAO,0.0095,84,2,FALSE,3
RCAMO,0.0094,85,2,FALSE,3
ORCAM,0.0091,86,2,FALSE,3
AMCRO,0.0087,87,2,FALSE,3
MCROA,0.0087,88,2,FALSE,3
ARMOC,0.0083,89,2,FALSE,3
OCRMA,0.0083,90,2,FALSE,3
AOCRM,0.0082,91,2,FALSE,3
RMOCA,0.0079,92,3,FALSE,3
OMRAC,0.0079,93,3,FALSE,3
CMRAO,0.0071,94,2,FALSE,3
OACMR,0.0071,95,3,FALSE,3
RCAOM,0.007,96,1,FALSE,3
RMOAC,0.0067,97,3,FALSE,3
CMROA,0.0063,98,2,FALSE,3
ACRMO,0.006,99,2,FALSE,3
AOMCR,0.0059,100,2,FALSE,3
AOMRC,0.0059,101,2,FALSE,3
ARCMO,0.0055,102,2,FALSE,3
ARMCO,0.0055,103,2,FALSE,3
OMRCA,0.0055,104,3,FALSE,3
OAMCR,0.0055,105,3,FALSE,3
OAMRC,0.0055,106,3,FALSE,3
RMCAO,0.0051,107,2,FALSE,3
ORCMA,0.0051,108,3,FALSE,3
OCMRA,0.0047,109,3,FALSE,3
OMCRA,0.0047,110,3,FALSE,3
MRCAO,0.0047,111,2,FALSE,3
ORMAC,0.0044,112,3,FALSE,3
ACMRO,0.004,113,2,FALSE,3
AOCMR,0.0039,114,2,FALSE,3
RMAOC,0.0035,115,3,FALSE,3
ORMCA,0.0032,116,3,FALSE,3
RMCOA,0.0028,117,3,FALSE,3
RCMOA,0.0028,118,3,FALSE,3
MRCOA,0.0024,119,3,FALSE,3
RCMAO,0.0012,120,2,FALSE,3
