order,sbf,rank,moves,is_word,is_unique
CROAL,0.0654,1,1,FALSE,4
CORAL,0.0546,2,2,TRUE,4
CRALO,0.0545,3,2,FALSE,4
CLARO,0.051,4,1,TRUE,4
CRAOL,0.0483,5,1,FALSE,4
CROLA,0.0462,6,1,FALSE,4
CLAOR,0.0455,7,2,FALSE,4
CALOR,0.0439,8,2,FALSE,4
ORACL,0.0436,9,3,FALSE,4
LRACO,0.0416,10,3,FALSE,4
CLORA,0.0408,11,3,FALSE,4
COARL,0.04,12,1,FALSE,4
OLARC,0.0396,13,3,FALSE,4
CLOAR,0.038,14,2,FALSE,4
ORALC,0.0373,15,3,FALSE,4
ALORC,0.0369,16,3,FALSE,4
ROCAL,0.0368,17,2,FALSE,4
CAROL,0.0365,18,0,TRUE,4
OLACR,0.0357,19,3,FALSE,4
RLACO,0.0341,20,3,FALSE,4
LOARC,0.0337,21,3,FALSE,4
COLAR,0.0334,22,2,FALSE,4
AROCL,0.0325,23,1,FALSE,4
OCRAL,0.0323,24,2,FALSE,4
LORAC,0.0322,25,4,FALSE,4
AROLC,0.0321,26,1,FALSE,4
CARLO,0.0318,27,1,TRUE,4
ALOCR,0.0302,28,3,FALSE,4
CORLA,0.0299,29,2,FALSE,4
CAORL,0.0298,30,1,FALSE,4
LOACR,0.0298,31,3,FALSE,4
LORCA,0.0298,32,3,FALSE,4
LACOR,0.0291,33,3,FALSE,4
RCOAL,0.029,34,2,FALSE,4
LRAOC,0.0283,35,3,FALSE,4
ROACL,0.0282,36,2,FALSE,4
LROCA,0.0282,37,3,FALSE,4
LAROC,0.0279,38,2,FALSE,4
ORCAL,0.0275,39,2,FALSE,4
OCARL,0.027,40,1,FALSE,4
LROAC,0.027,41,3,FALSE,4
RALOC,0.0267,42,3,FALSE,4
ALCOR,0.0263,43,3,FALSE,4
LARCO,0.0263,44,2,FALSE,4
CALRO,0.0259,45,1,FALSE,4
COALR,0.0259,46,2,FALSE,4
LOCAR,0.0254,47,2,FALSE,4
CRLAO,0.0247,48,2,FALSE,4
CRLOA,0.0247,49,2,FALSE,4
LCARO,0.0227,50,1,FALSE,4
ACORL,0.0224,51,2,FALSE,4
RALCO,0.0224,52,3,FALSE,4
ROLAC,0.0224,53,2,FALSE,4
COLRA,0.022,54,2,FALSE,4
ACLOR,0.022,55,3,FALSE,4
ROALC,0.0219,56,2,FALSE,4
RLAOC,0.0208,57,3,FALSE,4
RLOCA,0.0208,58,3,FALSE,4
RACOL,0.0205,59,2,FALSE,4
AORCL,0.02,60,2,FALSE,4
OARCL,0.02,61,2,FALSE,4
RLOAC,0.0196,62,3,FALSE,4
LAORC,0.0189,63,3,FALSE,4
CAOLR,0.0188,64,1,FALSE,4
LCORA,0.0188,65,3,FALSE,4
CLRAO,0.0185,66,2,FALSE,4
RACLO,0.0181,67,3,FALSE,4
ROLCA,0.0181,68,2,FALSE,4
CLROA,0.0177,69,2,FALSE,4
AORLC,0.0177,70,2,FALSE,4
OARLC,0.0177,71,2,FALSE,4
LCAOR,0.0172,72,2,FALSE,4
LOCRA,0.0172,73,3,FALSE,4
LACRO,0.0166,74,2,FALSE,4
ALROC,0.0165,75,2,FALSE,4
OCLAR,0.0161,76,2,FALSE,4
LCOAR,0.016,77,2,FALSE,4
RAOCL,0.0153,78,2,FALSE,4
ALRCO,0.0149,79,2,FALSE,4
RAOLC,0.0149,80,2,FALSE,4
OLCAR,0.0145,81,2,FALSE,4
ALCRO,0.0138,82,2,FALSE,4
OALCR,0.013,83,3,FALSE,4
ROCLA,0.0129,84,2,FALSE,4
OCALR,0.0129,85,2,FALSE,4
ACROL,0.0127,86,1,FALSE,4
OACRL,0.0126,87,2,FALSE,4
LAOCR,0.0122,88,3,FALSE,4
RCALO,0.0117,89,2,FALSE,4
ACOLR,0.0114,90,2,FALSE,4
ARLOC,0.0114,91,2,FALSE,4
OALRC,0.011,92,3,FALSE,4
AOLCR,0.0099,93,2,FALSE,4
RCOLA,0.0098,94,2,FALSE,4
OLRAC,0.0095,95,3,FALSE,4
LCRAO,0.0095,96,2,FALSE,4
AOCRL,0.0094,97,2,FALSE,4
ARCOL,0.0091,98,1,FALSE,4
ORLAC,0.0091,99,3,FALSE,4
LCROA,0.0087,100,2,FALSE,4
ACRLO,0.008,101,2,FALSE,4
AOLRC,0.0079,102,2,FALSE,4
OACLR,0.0079,103,3,FALSE,4
OCRLA,0.0076,104,2,FALSE,4
ARLCO,0.0071,105,2,FALSE,4
OLRCA,0.0071,106,3,FALSE,4
ARCLO,0.0067,107,2,FALSE,4
RCLAO,0.0063,108,2,FALSE,4
RCLOA,0.0063,109,3,FALSE,4
OLCRA,0.0063,110,3,FALSE,4
RCAOL,0.0055,111,1,FALSE,4
RLCAO,0.0051,112,2,FALSE,4
ORLCA,0.0048,113,3,FALSE,4
AOCLR,0.0047,114,2,FALSE,4
OCLRA,0.0047,115,3,FALSE,4
LRCAO,0.0047,116,2,FALSE,4
ACLRO,0.004,117,2,FALSE,4
ORCLA,0.0036,118,3,FALSE,4
RLCOA,0.0028,119,3,FALSE,4
LRCOA,0.0024,120,3,FALSE,4
