order,sbf,rank,moves,is_word,is_unique
CATER,0.118,1,0,TRUE,7
TACER,0.0898,2,2,FALSE,7
ACTER,0.0895,3,1,FALSE,7
CTAER,0.0757,4,1,FALSE,7
ATCER,0.0757,5,1,FALSE,7
TCAER,0.0713,6,1,FALSE,7
TRACE,0.0687,7,3,TRUE,7
CRATE,0.0683,8,1,TRUE,7
CRAET,0.0573,9,2,FALSE,7
CREAT,0.0557,10,2,FALSE,7
CARET,0.0541,11,2,TRUE,7
RATCE,0.0479,12,2,FALSE,7
ERACT,0.0479,13,3,FALSE,7
CARTE,0.0478,14,1,TRUE,7
TREAC,0.0467,15,3,FALSE,7
CATRE,0.0459,16,1,FALSE,7
RATEC,0.0459,17,2,FALSE,7
REACT,0.0451,18,3,TRUE,7
CEART,0.0431,19,2,FALSE,7
TRAEC,0.0424,20,3,FALSE,7
TARCE,0.0412,21,3,FALSE,7
TEARC,0.0392,22,2,FALSE,7
TAREC,0.0384,23,3,FALSE,7
ERATC,0.0374,24,3,FALSE,7
CTARE,0.0373,25,2,FALSE,7
CRETA,0.0364,26,3,FALSE,7
CRTEA,0.0361,27,2,FALSE,7
TEACR,0.0353,28,2,FALSE,7
TRECA,0.0349,29,3,FALSE,7
REATC,0.0346,30,3,FALSE,7
RTACE,0.0338,31,3,FALSE,7
RACET,0.0334,32,3,FALSE,7
TCARE,0.0329,33,2,FALSE,7
RACTE,0.0314,34,2,FALSE,7
ACRET,0.0303,35,3,FALSE,7
TACRE,0.0295,36,3,FALSE,7
EATCR,0.029,37,2,FALSE,7
ECART,0.0289,38,2,FALSE,7
CAERT,0.0282,39,1,FALSE,7
ARECT,0.0282,40,3,FALSE,7
RECAT,0.0275,41,2,FALSE,7
ETARC,0.0271,42,3,FALSE,7
CTEAR,0.027,43,1,FALSE,7
EARCT,0.0266,44,3,FALSE,7
RCATE,0.0255,45,1,FALSE,7
TCEAR,0.0251,46,2,FALSE,7
CEATR,0.0248,47,1,FALSE,7
RETCA,0.0248,48,3,FALSE,7
ARTCE,0.0244,49,2,FALSE,7
CERAT,0.024,50,2,FALSE,7
ACRTE,0.024,51,2,FALSE,7
RCEAT,0.0236,52,2,FALSE,7
EATRC,0.0235,53,2,FALSE,7
CRTAE,0.0235,54,2,FALSE,7
ETACR,0.0232,55,3,FALSE,7
TECAR,0.0231,56,2,FALSE,7
ARTEC,0.0224,57,2,FALSE,7
TERAC,0.0224,58,2,FALSE,7
EARTC,0.0223,59,3,FALSE,7
ARCET,0.022,60,3,FALSE,7
RETAC,0.022,61,4,FALSE,7
ATRCE,0.0212,62,2,FALSE,7
TRCEA,0.0208,63,3,FALSE,7
ARETC,0.0204,64,3,FALSE,7
TRCAE,0.0204,65,2,FALSE,7
ARCTE,0.02,66,2,FALSE,7
TERCA,0.02,67,2,FALSE,7
RTEAC,0.02,68,3,FALSE,7
RCTEA,0.0193,69,2,FALSE,7
CETAR,0.0192,70,2,FALSE,7
EACRT,0.0192,71,3,FALSE,7
RECTA,0.0192,72,3,TRUE,7
RAECT,0.0188,73,3,FALSE,7
ATREC,0.0184,74,2,FALSE,7
CERTA,0.0176,75,2,FALSE,7
AERCT,0.0176,76,2,FALSE,7
ACTRE,0.0174,77,2,FALSE,7
ACERT,0.0173,78,2,FALSE,7
CTREA,0.0172,79,2,FALSE,7
TCREA,0.0169,80,3,FALSE,7
TAERC,0.0161,81,2,FALSE,7
ECRAT,0.0158,82,2,FALSE,7
ATCRE,0.0154,83,2,FALSE,7
CAETR,0.0149,84,1,FALSE,7
TECRA,0.0149,85,2,FALSE,7
TAECR,0.0145,86,2,FALSE,7
RCAET,0.0145,87,2,FALSE,7
AECRT,0.0145,88,2,FALSE,7
ETCAR,0.0145,89,2,FALSE,7
ECTAR,0.0137,90,2,FALSE,7
ERCAT,0.0134,91,2,FALSE,7
AERTC,0.0133,92,2,FALSE,7
AETCR,0.0126,93,2,FALSE,7
ETRAC,0.0122,94,3,FALSE,7
CTERA,0.0117,95,1,FALSE,7
CETRA,0.0114,96,2,FALSE,7
RAETC,0.011,97,3,FALSE,7
CTRAE,0.0106,98,2,FALSE,7
ATERC,0.0106,99,1,FALSE,7
ECATR,0.0106,100,1,FALSE,7
TCRAE,0.0103,101,2,FALSE,7
ERTCA,0.0103,102,3,FALSE,7
ETRCA,0.0098,103,3,FALSE,7
TCERA,0.0098,104,2,FALSE,7
EACTR,0.0098,105,2,FALSE,7
ECRTA,0.0094,106,3,FALSE,7
ATECR,0.009,107,1,FALSE,7
RTECA,0.0082,108,3,FALSE,7
ERTAC,0.0075,109,3,FALSE,7
RTAEC,0.0075,110,3,FALSE,7
AETRC,0.0071,111,2,FALSE,7
RCTAE,0.0067,112,2,FALSE,7
ETCRA,0.0063,113,3,FALSE,7
RTCEA,0.0063,114,3,FALSE,7
ECTRA,0.0059,115,2,FALSE,7
RTCAE,0.0059,116,2,FALSE,7
AECTR,0.0051,117,2,FALSE,7
ERCTA,0.0051,118,3,FALSE,7
RCETA,0.0043,119,3,FALSE,7
ACETR,0.004,120,2,FALSE,7
