order,sbf,rank,moves,is_word,is_unique
ORICH,0.0592,1,3,FALSE,3
IROCH,0.0529,2,3,FALSE,3
CHIOR,0.0489,3,1,FALSE,3
ROICH,0.045,4,3,FALSE,3
CRIOH,0.0446,5,3,FALSE,3
IORCH,0.0443,6,3,FALSE,3
CROIH,0.0438,7,2,FALSE,3
CHORI,0.0419,8,1,FALSE,3
CHIRO,0.0419,9,1,TRUE,3
CRIHO,0.0419,10,2,FALSE,3
CROHI,0.0411,11,2,FALSE,3
HORIC,0.0396,12,2,FALSE,3
OIRCH,0.0373,13,2,FALSE,3
RIOCH,0.0369,14,3,FALSE,3
HROIC,0.0368,15,2,FALSE,3
CHOIR,0.0363,16,0,TRUE,3
HRICO,0.0329,17,3,FALSE,3
CORIH,0.0318,18,2,FALSE,3
CHRIO,0.0289,19,2,FALSE,3
HORCI,0.0278,20,2,FALSE,3
RHOIC,0.0278,21,2,FALSE,3
HROCI,0.0274,22,2,FALSE,3
CHROI,0.027,23,1,FALSE,3
CORHI,0.0267,24,2,FALSE,3
HRIOC,0.0266,25,3,FALSE,3
ORIHC,0.0255,26,3,FALSE,3
RHICO,0.0251,27,3,FALSE,3
OHICR,0.0243,28,2,FALSE,3
IHORC,0.0243,29,2,FALSE,3
IROHC,0.0239,30,3,FALSE,3
COIRH,0.0231,31,1,FALSE,3
OHIRC,0.0227,32,2,FALSE,3
HICOR,0.0223,33,2,FALSE,3
CRHIO,0.0219,34,2,FALSE,3
HOICR,0.0211,35,1,FALSE,3
OHRIC,0.02,36,3,FALSE,3
ROHIC,0.02,37,3,FALSE,3
HOIRC,0.0195,38,1,FALSE,3
CRHOI,0.0192,39,1,FALSE,3
RHIOC,0.0188,40,3,FALSE,3
HCIOR,0.0184,41,2,FALSE,3
RHOCI,0.0184,42,2,FALSE,3
CIHOR,0.0176,43,1,FALSE,3
IHOCR,0.0176,44,2,FALSE,3
ICORH,0.0173,45,2,FALSE,3
HIROC,0.0169,46,2,FALSE,3
CIROH,0.0165,47,2,FALSE,3
CIORH,0.0161,48,2,FALSE,3
HCORI,0.0161,49,2,FALSE,3
HIORC,0.0161,50,2,FALSE,3
ICHOR,0.0161,51,1,TRUE,3
HOCIR,0.016,52,1,FALSE,3
COHIR,0.0157,53,1,FALSE,3
IHCOR,0.0157,54,2,FALSE,3
HIRCO,0.0153,55,2,FALSE,3
COIHR,0.0153,56,1,FALSE,3
IORHC,0.0153,57,3,FALSE,3
ORHIC,0.0142,58,3,FALSE,3
HOCRI,0.0133,59,2,FALSE,3
ROCHI,0.0133,60,2,FALSE,3
ROCIH,0.0125,61,3,FALSE,3
COHRI,0.0122,62,2,FALSE,3
OCIRH,0.0118,63,2,FALSE,3
RICHO,0.0118,64,2,FALSE,3
RICOH,0.0118,65,3,FALSE,3
HCIRO,0.0114,66,2,FALSE,3
ROIHC,0.0113,67,3,FALSE,3
CIRHO,0.0106,68,2,FALSE,3
HCOIR,0.0105,69,1,FALSE,3
HCRIO,0.0102,70,3,FALSE,3
HICRO,0.0098,71,2,FALSE,3
IHROC,0.0098,72,3,FALSE,3
OCRIH,0.0095,73,3,FALSE,3
ICROH,0.0095,74,3,FALSE,3
HIOCR,0.0094,75,2,FALSE,3
HCROI,0.0083,76,2,FALSE,3
OIRHC,0.0083,77,2,FALSE,3
OHRCI,0.0082,78,3,FALSE,3
IHRCO,0.0082,79,3,FALSE,3
RIOHC,0.0079,80,4,FALSE,3
ROHCI,0.0078,81,3,FALSE,3
RIHOC,0.0075,82,3,FALSE,3
RCOIH,0.0074,83,2,FALSE,3
OCHIR,0.0063,84,1,FALSE,3
OICHR,0.0063,85,2,FALSE,3
RIHCO,0.0063,86,3,FALSE,3
IOCHR,0.0059,87,2,FALSE,3
OICRH,0.0059,88,2,FALSE,3
ICOHR,0.0059,89,2,FALSE,3
IOCRH,0.0055,90,3,FALSE,3
CIHRO,0.0051,91,2,FALSE,3
CIOHR,0.0047,92,2,FALSE,3
RCOHI,0.0047,93,2,FALSE,3
RCIOH,0.0047,94,3,FALSE,3
RHCIO,0.0047,95,3,FALSE,3
OCRHI,0.0044,96,2,FALSE,3
OHCIR,0.0043,97,2,FALSE,3
OCIHR,0.004,98,2,FALSE,3
ORCHI,0.004,99,2,FALSE,3
RCHIO,0.0039,100,2,FALSE,3
HRCIO,0.0039,101,3,FALSE,3
ICHRO,0.0036,102,2,FALSE,3
ICRHO,0.0036,103,2,FALSE,3
IHCRO,0.0032,104,3,FALSE,3
ORCIH,0.0032,105,3,FALSE,3
IRCHO,0.0032,106,2,FALSE,3
IRCOH,0.0032,107,3,FALSE,3
OCHRI,0.0028,108,2,FALSE,3
RHCOI,0.0028,109,2,FALSE,3
IRHOC,0.0024,110,3,FALSE,3
HRCOI,0.002,111,2,FALSE,3
ORHCI,0.002,112,3,FALSE,3
RCIHO,0.002,113,2,FALSE,3
OHCRI,0.0016,114,3,FALSE,3
OIHRC,0.0012,115,2,FALSE,3
RCHOI,0.0012,116,1,FALSE,3
IRHCO,0.0012,117,3,FALSE,3
OIHCR,8e-04,118,2,FALSE,3
IOHRC,8e-04,119,3,FALSE,3
IOHCR,4e-04,120,3,FALSE,3
