order,sbf,rank,moves,is_word,is_unique
CLKER,0.0914,1,1,FALSE,1
LCKER,0.0792,2,2,FALSE,1
CKLER,0.0772,3,1,FALSE,1
KCLER,0.0772,4,1,FALSE,1
KLCER,0.0749,5,2,FALSE,1
LKCER,0.0737,6,2,FALSE,1
CRKEL,0.0443,7,2,FALSE,1
LERCK,0.0423,8,1,FALSE,1
CRELK,0.04,9,2,FALSE,1
RELCK,0.0397,10,3,FALSE,1
LRECK,0.0384,11,2,FALSE,1
RLECK,0.0341,12,2,FALSE,1
CRKLE,0.0337,13,2,FALSE,1
CREKL,0.0333,14,2,FALSE,1
CLERK,0.0314,15,0,TRUE,1
KCREL,0.031,16,3,FALSE,1
CRLEK,0.0286,17,1,FALSE,1
CKREL,0.0286,18,3,FALSE,1
ELRCK,0.0278,19,2,FALSE,1
CRLKE,0.0275,20,2,FALSE,1
CLREK,0.0267,21,1,FALSE,1
RCKEL,0.0255,22,3,FALSE,1
CLKRE,0.024,23,2,FALSE,1
ERLCK,0.0236,24,2,FALSE,1
CLEKR,0.022,25,1,FALSE,1
RELKC,0.0209,26,3,FALSE,1
RECKL,0.0204,27,3,FALSE,1
KRCEL,0.0204,28,3,FALSE,1
KRELC,0.0204,29,4,FALSE,1
LERKC,0.02,30,1,FALSE,1
RKCEL,0.02,31,3,FALSE,1
CLRKE,0.0197,32,1,FALSE,1
LECRK,0.0196,33,1,FALSE,1
KRECL,0.0196,34,3,FALSE,1
KCRLE,0.0193,35,2,FALSE,1
RECLK,0.0189,36,2,FALSE,1
LECKR,0.0184,37,2,FALSE,1
LCREK,0.0177,38,2,FALSE,1
KLRCE,0.0177,39,3,FALSE,1
KLERC,0.0173,40,2,FALSE,1
CKRLE,0.0169,41,2,FALSE,1
LKRCE,0.0169,42,3,FALSE,1
KRCLE,0.0157,43,2,FALSE,1
KLECR,0.0157,44,2,FALSE,1
RKCLE,0.0153,45,2,FALSE,1
LREKC,0.0149,46,2,FALSE,1
RCKLE,0.0149,47,2,FALSE,1
KLREC,0.0149,48,3,FALSE,1
KRLCE,0.0146,49,3,FALSE,1
CERLK,0.0146,50,1,FALSE,1
KLCRE,0.0146,51,3,FALSE,1
KERCL,0.0145,52,3,FALSE,1
RKLCE,0.0142,53,3,FALSE,1
LKREC,0.0141,54,3,FALSE,1
LKCRE,0.0134,55,3,FALSE,1
RLKCE,0.013,56,3,FALSE,1
LRKCE,0.0126,57,2,FALSE,1
CELRK,0.0122,58,1,FALSE,1
CERKL,0.0122,59,1,FALSE,1
KERLC,0.0122,60,3,FALSE,1
CKLRE,0.0118,61,2,FALSE,1
LCKRE,0.0118,62,3,FALSE,1
RLKEC,0.0118,63,3,FALSE,1
REKLC,0.0118,64,3,FALSE,1
KCLRE,0.0118,65,2,FALSE,1
REKCL,0.0114,66,3,FALSE,1
KECRL,0.0114,67,3,FALSE,1
LRKEC,0.0114,68,2,FALSE,1
CELKR,0.0111,69,2,FALSE,1
RLCKE,0.011,70,3,FALSE,1
KCERL,0.011,71,2,FALSE,1
LCRKE,0.0107,72,2,FALSE,1
CKERL,0.0106,73,2,FALSE,1
LCERK,0.0106,74,1,FALSE,1
LRCKE,0.0106,75,2,FALSE,1
RLEKC,0.0106,76,2,FALSE,1
RCLEK,0.0102,77,1,FALSE,1
KELCR,0.0099,78,3,FALSE,1
LEKCR,0.0094,79,2,FALSE,1
LEKRC,0.0094,80,2,FALSE,1
ELCRK,0.0094,81,2,FALSE,1
KRLEC,0.0094,82,3,FALSE,1
RCLKE,0.0091,83,2,FALSE,1
RKLEC,0.009,84,3,FALSE,1
ELCKR,0.0082,85,3,FALSE,1
RCELK,0.0079,86,2,FALSE,1
KELRC,0.0079,87,3,FALSE,1
RLCEK,0.0071,88,2,FALSE,1
KECLR,0.0067,89,2,FALSE,1
LKERC,0.0067,90,2,FALSE,1
LRCEK,0.0067,91,2,FALSE,1
ECRLK,0.0064,92,2,FALSE,1
ERCKL,0.0063,93,2,FALSE,1
KCELR,0.0063,94,2,FALSE,1
CKELR,0.0059,95,2,FALSE,1
RKELC,0.0059,96,3,FALSE,1
CEKRL,0.0055,97,2,FALSE,1
ELRKC,0.0055,98,2,FALSE,1
EKCRL,0.0055,99,3,FALSE,1
LKECR,0.0051,100,2,FALSE,1
RKECL,0.0051,101,3,FALSE,1
ERCLK,0.0048,102,2,FALSE,1
ERLKC,0.0048,103,2,FALSE,1
ELKCR,0.0047,104,3,FALSE,1
ELKRC,0.0047,105,3,FALSE,1
EKRCL,0.0047,106,3,FALSE,1
ECRKL,0.004,107,2,FALSE,1
ECKRL,0.0039,108,3,FALSE,1
ECLRK,0.0035,109,1,FALSE,1
ERKLC,0.0032,110,2,FALSE,1
ERKCL,0.0028,111,2,FALSE,1
ECLKR,0.0024,112,2,FALSE,1
EKRLC,0.0024,113,3,FALSE,1
CEKLR,0.002,114,2,FALSE,1
EKLCR,0.002,115,3,FALSE,1
LCEKR,0.0012,116,2,FALSE,1
RCEKL,0.0012,117,2,FALSE,1
EKCLR,8e-04,118,2,FALSE,1
ECKLR,4e-04,119,2,FALSE,1
EKLRC,0,120,3,FALSE,1
