order,sbf,rank,moves,is_word,is_unique
BLICM,0.0364,1,2,FALSE,1
BLIMC,0.0317,2,2,FALSE,1
CLIMB,0.0314,3,0,TRUE,1
BLMIC,0.0286,4,3,FALSE,1
CLIBM,0.0263,5,1,FALSE,1
MLICB,0.0231,6,2,FALSE,1
MILCB,0.0192,7,3,FALSE,1
LMBIC,0.0188,8,2,FALSE,1
CLBIM,0.0177,9,1,FALSE,1
BILCM,0.0173,10,3,FALSE,1
MILBC,0.0172,11,3,FALSE,1
MLBIC,0.0165,12,3,FALSE,1
BLCIM,0.0161,13,2,FALSE,1
BILMC,0.0161,14,3,FALSE,1
BCILM,0.0157,15,2,FALSE,1
MBLIC,0.0157,16,3,FALSE,1
BMLIC,0.0157,17,3,FALSE,1
CLMIB,0.0153,18,1,FALSE,1
LBMIC,0.0153,19,3,FALSE,1
CMBIL,0.0149,20,2,FALSE,1
MLIBC,0.0149,21,2,FALSE,1
CLMBI,0.0146,22,1,FALSE,1
CILMB,0.0145,23,1,FALSE,1
CMILB,0.0145,24,2,FALSE,1
LIMBC,0.0145,25,1,FALSE,1
MCILB,0.0145,26,2,FALSE,1
BMILC,0.0145,27,4,FALSE,1
CBILM,0.0141,28,2,FALSE,1
BLCMI,0.0137,29,3,FALSE,1
LICMB,0.0133,30,1,FALSE,1
BLMCI,0.0133,31,3,FALSE,1
MBILC,0.0129,32,3,FALSE,1
MIBLC,0.0126,33,3,FALSE,1
LIMCB,0.0125,34,1,FALSE,1
MICLB,0.0125,35,2,FALSE,1
CLBMI,0.0122,36,2,FALSE,1
CILBM,0.0121,37,2,FALSE,1
MCBIL,0.0118,38,3,FALSE,1
BICLM,0.0118,39,2,FALSE,1
LICBM,0.0117,40,2,FALSE,1
MICBL,0.0117,41,3,FALSE,1
CBMIL,0.0114,42,3,FALSE,1
LMICB,0.0114,43,2,FALSE,1
BCMIL,0.0114,44,3,FALSE,1
BIMLC,0.0114,45,3,FALSE,1
BMICL,0.0114,46,3,FALSE,1
BIMCL,0.0106,47,3,FALSE,1
LIBCM,0.0102,48,2,FALSE,1
LIBMC,0.0102,49,2,FALSE,1
MIBCL,0.0102,50,3,FALSE,1
LBICM,0.0098,51,2,FALSE,1
MBICL,0.0098,52,3,FALSE,1
BICML,0.0098,53,3,FALSE,1
CIMBL,0.0094,54,1,FALSE,1
BMCIL,0.0091,55,3,FALSE,1
CIBLM,0.0087,56,2,FALSE,1
MBCIL,0.0087,57,3,FALSE,1
LCIMB,0.0083,58,1,FALSE,1
CIMLB,0.0082,59,1,FALSE,1
IMBLC,0.0075,60,2,FALSE,1
BCIML,0.0067,61,2,FALSE,1
CMBLI,0.0059,62,2,FALSE,1
CBLIM,0.0055,63,1,FALSE,1
LCBIM,0.0055,64,2,FALSE,1
BCLIM,0.0055,65,1,FALSE,1
CIBML,0.0051,66,2,FALSE,1
CBIML,0.0051,67,2,FALSE,1
LBIMC,0.0051,68,2,FALSE,1
IMBCL,0.0051,69,2,FALSE,1
ICBLM,0.0048,70,2,FALSE,1
CMLIB,0.0043,71,1,FALSE,1
MCLIB,0.0043,72,1,FALSE,1
IMLCB,0.004,73,2,FALSE,1
LCMIB,0.0039,74,2,FALSE,1
ICLMB,0.0036,75,1,FALSE,1
IMCLB,0.0032,76,2,FALSE,1
CMIBL,0.0032,77,2,FALSE,1
LCIBM,0.0032,78,2,FALSE,1
LCMBI,0.0032,79,2,FALSE,1
LMIBC,0.0032,80,2,FALSE,1
ICMBL,0.0032,81,2,FALSE,1
MCIBL,0.0032,82,2,FALSE,1
LMBCI,0.0031,83,2,FALSE,1
ILCMB,0.0028,84,2,FALSE,1
ILMBC,0.0028,85,2,FALSE,1
MCBLI,0.0028,86,2,FALSE,1
IMCBL,0.0024,87,2,FALSE,1
LBCIM,0.0024,88,2,FALSE,1
ICMLB,0.002,89,2,FALSE,1
IMLBC,0.002,90,2,FALSE,1
IBCLM,0.002,91,2,FALSE,1
IBLCM,0.002,92,3,FALSE,1
MBLCI,0.002,93,3,FALSE,1
BMLCI,0.002,94,3,FALSE,1
ILBCM,0.0016,95,3,FALSE,1
ILBMC,0.0016,96,3,FALSE,1
BMCLI,0.0016,97,2,FALSE,1
LMCIB,0.0016,98,2,FALSE,1
LMCBI,0.0016,99,2,FALSE,1
MLCIB,0.0016,100,2,FALSE,1
MLCBI,0.0016,101,3,FALSE,1
CBMLI,0.0012,102,2,FALSE,1
ILCBM,0.0012,103,3,FALSE,1
MBCLI,0.0012,104,2,FALSE,1
BCMLI,0.0012,105,2,FALSE,1
CMLBI,0.0012,106,2,FALSE,1
ICLBM,0.0012,107,2,FALSE,1
ICBML,0.0012,108,3,FALSE,1
MCLBI,0.0012,109,2,FALSE,1
CBLMI,8e-04,110,2,FALSE,1
ILMCB,8e-04,111,2,FALSE,1
IBLMC,8e-04,112,3,FALSE,1
IBMLC,8e-04,113,3,FALSE,1
MLBCI,8e-04,114,3,FALSE,1
BCLMI,8e-04,115,2,FALSE,1
LCBMI,0,116,3,FALSE,1
LBCMI,0,117,3,FALSE,1
LBMCI,0,118,3,FALSE,1
IBCML,0,119,3,FALSE,1
IBMCL,0,120,3,FALSE,1
