order,sbf,rank,moves,is_word,is_unique
CLUED,0.096,1,0,TRUE,2
CULED,0.0894,2,1,FALSE,2
LUCED,0.0811,3,1,FALSE,2
UCLED,0.0772,4,1,FALSE,2
ULCED,0.0745,5,2,FALSE,2
LCUED,0.0721,6,1,FALSE,2
CLUDE,0.0389,7,1,FALSE,2
CUDEL,0.0365,8,2,FALSE,2
DLUCE,0.0318,9,2,FALSE,2
CUDLE,0.0271,10,2,FALSE,2
UCDEL,0.0263,11,3,FALSE,2
DUCEL,0.0254,12,3,FALSE,2
CULDE,0.0248,13,2,FALSE,2
CLEUD,0.0244,14,1,FALSE,2
CLDEU,0.0244,15,2,FALSE,2
CLEDU,0.0236,16,1,FALSE,2
ELUCD,0.0235,17,2,FALSE,2
DULCE,0.0228,18,3,TRUE,2
LUDCE,0.0208,19,2,FALSE,2
DUCLE,0.0207,20,2,FALSE,2
LUDEC,0.0204,21,2,FALSE,2
UDCEL,0.0204,22,3,FALSE,2
DCULE,0.0204,23,2,FALSE,2
CDULE,0.02,24,2,FALSE,2
ELUDC,0.02,25,2,FALSE,2
DECUL,0.02,26,3,FALSE,2
LECUD,0.0196,27,2,FALSE,2
CLDUE,0.0189,28,1,FALSE,2
LDUCE,0.0189,29,2,FALSE,2
DELCU,0.0189,30,3,FALSE,2
LUCDE,0.0188,31,2,FALSE,2
DCUEL,0.0184,32,2,FALSE,2
CUELD,0.0181,33,1,FALSE,2
CDUEL,0.018,34,2,FALSE,2
DULEC,0.0176,35,3,FALSE,2
DELUC,0.0173,36,3,FALSE,2
UCDLE,0.0169,37,2,FALSE,2
DLUEC,0.0164,38,2,FALSE,2
DEUCL,0.0161,39,3,FALSE,2
UDCLE,0.0157,40,2,FALSE,2
LEUCD,0.0157,41,2,FALSE,2
DECLU,0.0157,42,2,FALSE,2
UDLCE,0.0154,43,3,FALSE,2
ULECD,0.0153,44,2,FALSE,2
LCUDE,0.015,45,2,FALSE,2
DLECU,0.0149,46,3,FALSE,2
DEULC,0.0149,47,4,FALSE,2
LECDU,0.0145,48,2,FALSE,2
ULDCE,0.0138,49,3,FALSE,2
ULDEC,0.0134,50,3,FALSE,2
LEDUC,0.0133,51,2,FALSE,2
LEDCU,0.0129,52,2,FALSE,2
UCLDE,0.0126,53,2,FALSE,2
ULEDC,0.0126,54,2,FALSE,2
ULCDE,0.0122,55,3,FALSE,2
LEUDC,0.0122,56,2,FALSE,2
LCDEU,0.0118,57,3,FALSE,2
LUECD,0.0114,58,1,FALSE,2
DLEUC,0.0114,59,3,FALSE,2
CEULD,0.011,60,2,FALSE,2
CELUD,0.0107,61,1,FALSE,2
UCELD,0.0106,62,2,FALSE,2
CUEDL,0.0103,63,1,FALSE,2
UECLD,0.0102,64,2,FALSE,2
ECULD,0.0102,65,2,FALSE,2
DUELC,0.0102,66,3,FALSE,2
UDLEC,0.0102,67,3,FALSE,2
CELDU,0.0099,68,2,FALSE,2
CDLEU,0.0098,69,2,FALSE,2
DLCUE,0.0098,70,2,FALSE,2
LDCUE,0.0094,71,2,FALSE,2
ELCUD,0.0094,72,2,FALSE,2
DUECL,0.0094,73,3,FALSE,2
UELCD,0.0091,74,2,FALSE,2
DCLEU,0.009,75,2,FALSE,2
LUEDC,0.0087,76,1,FALSE,2
UELDC,0.0083,77,2,FALSE,2
EDUCL,0.0083,78,3,FALSE,2
EULCD,0.0079,79,3,FALSE,2
EUCLD,0.0078,80,2,FALSE,2
CEDLU,0.0075,81,2,FALSE,2
CEDUL,0.0071,82,2,FALSE,2
CDLUE,0.0071,83,1,FALSE,2
EDULC,0.0071,84,3,FALSE,2
EULDC,0.0071,85,3,FALSE,2
EDCUL,0.0067,86,3,FALSE,2
LCDUE,0.0063,87,2,FALSE,2
UDELC,0.0063,88,3,FALSE,2
EUDLC,0.0063,89,3,FALSE,2
DCLUE,0.0063,90,1,FALSE,2
DCELU,0.0063,91,2,FALSE,2
CDELU,0.0059,92,2,FALSE,2
UEDLC,0.0059,93,2,FALSE,2
DLCEU,0.0059,94,3,FALSE,2
LDCEU,0.0055,95,3,FALSE,2
UDECL,0.0055,96,3,FALSE,2
ELDUC,0.0055,97,3,FALSE,2
LDECU,0.0051,98,3,FALSE,2
UECDL,0.0051,99,2,FALSE,2
ELDCU,0.0051,100,3,FALSE,2
EDLCU,0.0044,101,3,FALSE,2
CEUDL,0.0044,102,2,FALSE,2
ELCDU,0.0043,103,3,FALSE,2
EUDCL,0.0039,104,3,FALSE,2
LCEUD,0.0036,105,2,FALSE,2
ECUDL,0.0036,106,2,FALSE,2
DCEUL,0.0036,107,3,FALSE,2
LDUEC,0.0035,108,2,FALSE,2
UEDCL,0.0035,109,2,FALSE,2
CDEUL,0.0032,110,3,FALSE,2
EDLUC,0.0028,111,3,FALSE,2
LCEDU,0.0028,112,2,FALSE,2
UCEDL,0.0028,113,2,FALSE,2
EUCDL,0.0027,114,3,FALSE,2
EDCLU,0.0024,115,2,FALSE,2
ECDLU,0.0024,116,2,FALSE,2
ECLUD,0.002,117,1,FALSE,2
ECDUL,0.002,118,3,FALSE,2
LDEUC,0.0016,119,3,FALSE,2
ECLDU,0.0012,120,2,FALSE,2
