order,sbf,rank,moves,is_word,is_unique
CLUMP,0.0392,1,0,TRUE,1
PLUCM,0.0271,2,2,FALSE,1
PLUMC,0.0267,3,2,FALSE,1
CLUPM,0.0263,4,1,FALSE,1
CULMP,0.0216,5,1,FALSE,1
MLUCP,0.0196,6,2,FALSE,1
CUMPL,0.018,7,1,FALSE,1
PUMLC,0.0168,8,3,FALSE,1
LUMPC,0.0164,9,1,FALSE,1
CUMLP,0.0161,10,1,FALSE,1
LUCMP,0.016,11,1,FALSE,1
PUMCL,0.016,12,3,FALSE,1
CLPUM,0.0157,13,1,FALSE,1
PULCM,0.0157,14,3,FALSE,1
CLMUP,0.0154,15,1,FALSE,1
LCUMP,0.0153,16,1,FALSE,1
CLMPU,0.0149,17,1,FALSE,1
MLUPC,0.0149,18,2,FALSE,1
MULCP,0.0146,19,3,FALSE,1
PULMC,0.0145,20,3,FALSE,1
PLCUM,0.0145,21,2,FALSE,1
MULPC,0.013,22,3,FALSE,1
CUPLM,0.0129,23,2,FALSE,1
LUMCP,0.0129,24,1,FALSE,1
CULPM,0.0126,25,2,FALSE,1
PUCLM,0.0125,26,2,FALSE,1
MUPLC,0.0121,27,3,FALSE,1
CLPMU,0.0114,28,2,FALSE,1
MUCLP,0.011,29,2,FALSE,1
PUCML,0.0105,30,3,FALSE,1
PLMUC,0.0095,31,3,FALSE,1
UCLMP,0.0094,32,1,FALSE,1
ULCMP,0.0094,33,2,FALSE,1
MUCPL,0.0094,34,3,FALSE,1
MUPCL,0.0094,35,3,FALSE,1
CUPML,0.009,36,2,FALSE,1
PLCMU,0.0079,37,3,FALSE,1
PLMCU,0.0075,38,3,FALSE,1
LUCPM,0.0074,39,2,FALSE,1
LUPCM,0.0074,40,2,FALSE,1
LUPMC,0.0074,41,2,FALSE,1
CPULM,0.0071,42,2,FALSE,1
LPUCM,0.0071,43,2,FALSE,1
MPUCL,0.0071,44,3,FALSE,1
PCULM,0.0071,45,2,FALSE,1
LMUCP,0.0067,46,2,FALSE,1
MCULP,0.0067,47,2,FALSE,1
PMUCL,0.0067,48,3,FALSE,1
CPUML,0.0067,49,2,FALSE,1
LPUMC,0.0067,50,2,FALSE,1
PCUML,0.0067,51,2,FALSE,1
LPCUM,0.0066,52,2,FALSE,1
CMULP,0.0063,53,2,FALSE,1
LMCUP,0.0059,54,2,FALSE,1
MLCUP,0.0059,55,2,FALSE,1
MPULC,0.0059,56,3,FALSE,1
PMCUL,0.0055,57,3,FALSE,1
PMULC,0.0055,58,4,FALSE,1
UMPLC,0.0051,59,2,FALSE,1
MPCUL,0.0051,60,3,FALSE,1
CMPUL,0.0048,61,2,FALSE,1
CMPLU,0.0047,62,2,FALSE,1
CPLUM,0.0047,63,1,FALSE,1
UPLCM,0.0044,64,3,FALSE,1
LCPUM,0.0043,65,2,FALSE,1
LCMUP,0.004,66,2,FALSE,1
ULMPC,0.0039,67,2,FALSE,1
UCPLM,0.0039,68,2,FALSE,1
CPMUL,0.0036,69,3,FALSE,1
PCMUL,0.0036,70,3,FALSE,1
LCMPU,0.0035,71,2,FALSE,1
UCMPL,0.0035,72,2,FALSE,1
PCLUM,0.0035,73,1,FALSE,1
LMPUC,0.0032,74,2,FALSE,1
UPCLM,0.0032,75,2,FALSE,1
UPLMC,0.0032,76,3,FALSE,1
MPLCU,0.0032,77,3,FALSE,1
MCPUL,0.0028,78,3,FALSE,1
MCPLU,0.0027,79,2,FALSE,1
CMLUP,0.0024,80,1,FALSE,1
UMCLP,0.0024,81,2,FALSE,1
UMLCP,0.0024,82,2,FALSE,1
UMPCL,0.0024,83,2,FALSE,1
MCLUP,0.0024,84,1,FALSE,1
LCUPM,0.0024,85,2,FALSE,1
MCUPL,0.0024,86,2,FALSE,1
CMUPL,0.002,87,2,FALSE,1
CPLMU,0.002,88,2,FALSE,1
LMUPC,0.002,89,2,FALSE,1
LMPCU,0.002,90,2,FALSE,1
LPMUC,0.002,91,3,FALSE,1
UPMLC,0.002,92,3,FALSE,1
PMLCU,0.002,93,3,FALSE,1
UCMLP,0.0016,94,2,FALSE,1
MPLUC,0.0016,95,3,FALSE,1
PMCLU,0.0012,96,2,FALSE,1
UPCML,0.0012,97,3,FALSE,1
UPMCL,0.0012,98,3,FALSE,1
MLPUC,0.0012,99,3,FALSE,1
CPMLU,8e-04,100,2,FALSE,1
ULCPM,8e-04,101,3,FALSE,1
UMCPL,8e-04,102,2,FALSE,1
UMLPC,8e-04,103,2,FALSE,1
MPCLU,8e-04,104,2,FALSE,1
PCLMU,8e-04,105,2,FALSE,1
PCMLU,8e-04,106,2,FALSE,1
CMLPU,4e-04,107,2,FALSE,1
LMCPU,4e-04,108,2,FALSE,1
UCLPM,4e-04,109,2,FALSE,1
ULMCP,4e-04,110,2,FALSE,1
ULPCM,4e-04,111,3,FALSE,1
ULPMC,4e-04,112,3,FALSE,1
MCLPU,4e-04,113,2,FALSE,1
MLCPU,4e-04,114,3,FALSE,1
PMLUC,4e-04,115,3,FALSE,1
LCPMU,0,116,3,FALSE,1
LPCMU,0,117,3,FALSE,1
LPMCU,0,118,3,FALSE,1
UCPML,0,119,3,FALSE,1
MLPCU,0,120,3,FALSE,1
