order,sbf,rank,moves,is_word,is_unique
COAST,0.0495,1,0,TRUE,5
STACO,0.0467,2,3,FALSE,5
STOCA,0.0373,3,3,FALSE,5
CAOST,0.0373,4,1,FALSE,5
OCAST,0.0365,5,1,FALSE,5
STOAC,0.0361,6,3,FALSE,5
CATOS,0.0356,7,2,FALSE,5
CATSO,0.0349,8,2,FALSE,5
SATCO,0.0345,9,3,FALSE,5
CASTO,0.0341,10,1,FALSE,5
STAOC,0.0334,11,3,FALSE,5
TOASC,0.0314,12,2,FALSE,5
SOACT,0.0306,13,2,FALSE,5
SATOC,0.0305,14,3,FALSE,5
STCAO,0.0302,15,3,FALSE,5
CASOT,0.0302,16,1,FALSE,5
ACOST,0.0299,17,1,FALSE,5
TOACS,0.0294,18,2,FALSE,5
STCOA,0.0279,19,2,FALSE,5
SCOAT,0.0263,20,1,FALSE,5
OATCS,0.0263,21,2,FALSE,5
COSTA,0.0258,22,1,TRUE,5
COATS,0.0256,23,1,TRUE,5
CTASO,0.0248,24,2,FALSE,5
SCATO,0.0248,25,2,FALSE,5
SCOTA,0.0247,26,2,FALSE,5
COTAS,0.0244,27,1,FALSE,5
OTASC,0.0244,28,2,FALSE,5
COSAT,0.0228,29,1,FALSE,5
OACST,0.0224,30,1,FALSE,5
OTACS,0.0224,31,2,FALSE,5
TASOC,0.022,32,3,FALSE,5
SACOT,0.0216,33,2,FALSE,5
SOTCA,0.0213,34,3,FALSE,5
SOCAT,0.0208,35,2,FALSE,5
COTSA,0.0205,36,2,FALSE,5
OATSC,0.0204,37,2,FALSE,5
TCASO,0.0204,38,2,FALSE,5
SOATC,0.0201,39,2,FALSE,5
CAOTS,0.02,40,2,FALSE,5
OSACT,0.0196,41,2,FALSE,5
SCAOT,0.0196,42,2,FALSE,5
TASCO,0.0196,43,3,FALSE,5
AOCST,0.0192,44,2,FALSE,5
SOTAC,0.0185,45,3,FALSE,5
TACOS,0.0185,46,2,TRUE,5
OASTC,0.0184,47,1,FALSE,5
TOCAS,0.0184,48,2,FALSE,5
SAOCT,0.018,49,3,FALSE,5
SCTAO,0.0177,50,3,FALSE,5
SACTO,0.0177,51,3,FALSE,5
TAOSC,0.0177,52,3,FALSE,5
TACSO,0.0173,53,3,FALSE,5
SCTOA,0.0165,54,2,FALSE,5
ATOSC,0.0158,55,3,FALSE,5
TSACO,0.0153,56,3,FALSE,5
SAOTC,0.0149,57,3,FALSE,5
TAOCS,0.0149,58,3,FALSE,5
AOTCS,0.0146,59,3,FALSE,5
CTOSA,0.0146,60,2,FALSE,5
OASCT,0.0145,61,1,FALSE,5
TOSAC,0.0145,62,3,FALSE,5
TOSCA,0.0133,63,3,FALSE,5
ATOCS,0.013,64,3,FALSE,5
TOCSA,0.0129,65,3,FALSE,5
OCATS,0.0126,66,2,FALSE,5
ACOTS,0.0126,67,2,FALSE,5
ACSTO,0.0126,68,2,FALSE,5
TCOSA,0.0126,69,2,FALSE,5
OCSTA,0.0125,70,2,FALSE,5
SOCTA,0.0125,71,3,FALSE,5
OSCAT,0.0118,72,2,FALSE,5
AOSTC,0.0117,73,2,FALSE,5
CTOAS,0.0114,74,1,FALSE,5
ASOCT,0.0113,75,2,FALSE,5
CSATO,0.0111,76,2,FALSE,5
ASTCO,0.0106,77,2,FALSE,5
CSOAT,0.0098,78,1,FALSE,5
OCSAT,0.0095,79,2,FALSE,5
ASCOT,0.0094,80,2,TRUE,5
TCOAS,0.0094,81,1,FALSE,5
OCTAS,0.0091,82,2,FALSE,5
OSATC,0.0091,83,2,FALSE,5
OSTCA,0.0091,84,2,FALSE,5
AOTSC,0.0087,85,3,FALSE,5
ACSOT,0.0087,86,2,FALSE,5
CTAOS,0.0083,87,2,FALSE,5
CSOTA,0.0082,88,2,FALSE,5
ASOTC,0.0082,89,2,FALSE,5
AOSCT,0.0078,90,2,FALSE,5
OTCAS,0.0071,91,2,FALSE,5
ACTOS,0.0071,92,2,FALSE,5
OACTS,0.0071,93,2,FALSE,5
ASTOC,0.0066,94,2,FALSE,5
ACTSO,0.0064,95,3,FALSE,5
OSTAC,0.0063,96,2,FALSE,5
CSAOT,0.0059,97,2,FALSE,5
TSOCA,0.0055,98,3,FALSE,5
ASCTO,0.0055,99,2,FALSE,5
OCTSA,0.0052,100,3,FALSE,5
CSTAO,0.0051,101,2,FALSE,5
TSCAO,0.0051,102,3,FALSE,5
ATCOS,0.0044,103,2,FALSE,5
TSOAC,0.0043,104,3,FALSE,5
ATSOC,0.004,105,3,FALSE,5
CSTOA,0.0039,106,2,FALSE,5
AOCTS,0.0039,107,3,FALSE,5
TCAOS,0.0039,108,2,FALSE,5
OSCTA,0.0035,109,2,FALSE,5
ATCSO,0.0032,110,3,FALSE,5
TSCOA,0.0028,111,2,FALSE,5
OTSAC,0.0028,112,3,FALSE,5
CTSOA,0.0024,113,2,FALSE,5
TCSOA,0.0024,114,2,FALSE,5
TSAOC,0.002,115,4,FALSE,5
OTCSA,0.0016,116,3,FALSE,5
OTSCA,0.0016,117,3,FALSE,5
ATSCO,0.0016,118,3,FALSE,5
CTSAO,0.0012,119,3,FALSE,5
TCSAO,0.0012,120,3,FALSE,5
