order,sbf,rank,moves,is_word,is_unique
BRACO,0.0549,1,2,FALSE,2
CRAOB,0.0475,2,2,FALSE,2
CRABO,0.0475,3,2,FALSE,2
CROAB,0.0454,4,2,FALSE,2
ORACB,0.0436,5,2,FALSE,2
CROBA,0.0427,6,1,FALSE,2
BRAOC,0.0416,7,2,FALSE,2
BROCA,0.0415,8,2,FALSE,2
BROAC,0.0403,9,2,FALSE,2
CABOR,0.038,10,2,FALSE,2
COARB,0.0365,11,2,FALSE,2
CAROB,0.0357,12,2,TRUE,2
BOARC,0.0357,13,3,FALSE,2
CORAB,0.0346,14,1,FALSE,2
BORAC,0.0342,15,2,FALSE,2
BACOR,0.0338,16,2,FALSE,2
BAROC,0.0326,17,3,FALSE,2
AROCB,0.0325,18,3,FALSE,2
BORCA,0.0318,19,2,FALSE,2
BOACR,0.0318,20,3,FALSE,2
BARCO,0.031,21,3,FALSE,2
CARBO,0.0306,22,3,FALSE,2
ORABC,0.0295,23,2,FALSE,2
AROBC,0.0294,24,3,FALSE,2
ROACB,0.0282,25,3,FALSE,2
BOCAR,0.0274,26,3,FALSE,2
CORBA,0.0271,27,1,FALSE,2
CAORB,0.0263,28,2,FALSE,2
CABRO,0.024,29,2,FALSE,2
BAORC,0.0236,30,3,FALSE,2
OCARB,0.0235,31,3,FALSE,2
COBAR,0.0232,32,1,FALSE,2
CRBOA,0.0231,33,2,FALSE,2
BCARO,0.0227,34,3,FALSE,2
ABCOR,0.0216,35,2,FALSE,2
BACRO,0.0213,36,3,FALSE,2
CBARO,0.0212,37,2,FALSE,2
CRBAO,0.0212,38,2,FALSE,2
RABOC,0.0208,39,3,FALSE,2
OARCB,0.02,40,3,FALSE,2
AORCB,0.02,41,3,FALSE,2
OBARC,0.02,42,2,FALSE,2
RACOB,0.0197,43,2,FALSE,2
ABORC,0.0193,44,3,FALSE,2
BOCRA,0.0192,45,2,FALSE,2
ACBOR,0.0192,46,2,FALSE,2
ACORB,0.0189,47,2,FALSE,2
BCORA,0.0188,48,1,FALSE,2
RACBO,0.0181,49,3,FALSE,2
COABR,0.0181,50,1,FALSE,2
BRCAO,0.018,51,2,FALSE,2
COBRA,0.0177,52,0,TRUE,2
RABCO,0.0173,53,3,FALSE,2
BCAOR,0.0172,54,2,FALSE,2
BAOCR,0.0169,55,3,FALSE,2
ROCAB,0.0168,56,3,FALSE,2
CBORA,0.0161,57,1,FALSE,2
CAOBR,0.0161,58,1,FALSE,2
OBACR,0.0161,59,2,FALSE,2
BCOAR,0.016,60,2,FALSE,2
CBAOR,0.0157,61,2,FALSE,2
OARBC,0.0157,62,3,FALSE,2
BRCOA,0.0157,63,2,FALSE,2
RBACO,0.0157,64,3,FALSE,2
AORBC,0.0157,65,3,FALSE,2
RAOCB,0.0153,66,3,FALSE,2
ROABC,0.0141,67,3,FALSE,2
CBOAR,0.0133,68,2,FALSE,2
OBCAR,0.0129,69,2,FALSE,2
ABOCR,0.0126,70,3,FALSE,2
OCRAB,0.0123,71,2,FALSE,2
ROBAC,0.0122,72,2,FALSE,2
RAOBC,0.0122,73,3,FALSE,2
ABROC,0.0122,74,3,FALSE,2
ACROB,0.0119,75,2,FALSE,2
OCBAR,0.0114,76,2,FALSE,2
ROCBA,0.0113,77,2,FALSE,2
ROBCA,0.0106,78,2,FALSE,2
ABRCO,0.0106,79,3,FALSE,2
ARBOC,0.0098,80,4,FALSE,2
BCRAO,0.0095,81,2,FALSE,2
OABRC,0.0091,82,2,FALSE,2
ABCRO,0.0091,83,3,FALSE,2
OACRB,0.0091,84,3,FALSE,2
RCOAB,0.009,85,2,FALSE,2
ACOBR,0.0087,86,1,FALSE,2
BCROA,0.0087,87,2,FALSE,2
OBRAC,0.0083,88,1,FALSE,2
ARCOB,0.0083,89,2,FALSE,2
OABCR,0.0079,90,2,FALSE,2
ORCAB,0.0075,91,2,FALSE,2
RBOCA,0.0075,92,3,FALSE,2
CBRAO,0.0071,93,1,FALSE,2
OACBR,0.0071,94,2,FALSE,2
ACRBO,0.0068,95,3,FALSE,2
ARCBO,0.0067,96,3,FALSE,2
CBROA,0.0063,97,1,FALSE,2
RCOBA,0.0063,98,1,FALSE,2
RBOAC,0.0063,99,3,FALSE,2
ARBCO,0.0063,100,3,FALSE,2
OBRCA,0.0059,101,1,FALSE,2
AOCRB,0.0059,102,3,FALSE,2
OCBRA,0.0059,103,1,FALSE,2
ORBAC,0.0056,104,2,FALSE,2
ACBRO,0.0052,105,2,FALSE,2
OCABR,0.0051,106,2,FALSE,2
OCRBA,0.0048,107,2,FALSE,2
OBCRA,0.0047,108,1,FALSE,2
RCAOB,0.0047,109,2,FALSE,2
RCABO,0.0047,110,3,FALSE,2
RBCAO,0.0047,111,3,FALSE,2
ORBCA,0.004,112,2,FALSE,2
AOCBR,0.0039,113,2,FALSE,2
AOBRC,0.0036,114,2,FALSE,2
RCBOA,0.0035,115,2,FALSE,2
RBCOA,0.0024,116,2,FALSE,2
RBAOC,0.0024,117,3,FALSE,2
AOBCR,0.0024,118,2,FALSE,2
ORCBA,0.002,119,2,FALSE,2
RCBAO,0.0016,120,2,FALSE,2
