order,sbf,rank,moves,is_word,is_unique
CLOIC,0.0408,1,1,FALSE,1
COLIC,0.035,2,0,TRUE,1
CLICO,0.0345,3,1,FALSE,1
CLOCI,0.0314,4,2,FALSE,1
CLIOC,0.0282,5,1,FALSE,1
COILC,0.0278,6,1,FALSE,1
LOCIC,0.0255,7,2,FALSE,1
COICL,0.0247,8,1,FALSE,1
OLICC,0.0247,9,1,FALSE,1
COCIL,0.024,10,2,FALSE,1
LOICC,0.0223,11,2,FALSE,1
COLCI,0.0213,12,1,FALSE,1
ILOCC,0.0208,13,3,FALSE,1
LCOIC,0.0188,14,1,FALSE,1
CILOC,0.0184,15,2,FALSE,1
OCLIC,0.0177,16,1,FALSE,1
COCLI,0.0165,17,1,FALSE,1
OCILC,0.0165,18,2,FALSE,1
CLCIO,0.0157,19,2,FALSE,1
CCILO,0.0153,20,3,FALSE,1
CCOIL,0.0149,21,2,FALSE,1
OLCIC,0.0146,22,1,FALSE,1
LIOCC,0.0145,23,2,FALSE,1
CILCO,0.0141,24,2,FALSE,1
LICOC,0.0141,25,2,FALSE,1
CLCOI,0.0138,26,2,FALSE,1
OCICL,0.0134,27,2,FALSE,1
LOCCI,0.0133,28,3,FALSE,1
LICCO,0.0121,29,2,FALSE,1
OILCC,0.0118,30,2,FALSE,1
LCICO,0.0114,31,2,FALSE,1
OCCIL,0.0111,32,3,FALSE,1
CICOL,0.0106,33,2,FALSE,1
ICOCL,0.0106,34,2,FALSE,1
ICOLC,0.0102,35,1,FALSE,1
IOLCC,0.0099,36,2,FALSE,1
CIOCL,0.0094,37,2,FALSE,1
CCOLI,0.0094,38,1,FALSE,1
LCOCI,0.0094,39,2,FALSE,1
CIOLC,0.009,40,1,FALSE,1
CICLO,0.0082,41,2,FALSE,1
ICLOC,0.0075,42,2,FALSE,1
CCLIO,0.007,43,2,FALSE,1
CCIOL,0.0067,44,2,FALSE,1
CCLOI,0.0059,45,2,FALSE,1
ICCOL,0.0056,46,2,FALSE,1
OICLC,0.0051,47,2,FALSE,1
LCIOC,0.0051,48,2,FALSE,1
OICCL,0.0047,49,2,FALSE,1
IOCLC,0.0047,50,2,FALSE,1
LCCIO,0.0043,51,3,FALSE,1
IOCCL,0.0043,52,3,FALSE,1
OCLCI,0.004,53,2,FALSE,1
OCCLI,0.0036,54,2,FALSE,1
ILCOC,0.0036,55,2,FALSE,1
ICLCO,0.0032,56,2,FALSE,1
ICCLO,0.0032,57,3,FALSE,1
OLCCI,0.0024,58,2,FALSE,1
LCCOI,0.0024,59,2,FALSE,1
ILCCO,0.0016,60,3,FALSE,1
