string,slf,sbf,stf,vowels,consonants,is_word,first_letter
PHINH,361.56862745098,39.6078431372549,3.52941176470588,1,4,FALSE,consonant
HHINP,298.823529411765,37.6470588235294,3.52941176470588,1,4,FALSE,consonant
HPINH,291.372549019608,27.843137254902,1.17647058823529,1,4,FALSE,consonant
PINHH,284.705882352941,23.1372549019608,1.56862745098039,1,4,FALSE,consonant
HINPH,263.137254901961,20.7843137254902,0.392156862745098,1,4,FALSE,consonant
NHIPH,260.392156862745,18.8235294117647,0,1,4,FALSE,consonant
HINHP,221.960784313726,18.4313725490196,0.392156862745098,1,4,FALSE,consonant
PHIHN,292.549019607843,16.8627450980392,0,1,4,FALSE,consonant
HHIPN,270.980392156863,16.4705882352941,0,1,4,FALSE,consonant
NHIHP,219.21568627451,14.9019607843137,0,1,4,FALSE,consonant
PHHIN,245.098039215686,10.5882352941176,0,1,4,FALSE,consonant
HHPIN,233.333333333333,9.80392156862745,0,1,4,FALSE,consonant
HPHIN,174.901960784314,9.01960784313725,0.392156862745098,1,4,FALSE,consonant
HNIPH,255.294117647059,9.01960784313725,0.392156862745098,1,4,FALSE,consonant
HIPNH,281.960784313725,8.23529411764706,0.392156862745098,1,4,FALSE,consonant
HIPHN,212.941176470588,8.23529411764706,0.392156862745098,1,4,FALSE,consonant
INHPH,137.647058823529,8.23529411764706,0,1,4,FALSE,vowel
NIPHH,202.352941176471,7.84313725490196,0,1,4,FALSE,consonant
PIHNH,293.725490196078,7.84313725490196,0,1,4,FALSE,consonant
PIHHN,224.705882352941,7.84313725490196,0,1,4,FALSE,consonant
INPHH,147.450980392157,6.66666666666667,0.392156862745098,1,4,FALSE,vowel
PHNIH,305.098039215686,6.27450980392157,0,1,4,FALSE,consonant
INHHP,96.4705882352941,5.88235294117647,0,1,4,FALSE,vowel
HHNIP,242.352941176471,5.88235294117647,0,1,4,FALSE,consonant
PNIHH,276.862745098039,5.09803921568628,0,1,4,FALSE,consonant
NPIHH,211.764705882353,5.09803921568628,0,1,4,FALSE,consonant
HPIHN,222.352941176471,5.09803921568628,0,1,4,FALSE,consonant
HNIHP,214.117647058824,5.09803921568628,0,1,4,FALSE,consonant
NIHPH,192.549019607843,5.09803921568627,0,1,4,FALSE,consonant
HPNIH,234.901960784314,4.31372549019608,0,1,4,FALSE,consonant
HIHPN,203.137254901961,3.13725490196078,0,1,4,FALSE,consonant
HIHNP,230.980392156863,3.13725490196078,0,1,4,FALSE,consonant
NIHHP,151.372549019608,2.74509803921569,0,1,4,FALSE,consonant
HNPIH,217.647058823529,2.74509803921569,0,1,4,FALSE,consonant
NHHIP,171.764705882353,2.35294117647059,0,1,4,FALSE,consonant
HNHIP,166.666666666667,2.35294117647059,0,1,4,FALSE,consonant
IHNPH,213.333333333333,2.35294117647059,0,1,4,FALSE,vowel
PHNHI,200,1.96078431372549,0,1,4,FALSE,consonant
PHHNI,209.019607843137,1.96078431372549,0,1,4,FALSE,consonant
NHPIH,222.745098039216,1.96078431372549,0,1,4,FALSE,consonant
NPHIH,164.313725490196,1.17647058823529,0.392156862745098,1,4,FALSE,consonant
PNHIH,229.411764705882,0.784313725490196,0,1,4,FALSE,consonant
HNPHI,112.549019607843,0.784313725490196,0,1,4,FALSE,consonant
IPHNH,173.725490196078,0.392156862745098,0,1,4,FALSE,vowel
IPHHN,104.705882352941,0.392156862745098,0,1,4,FALSE,vowel
NPHHI,59.2156862745098,0.392156862745098,0,1,4,FALSE,consonant
HPHNI,138.823529411765,0.392156862745098,0,1,4,FALSE,consonant
PNHHI,124.313725490196,0,0,1,4,FALSE,consonant
IPNHH,164.705882352941,0,0,1,4,FALSE,vowel
IHPNH,232.156862745098,0,0,1,4,FALSE,vowel
IHPHN,163.137254901961,0,0,1,4,FALSE,vowel
IHNHP,172.156862745098,0,0,1,4,FALSE,vowel
IHHPN,153.333333333333,0,0,1,4,FALSE,vowel
IHHNP,181.176470588235,0,0,1,4,FALSE,vowel
NHPHI,117.647058823529,0,0,1,4,FALSE,consonant
NHHPI,107.843137254902,0,0,1,4,FALSE,consonant
HPNHI,129.803921568627,0,0,1,4,FALSE,consonant
HNHPI,102.745098039216,0,0,1,4,FALSE,consonant
HHPNI,197.254901960784,0,0,1,4,FALSE,consonant
HHNPI,178.43137254902,0,0,1,4,FALSE,consonant
