string,slf,sbf,stf,vowels,consonants,is_word,first_letter
HHAFF,244.313725490196,23.5294117647059,2.35294117647059,1,4,FALSE,consonant
FHAFH,314.509803921569,17.6470588235294,1.17647058823529,1,4,FALSE,consonant
HAHFF,208.235294117647,13.7254901960784,0,1,4,FALSE,consonant
FHAHF,265.882352941176,13.7254901960784,0,1,4,FALSE,consonant
HAFFH,257.647058823529,12.156862745098,1.17647058823529,1,4,FALSE,consonant
FAFHH,279.21568627451,12.156862745098,0,1,4,FALSE,consonant
HAFHF,209.019607843137,10.1960784313725,0,1,4,FALSE,consonant
FAHHF,229.803921568627,9.80392156862745,0,1,4,FALSE,consonant
FAHFH,278.43137254902,9.80392156862745,0,1,4,FALSE,consonant
AHHFF,159.607843137255,6.66666666666667,0,1,4,FALSE,vowel
HFAFH,227.450980392157,3.92156862745098,0,1,4,FALSE,consonant
AHFFH,209.019607843137,2.74509803921569,0,1,4,FALSE,vowel
AFFHH,143.529411764706,2.74509803921569,0,1,4,FALSE,vowel
HHFFA,141.960784313726,2.35294117647059,0,1,4,FALSE,consonant
HFFAH,169.803921568627,1.96078431372549,0.392156862745098,1,4,FALSE,consonant
AFHHF,94.1176470588235,1.56862745098039,0,1,4,FALSE,vowel
AFHFH,142.745098039216,1.56862745098039,0,1,4,FALSE,vowel
HFFHA,76.4705882352941,1.56862745098039,0,1,4,FALSE,consonant
HHFAF,186.666666666667,1.17647058823529,0,1,4,FALSE,consonant
HFHAF,120.392156862745,0.784313725490196,0,1,4,FALSE,consonant
AHFHF,160.392156862745,0.784313725490196,0,1,4,FALSE,vowel
FHHAF,207.450980392157,0.784313725490196,0,1,4,FALSE,consonant
FHFAH,256.862745098039,0.784313725490196,0,1,4,FALSE,consonant
HFHFA,75.6862745098039,0.392156862745098,0,1,4,FALSE,consonant
FHHFA,162.745098039216,0.392156862745098,0,1,4,FALSE,consonant
FHFHA,163.529411764706,0.392156862745098,0,1,4,FALSE,consonant
FFHHA,97.2549019607843,0.392156862745098,0,1,4,FALSE,consonant
FFHAH,190.588235294118,0.392156862745098,0,1,4,FALSE,consonant
HFAHF,178.823529411765,0,0,1,4,FALSE,consonant
FFAHH,249.019607843137,0,0,1,4,FALSE,consonant
