string,slf,sbf,stf,vowels,consonants,is_word,first_letter
QUDFF,146.666666666667,17.2549019607843,0,1,4,FALSE,consonant
DQUFF,142.745098039216,10.9803921568627,2.35294117647059,1,4,FALSE,consonant
QUFFD,222.745098039216,9.80392156862745,0.392156862745098,1,4,FALSE,consonant
QDUFF,112.941176470588,9.01960784313725,2.35294117647059,1,4,FALSE,consonant
DUQFF,150.196078431373,8.62745098039216,0,1,4,FALSE,consonant
QUFDF,135.686274509804,7.84313725490196,0,1,4,FALSE,consonant
FUDQF,181.56862745098,7.84313725490196,0,1,4,FALSE,consonant
FUDFQ,186.666666666667,7.84313725490196,0,1,4,FALSE,consonant
UDQFF,52.5490196078431,6.27450980392157,0,1,4,FALSE,vowel
UQDFF,78.8235294117647,5.88235294117647,0,1,4,FALSE,vowel
DUFFQ,149.803921568627,5.09803921568627,0.392156862745098,1,4,FALSE,consonant
FQUDF,168.627450980392,5.09803921568627,0,1,4,FALSE,consonant
FQUFD,255.686274509804,5.09803921568627,0,1,4,FALSE,consonant
FUFQD,257.647058823529,4.31372549019608,0,1,4,FALSE,consonant
FUFDQ,175.686274509804,4.31372549019608,0,1,4,FALSE,consonant
FUQDF,176.078431372549,3.92156862745098,0,1,4,FALSE,consonant
FUQFD,263.137254901961,3.92156862745098,0,1,4,FALSE,consonant
DUFQF,144.705882352941,3.13725490196078,0,1,4,FALSE,consonant
QFFUD,165.490196078431,3.13725490196078,0,1,4,FALSE,consonant
FDUFQ,152.941176470588,3.13725490196078,0,1,4,FALSE,consonant
QDFFU,44.7058823529412,2.74509803921569,0,1,4,FALSE,consonant
UDFFQ,52.156862745098,2.74509803921569,0,1,4,FALSE,vowel
DQFFU,74.5098039215686,2.35294117647059,0,1,4,FALSE,consonant
QFUDF,117.647058823529,2.35294117647059,0,1,4,FALSE,consonant
QFUFD,204.705882352941,2.35294117647059,0,1,4,FALSE,consonant
DFUFQ,131.764705882353,2.35294117647059,0,1,4,FALSE,consonant
FFUDQ,157.647058823529,2.35294117647059,0,1,4,FALSE,consonant
UQFFD,154.901960784314,1.96078431372549,0,1,4,FALSE,vowel
FQFUD,216.470588235294,1.96078431372549,0,1,4,FALSE,consonant
FFQUD,205.882352941176,1.96078431372549,0,1,4,FALSE,consonant
DFFUQ,92.5490196078431,1.56862745098039,0,1,4,FALSE,consonant
QFFDU,49.4117647058824,1.17647058823529,0,1,4,FALSE,consonant
UFFQD,138.823529411765,1.17647058823529,0,1,4,FALSE,vowel
UFFDQ,56.8627450980392,1.17647058823529,0,1,4,FALSE,vowel
DFFQU,58.4313725490196,1.17647058823529,0,1,4,FALSE,consonant
QDFUF,73.7254901960784,0.784313725490196,0,1,4,FALSE,consonant
UDFQF,47.0588235294118,0.784313725490196,0,1,4,FALSE,vowel
FDUQF,147.843137254902,0.784313725490196,0,1,4,FALSE,consonant
FDFUQ,113.725490196078,0.784313725490196,0,1,4,FALSE,consonant
QFDUF,89.4117647058824,0.392156862745098,0,1,4,FALSE,consonant
QFDFU,60.3921568627451,0.392156862745098,0,1,4,FALSE,consonant
DQFUF,103.529411764706,0.392156862745098,0,1,4,FALSE,consonant
DFQUF,92.9411764705882,0.392156862745098,0,1,4,FALSE,consonant
DFQFU,63.921568627451,0.392156862745098,0,1,4,FALSE,consonant
FQDUF,140.392156862745,0.392156862745098,0,1,4,FALSE,consonant
FQDFU,111.372549019608,0.392156862745098,0,1,4,FALSE,consonant
FDQUF,114.117647058824,0.392156862745098,0,1,4,FALSE,consonant
FDQFU,85.0980392156863,0.392156862745098,0,1,4,FALSE,consonant
FDFQU,79.6078431372549,0.392156862745098,0,1,4,FALSE,consonant
FFDUQ,129.411764705882,0.392156862745098,0,1,4,FALSE,consonant
UQFDF,67.843137254902,0,0,1,4,FALSE,vowel
UFQDF,57.2549019607843,0,0,1,4,FALSE,vowel
UFQFD,144.313725490196,0,0,1,4,FALSE,vowel
UFDQF,62.7450980392157,0,0,1,4,FALSE,vowel
UFDFQ,67.843137254902,0,0,1,4,FALSE,vowel
DFUQF,126.666666666667,0,0,1,4,FALSE,consonant
FQFDU,100.392156862745,0,0,1,4,FALSE,consonant
FFQDU,89.8039215686275,0,0,1,4,FALSE,consonant
FFUQD,239.607843137255,0,0,1,4,FALSE,consonant
FFDQU,95.2941176470588,0,0,1,4,FALSE,consonant
