string,slf,sbf,stf,vowels,consonants,is_word,first_letter
QUGFF,146.666666666667,16.8627450980392,0,1,4,FALSE,consonant
GUQFF,157.647058823529,12.156862745098,0,1,4,FALSE,consonant
GQUFF,150.196078431373,10.9803921568627,2.35294117647059,1,4,FALSE,consonant
QUFFG,129.411764705882,9.80392156862745,0.392156862745098,1,4,FALSE,consonant
GUFFQ,157.254901960784,8.62745098039216,0.392156862745098,1,4,FALSE,consonant
QGUFF,110.980392156863,8.23529411764706,2.35294117647059,1,4,FALSE,consonant
QUFGF,134.117647058824,7.84313725490196,0,1,4,FALSE,consonant
FUGQF,181.56862745098,7.45098039215686,0.392156862745098,1,4,FALSE,consonant
FUGFQ,186.666666666667,7.45098039215686,0.392156862745098,1,4,FALSE,consonant
GUFQF,152.156862745098,6.66666666666667,0,1,4,FALSE,consonant
FQUGF,167.058823529412,6.27450980392157,0,1,4,FALSE,consonant
UQGFF,78.8235294117647,5.88235294117647,0,1,4,FALSE,vowel
UGQFF,50.5882352941177,5.88235294117647,0,1,4,FALSE,vowel
FQUFG,162.352941176471,5.09803921568627,0,1,4,FALSE,consonant
FUFQG,164.313725490196,4.31372549019608,0,1,4,FALSE,consonant
FUFGQ,174.117647058824,4.31372549019608,0,1,4,FALSE,consonant
QFGUF,89.4117647058824,3.92156862745098,0,1,4,FALSE,consonant
FQGUF,140.392156862745,3.92156862745098,0,1,4,FALSE,consonant
FUQGF,174.509803921569,3.92156862745098,0,1,4,FALSE,consonant
FUQFG,169.803921568627,3.92156862745098,0,1,4,FALSE,consonant
FFGUQ,129.411764705882,3.92156862745098,0,1,4,FALSE,consonant
QFUGF,116.078431372549,3.52941176470588,0,1,4,FALSE,consonant
FFUGQ,156.078431372549,3.52941176470588,0,1,4,FALSE,consonant
QGFFU,42.7450980392157,2.35294117647059,0,1,4,FALSE,consonant
GQFFU,81.9607843137255,2.35294117647059,0,1,4,FALSE,consonant
QFUFG,111.372549019608,2.35294117647059,0,1,4,FALSE,consonant
QFFUG,72.156862745098,2.35294117647059,0,1,4,FALSE,consonant
GFUFQ,139.21568627451,2.35294117647059,0,1,4,FALSE,consonant
FGUFQ,150.980392156863,2.35294117647059,0,1,4,FALSE,consonant
UQFFG,61.5686274509804,1.96078431372549,0,1,4,FALSE,vowel
UGFFQ,50.1960784313726,1.96078431372549,0,1,4,FALSE,vowel
GFFUQ,100,1.56862745098039,0,1,4,FALSE,consonant
FQFUG,123.137254901961,1.17647058823529,0,1,4,FALSE,consonant
FFQUG,112.549019607843,1.17647058823529,0,1,4,FALSE,consonant
QFFGU,47.843137254902,1.17647058823529,0,1,4,FALSE,consonant
UFFQG,45.4901960784314,1.17647058823529,0,1,4,FALSE,vowel
UFFGQ,55.2941176470588,1.17647058823529,0,1,4,FALSE,vowel
GFFQU,65.8823529411765,1.17647058823529,0,1,4,FALSE,consonant
QGFUF,71.7647058823529,0.392156862745098,0,1,4,FALSE,consonant
QFGFU,60.3921568627451,0.392156862745098,0,1,4,FALSE,consonant
GQFUF,110.980392156863,0.392156862745098,0,1,4,FALSE,consonant
GFQUF,100.392156862745,0.392156862745098,0,1,4,FALSE,consonant
GFQFU,71.3725490196079,0.392156862745098,0,1,4,FALSE,consonant
FQGFU,111.372549019608,0.392156862745098,0,1,4,FALSE,consonant
FGQUF,112.156862745098,0.392156862745098,0,1,4,FALSE,consonant
FGQFU,83.1372549019608,0.392156862745098,0,1,4,FALSE,consonant
FGFUQ,111.764705882353,0.392156862745098,0,1,4,FALSE,consonant
UQFGF,66.2745098039216,0,0,1,4,FALSE,vowel
UGFQF,45.0980392156863,0,0,1,4,FALSE,vowel
UFQGF,55.6862745098039,0,0,1,4,FALSE,vowel
UFQFG,50.9803921568628,0,0,1,4,FALSE,vowel
UFGQF,62.7450980392157,0,0,1,4,FALSE,vowel
UFGFQ,67.843137254902,0,0,1,4,FALSE,vowel
GFUQF,134.117647058824,0,0,1,4,FALSE,consonant
FQFGU,98.8235294117647,0,0,1,4,FALSE,consonant
FGUQF,145.882352941176,0,0,1,4,FALSE,consonant
FGFQU,77.6470588235294,0,0,1,4,FALSE,consonant
FFQGU,88.2352941176471,0,0,1,4,FALSE,consonant
FFUQG,146.274509803922,0,0,1,4,FALSE,consonant
FFGQU,95.2941176470588,0,0,1,4,FALSE,consonant
