string,slf,sbf,stf,vowels,consonants,is_word,first_letter
QUFFY,263.921568627451,14.1176470588235,1.96078431372549,2,3,FALSE,consonant
QUYFF,127.058823529412,13.7254901960784,0,2,3,FALSE,consonant
YQUFF,103.137254901961,10.9803921568627,2.35294117647059,2,3,FALSE,vowel
FQUFY,296.862745098039,9.41176470588235,0,2,3,FALSE,consonant
QYUFF,114.117647058824,8.23529411764706,2.35294117647059,2,3,FALSE,consonant
FUQFY,304.313725490196,8.23529411764706,0,2,3,FALSE,consonant
QUFYF,112.156862745098,7.84313725490196,0,2,3,FALSE,consonant
QFUFY,245.882352941177,6.66666666666667,0,2,3,FALSE,consonant
UQFFY,196.078431372549,6.27450980392157,1.56862745098039,2,3,FALSE,vowel
YUQFF,110.588235294118,6.27450980392157,0,2,3,FALSE,vowel
UQYFF,59.2156862745098,5.88235294117647,0,2,3,FALSE,vowel
UYQFF,53.7254901960784,5.88235294117647,0,2,3,FALSE,vowel
UFQFY,185.490196078431,4.31372549019608,0,2,3,FALSE,vowel
FUYQF,161.960784313726,4.31372549019608,0,2,3,FALSE,consonant
FUYFQ,167.058823529412,4.31372549019608,0,2,3,FALSE,consonant
FUFQY,298.823529411765,4.31372549019608,0,2,3,FALSE,consonant
FUFYQ,152.156862745098,4.31372549019608,0,2,3,FALSE,consonant
FUQYF,152.549019607843,3.92156862745098,0,2,3,FALSE,consonant
YUFFQ,110.196078431373,2.74509803921569,0.392156862745098,2,3,FALSE,vowel
FQUYF,145.098039215686,2.74509803921569,0,2,3,FALSE,consonant
QYFFU,45.8823529411765,2.35294117647059,0,2,3,FALSE,consonant
YQFFU,34.9019607843137,2.35294117647059,0,2,3,FALSE,vowel
YFUFQ,92.156862745098,2.35294117647059,0,2,3,FALSE,vowel
FYUFQ,154.117647058824,2.35294117647059,0,2,3,FALSE,consonant
UYFFQ,53.3333333333333,1.96078431372549,0,2,3,FALSE,vowel
QFFUY,206.666666666667,1.56862745098039,0,2,3,FALSE,consonant
YFFUQ,52.9411764705882,1.56862745098039,0,2,3,FALSE,vowel
QFFYU,25.8823529411765,1.17647058823529,0,2,3,FALSE,consonant
UFFQY,180,1.17647058823529,0,2,3,FALSE,vowel
UFFYQ,33.3333333333333,1.17647058823529,0,2,3,FALSE,vowel
YFFQU,18.8235294117647,1.17647058823529,0,2,3,FALSE,vowel
YUFQF,105.098039215686,0.784313725490196,0,2,3,FALSE,vowel
QYFUF,74.9019607843137,0.392156862745098,0,2,3,FALSE,consonant
QFYFU,40.7843137254902,0.392156862745098,0,2,3,FALSE,consonant
YQFUF,63.921568627451,0.392156862745098,0,2,3,FALSE,vowel
YFQUF,53.3333333333334,0.392156862745098,0,2,3,FALSE,vowel
YFQFU,24.3137254901961,0.392156862745098,0,2,3,FALSE,vowel
FQYFU,91.7647058823529,0.392156862745098,0,2,3,FALSE,consonant
FQFUY,257.647058823529,0.392156862745098,0,2,3,FALSE,consonant
FYQUF,115.294117647059,0.392156862745098,0,2,3,FALSE,consonant
FYQFU,86.2745098039216,0.392156862745098,0,2,3,FALSE,consonant
FYFUQ,114.901960784314,0.392156862745098,0,2,3,FALSE,consonant
FFQUY,247.058823529412,0.392156862745098,0,2,3,FALSE,consonant
QFUYF,94.1176470588235,0,0,2,3,FALSE,consonant
QFYUF,69.8039215686275,0,0,2,3,FALSE,consonant
UQFYF,44.3137254901961,0,0,2,3,FALSE,vowel
UYFQF,48.2352941176471,0,0,2,3,FALSE,vowel
UFQYF,33.7254901960784,0,0,2,3,FALSE,vowel
UFYQF,43.1372549019608,0,0,2,3,FALSE,vowel
UFYFQ,48.2352941176471,0,0,2,3,FALSE,vowel
YFUQF,87.0588235294118,0,0,2,3,FALSE,vowel
FQYUF,120.78431372549,0,0,2,3,FALSE,consonant
FQFYU,76.8627450980392,0,0,2,3,FALSE,consonant
FYUQF,149.019607843137,0,0,2,3,FALSE,consonant
FYFQU,80.7843137254902,0,0,2,3,FALSE,consonant
FFQYU,66.2745098039216,0,0,2,3,FALSE,consonant
FFUQY,280.78431372549,0,0,2,3,FALSE,consonant
FFUYQ,134.117647058824,0,0,2,3,FALSE,consonant
FFYQU,75.6862745098039,0,0,2,3,FALSE,consonant
FFYUQ,109.803921568627,0,0,2,3,FALSE,consonant
