string,slf,sbf,stf,vowels,consonants,is_word,first_letter
QUSWG,143.921568627451,14.9019607843137,0,1,4,FALSE,consonant
QUSGW,150.588235294118,14.9019607843137,0,1,4,FALSE,consonant
GUSWQ,171.764705882353,13.7254901960784,1.17647058823529,1,4,FALSE,consonant
GUSQW,168.627450980392,13.7254901960784,1.17647058823529,1,4,FALSE,consonant
SWUGQ,258.43137254902,12.5490196078431,0.392156862745098,1,4,FALSE,consonant
SWGUQ,231.764705882353,12.5490196078431,0,1,4,FALSE,consonant
WQUSG,190.588235294118,11.7647058823529,0,1,4,FALSE,consonant
GQUSW,197.647058823529,11.7647058823529,0,1,4,FALSE,consonant
QUGSW,194.117647058824,11.3725490196078,0,1,4,FALSE,consonant
WQGUS,123.921568627451,10.9803921568627,1.17647058823529,1,4,FALSE,consonant
QWGUS,109.019607843137,10.9803921568627,1.17647058823529,1,4,FALSE,consonant
QUGWS,147.450980392157,10.9803921568627,0,1,4,FALSE,consonant
SWQUG,214.901960784314,9.80392156862745,0,1,4,FALSE,consonant
QWUSG,175.686274509804,9.41176470588235,0,1,4,FALSE,consonant
GWUSQ,203.529411764706,9.41176470588235,0,1,4,FALSE,consonant
SWUQG,248.627450980392,9.01960784313725,0.392156862745098,1,4,FALSE,consonant
WGUSQ,179.21568627451,9.01960784313725,0,1,4,FALSE,consonant
QGUSW,158.43137254902,9.01960784313725,0,1,4,FALSE,consonant
SUGWQ,270.196078431373,8.62745098039216,0.392156862745098,1,4,FALSE,consonant
SUGQW,267.058823529412,8.62745098039216,0.392156862745098,1,4,FALSE,consonant
SWQGU,190.588235294118,8.62745098039216,0,1,4,FALSE,consonant
SWGQU,197.647058823529,8.62745098039216,0,1,4,FALSE,consonant
QUWSG,184.705882352941,8.62745098039216,0,1,4,FALSE,consonant
SQUGW,252.549019607843,8.23529411764706,1.96078431372549,1,4,FALSE,consonant
WUSQG,161.56862745098,7.84313725490196,0,1,4,FALSE,consonant
WUSGQ,171.372549019608,7.84313725490196,0,1,4,FALSE,consonant
QUWGS,144.705882352941,7.84313725490196,0,1,4,FALSE,consonant
WGQUS,95.6862745098039,7.45098039215686,0,1,4,FALSE,consonant
GWQUS,120,7.45098039215686,0,1,4,FALSE,consonant
GUWSQ,212.549019607843,7.45098039215686,0,1,4,FALSE,consonant
QGWUS,82.3529411764706,7.05882352941177,0,1,4,FALSE,consonant
GQWUS,121.56862745098,7.05882352941177,0,1,4,FALSE,consonant
WQUGS,150.588235294118,6.66666666666667,0,1,4,FALSE,consonant
GUWQS,162.745098039216,6.27450980392157,0,1,4,FALSE,consonant
GUQSW,205.098039215686,6.27450980392157,0,1,4,FALSE,consonant
GUQWS,158.43137254902,6.27450980392157,0,1,4,FALSE,consonant
SQGUW,225.882352941177,5.88235294117647,0,1,4,FALSE,consonant
SUWQG,257.647058823529,5.09803921568628,0,1,4,FALSE,consonant
SUWGQ,267.450980392157,5.09803921568628,0,1,4,FALSE,consonant
SUQWG,253.333333333333,5.09803921568628,0,1,4,FALSE,consonant
SUQGW,260,5.09803921568628,0,1,4,FALSE,consonant
SQUWG,245.882352941176,4.70588235294118,1.96078431372549,1,4,FALSE,consonant
WSUGQ,136.862745098039,4.70588235294118,0,1,4,FALSE,consonant
QSUGW,116.078431372549,4.70588235294118,0,1,4,FALSE,consonant
WUGSQ,214.901960784314,4.31372549019608,0,1,4,FALSE,consonant
QWUGS,135.686274509804,4.31372549019608,0,1,4,FALSE,consonant
WUGQS,165.098039215686,3.92156862745098,0,1,4,FALSE,consonant
WSGUQ,110.196078431373,3.92156862745098,0,1,4,FALSE,consonant
QSGUW,89.4117647058824,3.92156862745098,0,1,4,FALSE,consonant
SQWUG,216.470588235294,2.74509803921569,0,1,4,FALSE,consonant
GQUWS,150.980392156863,2.74509803921569,0,1,4,FALSE,consonant
USWQG,53.3333333333333,2.35294117647059,0,1,4,FALSE,vowel
USWGQ,63.1372549019608,2.35294117647059,0,1,4,FALSE,vowel
USQWG,49.0196078431373,2.35294117647059,0,1,4,FALSE,vowel
USQGW,55.6862745098039,2.35294117647059,0,1,4,FALSE,vowel
USGWQ,65.8823529411765,2.35294117647059,0,1,4,FALSE,vowel
USGQW,62.7450980392157,2.35294117647059,0,1,4,FALSE,vowel
SQWGU,192.156862745098,1.96078431372549,0,1,4,FALSE,consonant
SQGWU,194.901960784314,1.96078431372549,0,1,4,FALSE,consonant
WQSUG,120.392156862745,1.56862745098039,0,1,4,FALSE,consonant
QWSUG,105.490196078431,1.56862745098039,0,1,4,FALSE,consonant
WSQUG,93.3333333333333,1.17647058823529,0,1,4,FALSE,consonant
WSUQG,127.058823529412,1.17647058823529,0,1,4,FALSE,consonant
UQWSG,116.862745098039,1.17647058823529,0,1,4,FALSE,vowel
UGWSQ,105.490196078431,1.17647058823529,0,1,4,FALSE,vowel
QSUWG,109.411764705882,1.17647058823529,0,1,4,FALSE,consonant
QGWSU,98.0392156862745,1.17647058823529,0,1,4,FALSE,consonant
GSUWQ,137.254901960784,1.17647058823529,0,1,4,FALSE,consonant
GSUQW,134.117647058824,1.17647058823529,0,1,4,FALSE,consonant
GQWSU,137.254901960784,1.17647058823529,0,1,4,FALSE,consonant
WUQGS,158.039215686275,0.784313725490196,0,1,4,FALSE,consonant
WGSUQ,109.019607843137,0.784313725490196,0,1,4,FALSE,consonant
QSWUG,80,0.784313725490196,0,1,4,FALSE,consonant
QGSUW,88.2352941176471,0.784313725490196,0,1,4,FALSE,consonant
GWSUQ,133.333333333333,0.784313725490196,0,1,4,FALSE,consonant
GQSUW,127.450980392157,0.784313725490196,0,1,4,FALSE,consonant
SGQUW,197.647058823529,0.392156862745098,0,1,4,FALSE,consonant
WUQSG,198.039215686275,0.392156862745098,0,1,4,FALSE,consonant
WQGSU,139.607843137255,0.392156862745098,0,1,4,FALSE,consonant
UWQGS,75.2941176470588,0.392156862745098,0,1,4,FALSE,vowel
UWGSQ,132.156862745098,0.392156862745098,0,1,4,FALSE,vowel
UQWGS,76.8627450980392,0.392156862745098,0,1,4,FALSE,vowel
UQGSW,126.274509803922,0.392156862745098,0,1,4,FALSE,vowel
QWGSU,124.705882352941,0.392156862745098,0,1,4,FALSE,consonant
GSQUW,100.392156862745,0.392156862745098,0,1,4,FALSE,consonant
GWUQS,153.725490196078,0.392156862745098,0,1,4,FALSE,consonant
SGWUQ,205.098039215686,0,0,1,4,FALSE,consonant
SGWQU,170.980392156863,0,0,1,4,FALSE,consonant
SGUWQ,234.509803921569,0,0,1,4,FALSE,consonant
SGUQW,231.372549019608,0,0,1,4,FALSE,consonant
SGQWU,166.666666666667,0,0,1,4,FALSE,consonant
WSQGU,69.0196078431373,0,0,1,4,FALSE,consonant
WSGQU,76.078431372549,0,0,1,4,FALSE,consonant
WQSGU,96.078431372549,0,0,1,4,FALSE,consonant
WGSQU,74.9019607843137,0,0,1,4,FALSE,consonant
WGUQS,129.411764705882,0,0,1,4,FALSE,consonant
WGQSU,111.372549019608,0,0,1,4,FALSE,consonant
UWSQG,78.8235294117647,0,0,1,4,FALSE,vowel
UWSGQ,88.6274509803922,0,0,1,4,FALSE,vowel
UWQSG,115.294117647059,0,0,1,4,FALSE,vowel
UWGQS,82.3529411764706,0,0,1,4,FALSE,vowel
UQSWG,76.078431372549,0,0,1,4,FALSE,vowel
UQSGW,82.7450980392157,0,0,1,4,FALSE,vowel
UQGWS,79.6078431372549,0,0,1,4,FALSE,vowel
UGSWQ,64.7058823529412,0,0,1,4,FALSE,vowel
UGSQW,61.5686274509804,0,0,1,4,FALSE,vowel
UGWQS,55.6862745098039,0,0,1,4,FALSE,vowel
UGQSW,98.0392156862745,0,0,1,4,FALSE,vowel
UGQWS,51.3725490196079,0,0,1,4,FALSE,vowel
QSWGU,55.6862745098039,0,0,1,4,FALSE,consonant
QSGWU,58.4313725490196,0,0,1,4,FALSE,consonant
QWSGU,81.1764705882353,0,0,1,4,FALSE,consonant
QGSWU,57.2549019607843,0,0,1,4,FALSE,consonant
QGUWS,111.764705882353,0,0,1,4,FALSE,consonant
GSWUQ,107.843137254902,0,0,1,4,FALSE,consonant
GSWQU,73.7254901960784,0,0,1,4,FALSE,consonant
GSQWU,69.4117647058824,0,0,1,4,FALSE,consonant
GWSQU,99.2156862745098,0,0,1,4,FALSE,consonant
GWQSU,135.686274509804,0,0,1,4,FALSE,consonant
GQSWU,96.4705882352941,0,0,1,4,FALSE,consonant
