string,slf,sbf,stf,vowels,consonants,is_word,first_letter
GUSWW,178.823529411765,13.7254901960784,1.17647058823529,1,4,FALSE,consonant
SWUGW,265.490196078431,12.5490196078431,0.392156862745098,1,4,FALSE,consonant
SWGUW,238.823529411765,12.5490196078431,0,1,4,FALSE,consonant
WWGUS,136.862745098039,10.9803921568627,1.17647058823529,1,4,FALSE,consonant
SWWUG,229.411764705882,9.41176470588235,0,1,4,FALSE,consonant
WWUSG,203.529411764706,9.41176470588235,0,1,4,FALSE,consonant
GWUSW,210.588235294118,9.41176470588235,0,1,4,FALSE,consonant
SWUWG,258.823529411765,9.01960784313725,0.392156862745098,1,4,FALSE,consonant
WGUSW,186.274509803922,9.01960784313725,0,1,4,FALSE,consonant
SUGWW,277.254901960784,8.62745098039216,0.392156862745098,1,4,FALSE,consonant
SWWGU,205.098039215686,8.62745098039216,0,1,4,FALSE,consonant
SWGWU,207.843137254902,8.62745098039216,0,1,4,FALSE,consonant
WUSWG,171.764705882353,7.84313725490196,0,1,4,FALSE,consonant
WUSGW,178.43137254902,7.84313725490196,0,1,4,FALSE,consonant
GUWSW,219.607843137255,7.45098039215686,0,1,4,FALSE,consonant
WGWUS,110.196078431373,7.05882352941177,0,1,4,FALSE,consonant
GWWUS,134.509803921569,7.05882352941177,0,1,4,FALSE,consonant
GUWWS,172.941176470588,6.27450980392157,0,1,4,FALSE,consonant
SUWWG,267.843137254902,5.09803921568628,0,1,4,FALSE,consonant
SUWGW,274.509803921569,5.09803921568628,0,1,4,FALSE,consonant
WSUGW,143.921568627451,4.70588235294118,0,1,4,FALSE,consonant
WUGSW,221.960784313726,4.31372549019608,0,1,4,FALSE,consonant
WWUGS,163.529411764706,4.31372549019608,0,1,4,FALSE,consonant
WUGWS,175.294117647059,3.92156862745098,0,1,4,FALSE,consonant
WSGUW,117.254901960784,3.92156862745098,0,1,4,FALSE,consonant
USWWG,63.5294117647059,2.35294117647059,0,1,4,FALSE,vowel
USWGW,70.1960784313726,2.35294117647059,0,1,4,FALSE,vowel
USGWW,72.9411764705883,2.35294117647059,0,1,4,FALSE,vowel
WWSUG,133.333333333333,1.56862745098039,0,1,4,FALSE,consonant
WUWSG,212.549019607843,1.56862745098039,0,1,4,FALSE,consonant
WSUWG,137.254901960784,1.17647058823529,0,1,4,FALSE,consonant
WGWSU,125.882352941176,1.17647058823529,0,1,4,FALSE,consonant
UWWSG,129.803921568627,1.17647058823529,0,1,4,FALSE,vowel
UGWSW,112.549019607843,1.17647058823529,0,1,4,FALSE,vowel
GSUWW,144.313725490196,1.17647058823529,0,1,4,FALSE,consonant
GWWSU,150.196078431373,1.17647058823529,0,1,4,FALSE,consonant
WSWUG,107.843137254902,0.784313725490196,0,1,4,FALSE,consonant
WUWGS,172.549019607843,0.784313725490196,0,1,4,FALSE,consonant
WGSUW,116.078431372549,0.784313725490196,0,1,4,FALSE,consonant
GWSUW,140.392156862745,0.784313725490196,0,1,4,FALSE,consonant
WWGSU,152.549019607843,0.392156862745098,0,1,4,FALSE,consonant
UWWGS,89.8039215686275,0.392156862745098,0,1,4,FALSE,vowel
UWGSW,139.21568627451,0.392156862745098,0,1,4,FALSE,vowel
GWUWS,163.921568627451,0.392156862745098,0,1,4,FALSE,consonant
SGWUW,212.156862745098,0,0,1,4,FALSE,consonant
SGWWU,181.176470588235,0,0,1,4,FALSE,consonant
SGUWW,241.56862745098,0,0,1,4,FALSE,consonant
WSWGU,83.5294117647059,0,0,1,4,FALSE,consonant
WSGWU,86.2745098039216,0,0,1,4,FALSE,consonant
WWSGU,109.019607843137,0,0,1,4,FALSE,consonant
WGSWU,85.0980392156863,0,0,1,4,FALSE,consonant
WGUWS,139.607843137255,0,0,1,4,FALSE,consonant
UWSWG,89.0196078431373,0,0,1,4,FALSE,vowel
UWSGW,95.6862745098039,0,0,1,4,FALSE,vowel
UWGWS,92.5490196078431,0,0,1,4,FALSE,vowel
UGSWW,71.7647058823529,0,0,1,4,FALSE,vowel
UGWWS,65.8823529411765,0,0,1,4,FALSE,vowel
GSWUW,114.901960784314,0,0,1,4,FALSE,consonant
GSWWU,83.921568627451,0,0,1,4,FALSE,consonant
GWSWU,109.411764705882,0,0,1,4,FALSE,consonant
