string,slf,sbf,stf,vowels,consonants,is_word,first_letter
KWINK,256.470588235294,39.6078431372549,5.09803921568627,1,4,FALSE,consonant
WKINK,267.843137254902,37.2549019607843,4.31372549019608,1,4,FALSE,consonant
KKINW,204.313725490196,24.7058823529412,0.392156862745098,1,4,FALSE,consonant
WINKK,261.56862745098,23.921568627451,1.96078431372549,1,4,FALSE,consonant
KINKW,198.039215686275,19.6078431372549,1.17647058823529,1,4,FALSE,consonant
WIKNK,266.274509803922,19.2156862745098,0,1,4,FALSE,consonant
KINWK,226.274509803922,16.8627450980392,0.392156862745098,1,4,FALSE,consonant
KIWNK,245.882352941177,14.5098039215686,0,1,4,FALSE,consonant
IKWNK,156.470588235294,12.9411764705882,0,1,4,FALSE,vowel
IWKNK,165.490196078431,12.5490196078431,0,1,4,FALSE,vowel
KNIKW,190.196078431373,11.7647058823529,0.784313725490196,1,4,FALSE,consonant
KNIWK,218.43137254902,10.5882352941177,0.784313725490196,1,4,FALSE,consonant
KIKWN,180.392156862745,7.84313725490196,0,1,4,FALSE,consonant
KWKIN,154.117647058824,7.84313725490196,0,1,4,FALSE,consonant
KKWIN,145.098039215686,7.84313725490196,0,1,4,FALSE,consonant
WKKIN,165.490196078431,7.84313725490196,0,1,4,FALSE,consonant
KKIWN,181.960784313726,7.45098039215686,0,1,4,FALSE,consonant
INKWK,127.450980392157,7.05882352941176,0.784313725490196,1,4,FALSE,vowel
INKKW,99.2156862745098,7.05882352941176,0.784313725490196,1,4,FALSE,vowel
KNWKI,94.9019607843137,6.66666666666667,0,1,4,FALSE,consonant
KNWIK,181.56862745098,6.66666666666667,0,1,4,FALSE,consonant
INWKK,142.352941176471,6.66666666666667,0,1,4,FALSE,vowel
KNKWI,80,6.66666666666667,0,1,4,FALSE,consonant
KNKIW,138.43137254902,6.66666666666667,0,1,4,FALSE,consonant
WIKKN,215.686274509804,6.66666666666667,0,1,4,FALSE,consonant
WNIKK,253.725490196078,6.27450980392157,0,1,4,FALSE,consonant
KWIKN,205.882352941176,5.49019607843137,0,1,4,FALSE,consonant
KWNIK,200,5.49019607843137,0,1,4,FALSE,consonant
IKKWN,90.9803921568627,5.49019607843137,0,1,4,FALSE,vowel
NWIKK,207.843137254902,5.49019607843137,0,1,4,FALSE,consonant
WKNIK,211.372549019608,5.09803921568627,0,1,4,FALSE,consonant
KKNIW,147.843137254902,4.31372549019608,0,1,4,FALSE,consonant
KWNKI,113.333333333333,3.52941176470588,0,1,4,FALSE,consonant
NIKWK,182.352941176471,3.52941176470588,0,1,4,FALSE,consonant
NIKKW,154.117647058824,3.52941176470588,0,1,4,FALSE,consonant
WKNKI,124.705882352941,3.13725490196078,0,1,4,FALSE,consonant
IWNKK,160.78431372549,3.13725490196078,0,1,4,FALSE,vowel
NIWKK,197.254901960784,3.13725490196078,0,1,4,FALSE,consonant
WKIKN,217.254901960784,3.13725490196078,0,1,4,FALSE,consonant
NKIKW,155.686274509804,3.13725490196078,0,1,4,FALSE,consonant
IKNKW,108.627450980392,2.74509803921569,0,1,4,FALSE,vowel
KIKNW,202.745098039216,2.35294117647059,0,1,4,FALSE,consonant
KIWKN,195.294117647059,1.96078431372549,0,1,4,FALSE,consonant
NKIWK,183.921568627451,1.96078431372549,0,1,4,FALSE,consonant
WNKIK,201.960784313725,1.96078431372549,0,1,4,FALSE,consonant
WNKKI,115.294117647059,1.56862745098039,0,1,4,FALSE,consonant
NKWIK,147.058823529412,0.784313725490196,0,1,4,FALSE,consonant
NKWKI,60.3921568627451,0.784313725490196,0,1,4,FALSE,consonant
NWKIK,156.078431372549,0.784313725490196,0,1,4,FALSE,consonant
KKWNI,109.019607843137,0.392156862745098,0,1,4,FALSE,consonant
IKWKN,105.882352941176,0.392156862745098,0,1,4,FALSE,vowel
NWKKI,69.4117647058824,0.392156862745098,0,1,4,FALSE,consonant
KWKNI,118.039215686275,0,0,1,4,FALSE,consonant
KKNWI,89.4117647058824,0,0,1,4,FALSE,consonant
WKKNI,129.411764705882,0,0,1,4,FALSE,consonant
IKNWK,136.862745098039,0,0,1,4,FALSE,vowel
IKKNW,113.333333333333,0,0,1,4,FALSE,vowel
IWKKN,114.901960784314,0,0,1,4,FALSE,vowel
NKKWI,45.4901960784314,0,0,1,4,FALSE,consonant
NKKIW,103.921568627451,0,0,1,4,FALSE,consonant
