string,slf,sbf,stf,vowels,consonants,is_word,first_letter
PYNNK,257.254901960784,19.2156862745098,0,1,4,FALSE,consonant
PNNKY,339.607843137255,18.8235294117647,2.74509803921569,1,4,FALSE,consonant
YPNNK,212.156862745098,17.6470588235294,0,1,4,FALSE,vowel
KNPNY,305.882352941176,16.8627450980392,0,1,4,FALSE,consonant
NPNKY,274.509803921569,16.4705882352941,2.74509803921569,1,4,FALSE,consonant
KNNPY,287.058823529412,16.4705882352941,0,1,4,FALSE,consonant
PKNNY,353.725490196078,15.6862745098039,4.70588235294118,1,4,FALSE,consonant
KPNNY,323.137254901961,15.6862745098039,4.70588235294118,1,4,FALSE,consonant
NNPKY,257.254901960784,14.5098039215686,0,1,4,FALSE,consonant
NYPNK,174.901960784314,14.1176470588235,0,1,4,FALSE,consonant
YNPNK,194.901960784314,13.3333333333333,0,1,4,FALSE,vowel
PNYNK,242.745098039216,12.5490196078431,0,1,4,FALSE,consonant
NPYNK,177.647058823529,12.5490196078431,0,1,4,FALSE,consonant
PNKNY,344.313725490196,11.7647058823529,0,1,4,FALSE,consonant
NPKNY,279.21568627451,10.5882352941176,0,1,4,FALSE,consonant
NKPNY,271.372549019608,10.5882352941176,0,1,4,FALSE,consonant
NNKPY,243.137254901961,9.80392156862745,0,1,4,FALSE,consonant
NKNPY,252.549019607843,8.62745098039216,0,1,4,FALSE,consonant
KNNYP,142.745098039216,8.62745098039216,0,1,4,FALSE,consonant
KYNNP,181.960784313726,6.66666666666667,0,1,4,FALSE,consonant
KNPYN,133.725490196078,6.27450980392157,0,1,4,FALSE,consonant
KNYPN,139.607843137255,6.27450980392157,0,1,4,FALSE,consonant
KNYNP,167.450980392157,5.49019607843137,0,1,4,FALSE,consonant
YKNNP,167.450980392157,5.09803921568628,0,1,4,FALSE,vowel
NYNKP,133.333333333333,5.09803921568627,0,1,4,FALSE,consonant
YNNKP,153.333333333333,5.09803921568627,0,1,4,FALSE,vowel
PYNKN,206.666666666667,4.31372549019608,0,1,4,FALSE,consonant
YPNKN,161.56862745098,2.74509803921569,0,1,4,FALSE,vowel
PNNYK,218.039215686275,2.74509803921569,0,1,4,FALSE,consonant
NYNPK,156.078431372549,2.35294117647059,0,1,4,FALSE,consonant
NNKYP,98.8235294117647,2.35294117647059,0,1,4,FALSE,consonant
YNNPK,176.078431372549,2.35294117647059,0,1,4,FALSE,vowel
PNKYN,172.156862745098,1.96078431372549,0,1,4,FALSE,consonant
NYPKN,124.313725490196,1.56862745098039,0,1,4,FALSE,consonant
NYKPN,110.196078431373,1.56862745098039,0,1,4,FALSE,consonant
NYKNP,138.039215686275,1.56862745098039,0,1,4,FALSE,consonant
KYNPN,154.117647058824,1.56862745098039,0,1,4,FALSE,consonant
PYKNN,211.372549019608,1.17647058823529,0,1,4,FALSE,consonant
KYPNN,172.941176470588,1.17647058823529,0,1,4,FALSE,consonant
YNKPN,130.196078431373,1.17647058823529,0,1,4,FALSE,vowel
YNKNP,158.039215686275,1.17647058823529,0,1,4,FALSE,vowel
NPKYN,107.058823529412,0.784313725490196,0,1,4,FALSE,consonant
NNPYK,135.686274509804,0.784313725490196,0,1,4,FALSE,consonant
NNYPK,141.56862745098,0.784313725490196,0,1,4,FALSE,consonant
NKNYP,108.235294117647,0.784313725490196,0,1,4,FALSE,consonant
NKYPN,105.098039215686,0.784313725490196,0,1,4,FALSE,consonant
YNPKN,144.313725490196,0.784313725490196,0,1,4,FALSE,vowel
PKNYN,181.56862745098,0.392156862745098,0,1,4,FALSE,consonant
PKYNN,206.274509803922,0.392156862745098,0,1,4,FALSE,consonant
NPNYK,152.941176470588,0.392156862745098,0,1,4,FALSE,consonant
KPNYN,150.980392156863,0.392156862745098,0,1,4,FALSE,consonant
KPYNN,175.686274509804,0.392156862745098,0,1,4,FALSE,consonant
YPKNN,166.274509803922,0.392156862745098,0,1,4,FALSE,vowel
YKPNN,158.43137254902,0.392156862745098,0,1,4,FALSE,vowel
PNYKN,192.156862745098,0,0,1,4,FALSE,consonant
NPYKN,127.058823529412,0,0,1,4,FALSE,consonant
NNYKP,118.823529411765,0,0,1,4,FALSE,consonant
NKPYN,99.2156862745098,0,0,1,4,FALSE,consonant
NKYNP,132.941176470588,0,0,1,4,FALSE,consonant
YKNPN,139.607843137255,0,0,1,4,FALSE,vowel
