string,slf,sbf,stf,vowels,consonants,is_word,first_letter
KFTTY,269.411764705882,25.4901960784314,5.09803921568628,1,4,FALSE,consonant
FKTTY,316.862745098039,24.7058823529412,5.09803921568628,1,4,FALSE,consonant
KTFTY,254.509803921569,20.7843137254902,2.35294117647059,1,4,FALSE,consonant
TKFTY,280.78431372549,20.7843137254902,2.35294117647059,1,4,FALSE,consonant
FTKTY,301.960784313726,18.0392156862745,0,1,4,FALSE,consonant
TFKTY,280.78431372549,18.0392156862745,0,1,4,FALSE,consonant
FTTKY,313.725490196078,14.9019607843137,0,1,4,FALSE,consonant
TFTKY,292.549019607843,14.5098039215686,0,1,4,FALSE,consonant
TTFKY,277.647058823529,13.7254901960784,0,1,4,FALSE,consonant
YFTTK,158.43137254902,7.45098039215686,0,1,4,FALSE,vowel
KYTTF,137.647058823529,6.66666666666667,0,1,4,FALSE,consonant
FYTTK,220.392156862745,6.66666666666667,0,1,4,FALSE,consonant
YKTTF,123.137254901961,6.66666666666667,0,1,4,FALSE,vowel
KTTFY,261.176470588235,5.49019607843137,0,1,4,FALSE,consonant
TYKFT,200.392156862745,5.49019607843137,0,1,4,FALSE,consonant
KTYFT,169.019607843137,4.70588235294118,0,1,4,FALSE,consonant
KYTFT,189.019607843137,4.31372549019608,0,1,4,FALSE,consonant
TKTFY,287.450980392157,4.31372549019608,0,1,4,FALSE,consonant
TKYFT,195.294117647059,4.31372549019608,0,1,4,FALSE,consonant
TTKFY,272.549019607843,4.31372549019608,0,1,4,FALSE,consonant
YKTFT,174.509803921569,4.31372549019608,0,1,4,FALSE,vowel
YTKFT,159.607843137255,4.31372549019608,0,1,4,FALSE,vowel
TYFTK,184.313725490196,3.13725490196078,0,1,4,FALSE,consonant
KYFTT,182.352941176471,2.74509803921569,0,1,4,FALSE,consonant
YKFTT,167.843137254902,2.74509803921569,0,1,4,FALSE,vowel
YTFTK,143.529411764706,2.74509803921569,0,1,4,FALSE,vowel
KTTYF,109.411764705882,2.35294117647059,0,1,4,FALSE,consonant
FTTYK,192.156862745098,2.35294117647059,0,1,4,FALSE,consonant
KFTYT,169.019607843137,1.96078431372549,0,1,4,FALSE,consonant
TFTYK,170.980392156863,1.96078431372549,0,1,4,FALSE,consonant
TYKTF,149.019607843137,1.17647058823529,0,1,4,FALSE,consonant
FKTYT,216.470588235294,1.17647058823529,0,1,4,FALSE,consonant
TKTYF,135.686274509804,1.17647058823529,0,1,4,FALSE,consonant
YTTKF,120,1.17647058823529,0,1,4,FALSE,vowel
YTTFK,150.196078431373,1.17647058823529,0,1,4,FALSE,vowel
KTYTF,117.647058823529,0.784313725490196,0,1,4,FALSE,consonant
FTKYT,201.56862745098,0.784313725490196,0,1,4,FALSE,consonant
FTYTK,200.392156862745,0.784313725490196,0,1,4,FALSE,consonant
FYKTT,229.803921568628,0.784313725490196,0,1,4,FALSE,consonant
TFKYT,180.392156862745,0.784313725490196,0,1,4,FALSE,consonant
TTKYF,120.78431372549,0.784313725490196,0,1,4,FALSE,consonant
YFTKT,179.607843137255,0.784313725490196,0,1,4,FALSE,vowel
KFYTT,177.254901960784,0.392156862745098,0,1,4,FALSE,consonant
FKYTT,224.705882352941,0.392156862745098,0,1,4,FALSE,consonant
FTYKT,221.56862745098,0.392156862745098,0,1,4,FALSE,consonant
TKYTF,143.921568627451,0.392156862745098,0,1,4,FALSE,consonant
TFYTK,179.21568627451,0.392156862745098,0,1,4,FALSE,consonant
TTYKF,140.78431372549,0.392156862745098,0,1,4,FALSE,consonant
TTYFK,170.980392156863,0.392156862745098,0,1,4,FALSE,consonant
TYFKT,205.490196078431,0.392156862745098,0,1,4,FALSE,consonant
TYTKF,160.78431372549,0.392156862745098,0,1,4,FALSE,consonant
TYTFK,190.980392156863,0.392156862745098,0,1,4,FALSE,consonant
KTFYT,154.117647058824,0,0,1,4,FALSE,consonant
FYTKT,241.56862745098,0,0,1,4,FALSE,consonant
TKFYT,180.392156862745,0,0,1,4,FALSE,consonant
TFYKT,200.392156862745,0,0,1,4,FALSE,consonant
TTFYK,156.078431372549,0,0,1,4,FALSE,consonant
YFKTT,167.843137254902,0,0,1,4,FALSE,vowel
YTKTF,108.235294117647,0,0,1,4,FALSE,vowel
YTFKT,164.705882352941,0,0,1,4,FALSE,vowel
