string,slf,sbf,stf,vowels,consonants,is_word,first_letter
KJTTY,267.450980392157,24.7058823529412,5.09803921568628,1,4,FALSE,consonant
JKTTY,267.450980392157,24.7058823529412,5.09803921568628,1,4,FALSE,consonant
KTJTY,243.921568627451,18.0392156862745,0,1,4,FALSE,consonant
JTKTY,252.549019607843,18.0392156862745,0,1,4,FALSE,consonant
TKJTY,270.196078431373,18.0392156862745,0,1,4,FALSE,consonant
TJKTY,278.823529411765,18.0392156862745,0,1,4,FALSE,consonant
JTTKY,264.313725490196,14.9019607843137,0,1,4,FALSE,consonant
TJTKY,290.588235294118,13.7254901960784,0,1,4,FALSE,consonant
TTJKY,267.058823529412,13.7254901960784,0,1,4,FALSE,consonant
KYTTJ,126.274509803922,6.66666666666667,0,1,4,FALSE,consonant
JYTTK,170.980392156863,6.66666666666667,0,1,4,FALSE,consonant
YKTTJ,111.764705882353,6.66666666666667,0,1,4,FALSE,vowel
YJTTK,156.470588235294,6.66666666666667,0,1,4,FALSE,vowel
KTTYJ,98.0392156862745,2.35294117647059,0,1,4,FALSE,consonant
JTTYK,142.745098039216,2.35294117647059,0,1,4,FALSE,consonant
TYKJT,184.705882352941,1.17647058823529,0,1,4,FALSE,consonant
TYKTJ,137.647058823529,1.17647058823529,0,1,4,FALSE,consonant
KJTYT,167.058823529412,1.17647058823529,0,1,4,FALSE,consonant
KTTJY,245.490196078431,1.17647058823529,0,1,4,FALSE,consonant
JKTYT,167.058823529412,1.17647058823529,0,1,4,FALSE,consonant
TKTYJ,124.313725490196,1.17647058823529,0,1,4,FALSE,consonant
TJTYK,169.019607843137,1.17647058823529,0,1,4,FALSE,consonant
YTTKJ,108.627450980392,1.17647058823529,0,1,4,FALSE,vowel
YTTJK,134.509803921569,1.17647058823529,0,1,4,FALSE,vowel
KTYTJ,106.274509803922,0.784313725490196,0,1,4,FALSE,consonant
JTKYT,152.156862745098,0.784313725490196,0,1,4,FALSE,consonant
JTYTK,150.980392156863,0.784313725490196,0,1,4,FALSE,consonant
JYKTT,180.392156862745,0.784313725490196,0,1,4,FALSE,consonant
TJKYT,178.43137254902,0.784313725490196,0,1,4,FALSE,consonant
TTKYJ,109.411764705882,0.784313725490196,0,1,4,FALSE,consonant
KJYTT,175.294117647059,0.392156862745098,0,1,4,FALSE,consonant
KTYJT,153.333333333333,0.392156862745098,0,1,4,FALSE,consonant
JKYTT,175.294117647059,0.392156862745098,0,1,4,FALSE,consonant
JTYKT,172.156862745098,0.392156862745098,0,1,4,FALSE,consonant
TKYTJ,132.549019607843,0.392156862745098,0,1,4,FALSE,consonant
TJYTK,177.254901960784,0.392156862745098,0,1,4,FALSE,consonant
TTYKJ,129.411764705882,0.392156862745098,0,1,4,FALSE,consonant
TTYJK,155.294117647059,0.392156862745098,0,1,4,FALSE,consonant
TYJKT,194.901960784314,0.392156862745098,0,1,4,FALSE,consonant
TYJTK,173.725490196078,0.392156862745098,0,1,4,FALSE,consonant
TYTKJ,149.411764705882,0.392156862745098,0,1,4,FALSE,consonant
TYTJK,175.294117647059,0.392156862745098,0,1,4,FALSE,consonant
KTJYT,143.529411764706,0,0,1,4,FALSE,consonant
KYJTT,171.764705882353,0,0,1,4,FALSE,consonant
KYTJT,173.333333333333,0,0,1,4,FALSE,consonant
JYTKT,192.156862745098,0,0,1,4,FALSE,consonant
TKJYT,169.803921568627,0,0,1,4,FALSE,consonant
TKTJY,271.764705882353,0,0,1,4,FALSE,consonant
TKYJT,179.607843137255,0,0,1,4,FALSE,consonant
TJYKT,198.43137254902,0,0,1,4,FALSE,consonant
TTKJY,256.862745098039,0,0,1,4,FALSE,consonant
TTJYK,145.490196078431,0,0,1,4,FALSE,consonant
YKJTT,157.254901960784,0,0,1,4,FALSE,vowel
YKTJT,158.823529411765,0,0,1,4,FALSE,vowel
YJKTT,165.882352941176,0,0,1,4,FALSE,vowel
YJTKT,177.647058823529,0,0,1,4,FALSE,vowel
YTKJT,143.921568627451,0,0,1,4,FALSE,vowel
YTKTJ,96.8627450980392,0,0,1,4,FALSE,vowel
YTJKT,154.117647058824,0,0,1,4,FALSE,vowel
YTJTK,132.941176470588,0,0,1,4,FALSE,vowel
