string,slf,sbf,stf,vowels,consonants,is_word,first_letter
KLUKH,238.039215686275,14.9019607843137,0.784313725490196,1,4,FALSE,consonant
KLUHK,219.607843137255,14.5098039215686,0.392156862745098,1,4,FALSE,consonant
HLUKK,250.588235294118,14.1176470588235,0.392156862745098,1,4,FALSE,consonant
HULKK,227.058823529412,12.156862745098,0.784313725490196,1,4,FALSE,consonant
KHULK,251.764705882353,10.5882352941176,0.784313725490196,1,4,FALSE,consonant
KULKH,214.509803921569,8.62745098039216,0.784313725490196,1,4,FALSE,consonant
HKULK,212.156862745098,7.45098039215686,1.56862745098039,1,4,FALSE,consonant
KULHK,196.078431372549,6.27450980392157,0,1,4,FALSE,consonant
HUKLK,230.196078431373,6.27450980392157,0,1,4,FALSE,consonant
KKULH,199.607843137255,5.88235294117647,0.784313725490196,1,4,FALSE,consonant
LUKHK,189.411764705882,5.09803921568627,0,1,4,FALSE,consonant
LUKKH,207.843137254902,5.09803921568627,0,1,4,FALSE,consonant
KHUKL,231.372549019608,4.70588235294118,0,1,4,FALSE,consonant
LUHKK,193.725490196078,4.70588235294118,0,1,4,FALSE,consonant
LHUKK,241.960784313725,4.31372549019608,0,1,4,FALSE,consonant
HUKKL,209.803921568627,4.31372549019608,0,1,4,FALSE,consonant
KHLKU,145.098039215686,3.13725490196078,0,1,4,FALSE,consonant
UHLKK,195.294117647059,2.74509803921569,0,1,4,FALSE,vowel
UKLKH,143.137254901961,2.35294117647059,0,1,4,FALSE,vowel
HKLKU,105.490196078431,2.35294117647059,0,1,4,FALSE,consonant
KUHLK,203.529411764706,1.96078431372549,0,1,4,FALSE,consonant
KHKUL,187.058823529412,1.96078431372549,0,1,4,FALSE,consonant
UHKLK,198.43137254902,1.96078431372549,0,1,4,FALSE,vowel
KLKUH,193.725490196078,1.56862745098039,0,1,4,FALSE,consonant
KLKHU,116.078431372549,1.56862745098039,0,1,4,FALSE,consonant
KKHUL,120.78431372549,1.56862745098039,0,1,4,FALSE,consonant
UKHLK,132.156862745098,1.56862745098039,0,1,4,FALSE,vowel
HKKUL,147.450980392157,1.56862745098039,0,1,4,FALSE,consonant
LKUKH,189.803921568627,1.56862745098039,0,1,4,FALSE,consonant
HKUKL,191.764705882353,1.56862745098039,0,1,4,FALSE,consonant
KUKLH,217.647058823529,1.17647058823529,0,1,4,FALSE,consonant
KHLUK,204.313725490196,1.17647058823529,0,1,4,FALSE,consonant
ULKHK,166.274509803922,1.17647058823529,0,1,4,FALSE,vowel
ULKKH,184.705882352941,1.17647058823529,0,1,4,FALSE,vowel
KKUHL,160.78431372549,1.17647058823529,0,1,4,FALSE,consonant
LKUHK,171.372549019608,1.17647058823529,0,1,4,FALSE,consonant
KLHUK,179.607843137255,0.784313725490196,0,1,4,FALSE,consonant
KLHKU,120.392156862745,0.784313725490196,0,1,4,FALSE,consonant
KUKHL,178.823529411765,0.784313725490196,0,1,4,FALSE,consonant
KHKLU,148.235294117647,0.784313725490196,0,1,4,FALSE,consonant
HLKUK,206.274509803922,0.784313725490196,0,1,4,FALSE,consonant
HLKKU,147.058823529412,0.784313725490196,0,1,4,FALSE,consonant
KUHKL,183.137254901961,0.392156862745098,0,1,4,FALSE,consonant
KKLUH,152.156862745098,0.392156862745098,0,1,4,FALSE,consonant
UKKLH,146.274509803922,0.392156862745098,0,1,4,FALSE,vowel
ULHKK,170.588235294118,0.392156862745098,0,1,4,FALSE,vowel
HKLUK,164.705882352941,0.392156862745098,0,1,4,FALSE,consonant
HKKLU,108.627450980392,0.392156862745098,0,1,4,FALSE,consonant
KKLHU,74.5098039215686,0,0,1,4,FALSE,consonant
KKHLU,81.9607843137255,0,0,1,4,FALSE,consonant
LKHUK,131.372549019608,0,0,1,4,FALSE,consonant
LKHKU,72.156862745098,0,0,1,4,FALSE,consonant
LKKUH,145.490196078431,0,0,1,4,FALSE,consonant
LKKHU,67.843137254902,0,0,1,4,FALSE,consonant
LHKUK,197.647058823529,0,0,1,4,FALSE,consonant
LHKKU,138.43137254902,0,0,1,4,FALSE,consonant
UKLHK,124.705882352941,0,0,1,4,FALSE,vowel
UKHKL,111.764705882353,0,0,1,4,FALSE,vowel
UKKHL,107.450980392157,0,0,1,4,FALSE,vowel
UHKKL,178.039215686275,0,0,1,4,FALSE,vowel
