string,slf,sbf,stf,vowels,consonants,is_word,first_letter
KFACK,249.803921568627,33.3333333333333,6.27450980392157,1,4,FALSE,consonant
FKACK,297.254901960784,33.3333333333333,6.27450980392157,1,4,FALSE,consonant
FAKCK,327.450980392157,33.3333333333333,0.784313725490196,1,4,FALSE,consonant
KAFCK,280,23.5294117647059,0,1,4,FALSE,consonant
AFKCK,191.764705882353,20.7843137254902,0,1,4,FALSE,vowel
FACKK,300,19.6078431372549,1.96078431372549,1,4,FALSE,consonant
AKFCK,191.764705882353,19.2156862745098,0,1,4,FALSE,vowel
CAKFK,307.843137254902,18.8235294117647,0,1,4,FALSE,consonant
CAKKF,277.647058823529,18.8235294117647,0,1,4,FALSE,consonant
CAFKK,312.941176470588,16.8627450980392,0,1,4,FALSE,consonant
KKACF,214.509803921569,14.1176470588235,0,1,4,FALSE,consonant
FAKKC,251.764705882353,14.1176470588235,0.784313725490196,1,4,FALSE,consonant
KACKF,217.254901960784,11.7647058823529,0.784313725490196,1,4,FALSE,consonant
KFCAK,159.607843137255,10.1960784313725,0,1,4,FALSE,consonant
FKCAK,207.058823529412,10.1960784313725,0,1,4,FALSE,consonant
KACFK,247.450980392157,7.84313725490196,0,1,4,FALSE,consonant
KCAKF,187.058823529412,7.45098039215686,0,1,4,FALSE,consonant
FCAKK,269.803921568627,7.45098039215686,0,1,4,FALSE,consonant
KCAFK,217.254901960784,7.05882352941176,0,1,4,FALSE,consonant
KAKFC,199.21568627451,6.27450980392157,0,1,4,FALSE,consonant
KAKCF,244.705882352941,6.27450980392157,0,1,4,FALSE,consonant
KCFAK,159.607843137255,5.88235294117647,0,1,4,FALSE,consonant
CKFAK,220,5.88235294117647,0,1,4,FALSE,consonant
FCKAK,207.058823529412,5.49019607843137,0,1,4,FALSE,consonant
AFCKK,164.313725490196,5.49019607843137,0,1,4,FALSE,vowel
CFKAK,220,5.49019607843137,0,1,4,FALSE,consonant
KKCAF,124.313725490196,5.49019607843137,0,1,4,FALSE,consonant
KFCKA,84.7058823529412,5.09803921568627,0,1,4,FALSE,consonant
FKCKA,132.156862745098,5.09803921568627,0,1,4,FALSE,consonant
KFAKC,174.117647058824,4.31372549019608,0,1,4,FALSE,consonant
KAFKC,204.313725490196,4.31372549019608,0,1,4,FALSE,consonant
FKAKC,221.56862745098,4.31372549019608,0,1,4,FALSE,consonant
CKAKF,247.450980392157,4.31372549019608,0,1,4,FALSE,consonant
CFAKK,282.745098039216,4.31372549019608,0,1,4,FALSE,consonant
KKAFC,169.019607843137,3.92156862745098,0,1,4,FALSE,consonant
AKCKF,129.019607843137,3.92156862745098,0,1,4,FALSE,vowel
CKAFK,277.647058823529,3.92156862745098,0,1,4,FALSE,consonant
ACKFK,159.21568627451,2.35294117647059,0,1,4,FALSE,vowel
ACKKF,129.019607843137,2.35294117647059,0,1,4,FALSE,vowel
ACFKK,164.313725490196,2.35294117647059,0,1,4,FALSE,vowel
AFKKC,116.078431372549,1.56862745098039,0,1,4,FALSE,vowel
KKFAC,111.372549019608,1.17647058823529,0,1,4,FALSE,consonant
KCFKA,84.7058823529412,1.17647058823529,0,1,4,FALSE,consonant
FCKKA,132.156862745098,1.17647058823529,0,1,4,FALSE,consonant
CKFKA,145.098039215686,1.17647058823529,0,1,4,FALSE,consonant
CFKKA,145.098039215686,1.17647058823529,0,1,4,FALSE,consonant
KFKAC,111.372549019608,0.784313725490196,0,1,4,FALSE,consonant
KFKCA,112.156862745098,0.784313725490196,0,1,4,FALSE,consonant
KCKAF,124.313725490196,0.784313725490196,0,1,4,FALSE,consonant
KKFCA,112.156862745098,0.784313725490196,0,1,4,FALSE,consonant
FKKAC,158.823529411765,0.784313725490196,0,1,4,FALSE,consonant
FKKCA,159.607843137255,0.784313725490196,0,1,4,FALSE,consonant
CKKAF,184.705882352941,0.784313725490196,0,1,4,FALSE,consonant
KCKFA,79.6078431372549,0.392156862745098,0,1,4,FALSE,consonant
KKCFA,79.6078431372549,0.392156862745098,0,1,4,FALSE,consonant
CKKFA,140,0.392156862745098,0,1,4,FALSE,consonant
AKFKC,116.078431372549,0,0,1,4,FALSE,vowel
AKCFK,159.21568627451,0,0,1,4,FALSE,vowel
AKKFC,110.980392156863,0,0,1,4,FALSE,vowel
AKKCF,156.470588235294,0,0,1,4,FALSE,vowel
