string,slf,sbf,stf,vowels,consonants,is_word,first_letter
KXACK,252.549019607843,34.1176470588235,6.66666666666667,1,4,FALSE,consonant
XKACK,238.43137254902,33.3333333333333,6.27450980392157,1,4,FALSE,consonant
KAXCK,276.862745098039,23.5294117647059,0,1,4,FALSE,consonant
XAKCK,268.627450980392,23.5294117647059,0,1,4,FALSE,consonant
AXKCK,194.509803921569,20.7843137254902,0,1,4,FALSE,vowel
AKXCK,188.627450980392,19.2156862745098,0,1,4,FALSE,vowel
CAKXK,292.156862745098,18.8235294117647,0,1,4,FALSE,consonant
CAKKX,269.411764705882,18.8235294117647,0,1,4,FALSE,consonant
CAXKK,309.803921568627,16.8627450980392,0,1,4,FALSE,consonant
KKACX,206.274509803922,14.1176470588235,0,1,4,FALSE,consonant
KACKX,209.019607843137,11.7647058823529,0.784313725490196,1,4,FALSE,consonant
KXCAK,162.352941176471,10.5882352941176,0,1,4,FALSE,consonant
XKCAK,148.235294117647,10.1960784313725,0,1,4,FALSE,consonant
XACKK,241.176470588235,9.80392156862745,0.784313725490196,1,4,FALSE,consonant
KACXK,231.764705882353,7.84313725490196,0,1,4,FALSE,consonant
KCAKX,178.823529411765,7.45098039215686,0,1,4,FALSE,consonant
XCAKK,210.980392156863,7.45098039215686,0,1,4,FALSE,consonant
KAKXC,183.529411764706,6.27450980392157,0,1,4,FALSE,consonant
KAKCX,236.470588235294,6.27450980392157,0,1,4,FALSE,consonant
AXCKK,167.058823529412,5.88235294117647,0,1,4,FALSE,vowel
KXCKA,87.4509803921569,5.49019607843137,0,1,4,FALSE,consonant
KCXAK,156.470588235294,5.49019607843137,0,1,4,FALSE,consonant
XCKAK,148.235294117647,5.49019607843137,0,1,4,FALSE,consonant
CKXAK,216.862745098039,5.49019607843137,0,1,4,FALSE,consonant
CXKAK,222.745098039216,5.49019607843137,0,1,4,FALSE,consonant
KXAKC,176.862745098039,5.09803921568627,0,1,4,FALSE,consonant
XKCKA,73.3333333333333,5.09803921568627,0,1,4,FALSE,consonant
CXAKK,285.490196078431,5.09803921568627,0,1,4,FALSE,consonant
KKCAX,116.078431372549,4.70588235294118,0,1,4,FALSE,consonant
KAXKC,201.176470588235,4.31372549019608,0,1,4,FALSE,consonant
XKAKC,162.745098039216,4.31372549019608,0,1,4,FALSE,consonant
XAKKC,192.941176470588,4.31372549019608,0,1,4,FALSE,consonant
CKAKX,239.21568627451,4.31372549019608,0,1,4,FALSE,consonant
AKCKX,120.78431372549,3.92156862745098,0,1,4,FALSE,vowel
KCAXK,201.56862745098,3.13725490196078,0,1,4,FALSE,consonant
ACKXK,143.529411764706,2.35294117647059,0,1,4,FALSE,vowel
ACKKX,120.78431372549,2.35294117647059,0,1,4,FALSE,vowel
ACXKK,161.176470588235,2.35294117647059,0,1,4,FALSE,vowel
AXKKC,118.823529411765,1.56862745098039,0,1,4,FALSE,vowel
KCXKA,81.5686274509804,1.17647058823529,0,1,4,FALSE,consonant
XCKKA,73.3333333333333,1.17647058823529,0,1,4,FALSE,consonant
CKXKA,141.960784313726,1.17647058823529,0,1,4,FALSE,consonant
CXKKA,147.843137254902,1.17647058823529,0,1,4,FALSE,consonant
KXKAC,114.117647058824,0.784313725490196,0,1,4,FALSE,consonant
KXKCA,114.901960784314,0.784313725490196,0,1,4,FALSE,consonant
KKXAC,108.235294117647,0.784313725490196,0,1,4,FALSE,consonant
KKXCA,109.019607843137,0.784313725490196,0,1,4,FALSE,consonant
XKKAC,100,0.784313725490196,0,1,4,FALSE,consonant
XKKCA,100.78431372549,0.784313725490196,0,1,4,FALSE,consonant
KCKXA,63.921568627451,0,0,1,4,FALSE,consonant
KCKAX,116.078431372549,0,0,1,4,FALSE,consonant
KKAXC,153.333333333333,0,0,1,4,FALSE,consonant
KKCXA,63.921568627451,0,0,1,4,FALSE,consonant
AKXKC,112.941176470588,0,0,1,4,FALSE,vowel
AKCXK,143.529411764706,0,0,1,4,FALSE,vowel
AKKXC,95.2941176470588,0,0,1,4,FALSE,vowel
AKKCX,148.235294117647,0,0,1,4,FALSE,vowel
CKAXK,261.960784313726,0,0,1,4,FALSE,consonant
CKKXA,124.313725490196,0,0,1,4,FALSE,consonant
CKKAX,176.470588235294,0,0,1,4,FALSE,consonant
