string,slf,sbf,stf,vowels,consonants,is_word,first_letter
WWPED,380,80.3921568627451,4.31372549019608,1,4,FALSE,consonant
WPWED,378.823529411765,78.4313725490196,4.70588235294118,1,4,FALSE,consonant
PWWED,398.039215686274,78.4313725490196,4.70588235294118,1,4,FALSE,consonant
DWPEW,286.274509803922,14.9019607843137,0,1,4,FALSE,consonant
WWDEP,302.352941176471,14.9019607843137,0,1,4,FALSE,consonant
WDPEW,271.372549019608,14.1176470588235,0,1,4,FALSE,consonant
DWWEP,292.549019607843,14.1176470588235,0,1,4,FALSE,consonant
DEPWW,181.176470588235,13.7254901960784,0.784313725490196,1,4,FALSE,consonant
WPDEW,294.901960784314,13.7254901960784,0,1,4,FALSE,consonant
PWDEW,314.117647058824,13.7254901960784,0,1,4,FALSE,consonant
WDWEP,277.647058823529,13.3333333333333,0,1,4,FALSE,consonant
DEWWP,187.450980392157,13.3333333333333,0,1,4,FALSE,consonant
DEWPW,181.960784313726,13.3333333333333,0,1,4,FALSE,consonant
WPWDE,271.372549019608,12.5490196078431,0,1,4,FALSE,consonant
PWWDE,290.588235294118,12.5490196078431,0,1,4,FALSE,consonant
PDWEW,289.411764705882,12.156862745098,0,1,4,FALSE,consonant
DPWEW,285.098039215686,12.156862745098,0,1,4,FALSE,consonant
PEWDW,207.843137254902,11.7647058823529,0,1,4,FALSE,consonant
WWPDE,272.549019607843,11.3725490196078,0,1,4,FALSE,consonant
PEWWD,292.941176470588,10.9803921568627,0,1,4,FALSE,consonant
PEDWW,209.019607843137,10.5882352941177,0.392156862745098,1,4,FALSE,consonant
DWEPW,160.392156862745,7.84313725490196,0.784313725490196,1,4,FALSE,consonant
DWWPE,264.705882352941,7.45098039215686,0,1,4,FALSE,consonant
WWEPD,254.117647058824,7.05882352941176,0.392156862745098,1,4,FALSE,consonant
WEWDP,196.078431372549,7.05882352941176,0,1,4,FALSE,consonant
WWDPE,274.509803921569,6.66666666666667,0,1,4,FALSE,consonant
WDWPE,249.803921568627,6.66666666666667,0,1,4,FALSE,consonant
WEPWD,274.901960784314,6.66666666666667,0,1,4,FALSE,consonant
WEPDW,189.803921568627,6.27450980392157,0,1,4,FALSE,consonant
WEWPD,275.686274509804,5.88235294117647,0,1,4,FALSE,consonant
WEDWP,197.254901960784,5.88235294117647,0,1,4,FALSE,consonant
WEDPW,191.764705882353,5.88235294117647,0,1,4,FALSE,consonant
WWEDP,174.509803921569,5.88235294117647,0,1,4,FALSE,consonant
PWEDW,186.274509803922,5.88235294117647,0,1,4,FALSE,consonant
WPEDW,167.058823529412,5.49019607843137,0,1,4,FALSE,consonant
DWEWP,165.882352941176,5.49019607843137,0.392156862745098,1,4,FALSE,consonant
PWEWD,271.372549019608,5.09803921568628,0,1,4,FALSE,consonant
WPEWD,252.156862745098,4.70588235294118,0,1,4,FALSE,consonant
DPEWW,158.43137254902,4.31372549019608,0,1,4,FALSE,consonant
WDEPW,145.490196078431,3.52941176470588,0.392156862745098,1,4,FALSE,consonant
EPWDW,107.058823529412,1.96078431372549,0,1,4,FALSE,vowel
EDWWP,90.9803921568628,1.56862745098039,0,1,4,FALSE,vowel
EDWPW,85.4901960784314,1.56862745098039,0,1,4,FALSE,vowel
EDPWW,84.7058823529412,1.56862745098039,0,1,4,FALSE,vowel
WDEWP,150.980392156863,1.17647058823529,0,1,4,FALSE,consonant
PDEWW,162.745098039216,1.17647058823529,0,1,4,FALSE,consonant
EPWWD,192.156862745098,1.17647058823529,0,1,4,FALSE,vowel
EWWDP,114.509803921569,1.17647058823529,0,1,4,FALSE,vowel
EPDWW,108.235294117647,0.784313725490196,0,1,4,FALSE,vowel
DWPWE,263.921568627451,0.784313725490196,0,1,4,FALSE,consonant
EWPWD,193.333333333333,0.392156862745098,0,1,4,FALSE,vowel
WPDWE,272.549019607843,0,0,1,4,FALSE,consonant
WDPWE,249.019607843137,0,0,1,4,FALSE,consonant
PWDWE,291.764705882353,0,0,1,4,FALSE,consonant
PDWWE,267.058823529412,0,0,1,4,FALSE,consonant
EWWPD,194.117647058824,0,0,1,4,FALSE,vowel
EWPDW,108.235294117647,0,0,1,4,FALSE,vowel
EWDWP,115.686274509804,0,0,1,4,FALSE,vowel
EWDPW,110.196078431373,0,0,1,4,FALSE,vowel
DPWWE,262.745098039216,0,0,1,4,FALSE,consonant
