string,slf,sbf,stf,vowels,consonants,is_word,first_letter
QWNDY,259.607843137255,16.078431372549,1.96078431372549,1,4,FALSE,consonant
WQNDY,274.509803921569,15.6862745098039,1.96078431372549,1,4,FALSE,consonant
QNWDY,241.176470588235,14.9019607843137,1.17647058823529,1,4,FALSE,consonant
NQWDY,210.196078431373,14.5098039215686,1.17647058823529,1,4,FALSE,consonant
WNQDY,254.509803921569,13.3333333333333,0,1,4,FALSE,consonant
NWQDY,208.627450980392,13.3333333333333,0,1,4,FALSE,consonant
DWQNY,283.921568627451,11.3725490196078,0,1,4,FALSE,consonant
QDWNY,255.686274509804,10.9803921568627,0.392156862745098,1,4,FALSE,consonant
DQWNY,285.490196078431,10.9803921568627,0.392156862745098,1,4,FALSE,consonant
WQDNY,295.294117647059,10.5882352941176,0,1,4,FALSE,consonant
WDQNY,269.019607843137,10.5882352941176,0,1,4,FALSE,consonant
QWDNY,280.392156862745,10.5882352941176,0,1,4,FALSE,consonant
QYWND,215.686274509804,9.80392156862745,0,1,4,FALSE,consonant
YQWND,204.705882352941,9.41176470588235,0,1,4,FALSE,vowel
WQYND,234.509803921569,9.01960784313725,0,1,4,FALSE,consonant
WYQND,229.019607843137,9.01960784313725,0,1,4,FALSE,consonant
QWYND,219.607843137255,9.01960784313725,0,1,4,FALSE,consonant
YWQND,203.137254901961,9.01960784313725,0,1,4,FALSE,vowel
DYQWN,112.941176470588,6.66666666666667,0,1,4,FALSE,consonant
QDYWN,88.6274509803922,5.88235294117647,0,1,4,FALSE,consonant
QYDWN,109.411764705882,5.88235294117647,0,1,4,FALSE,consonant
DQYWN,118.43137254902,5.49019607843137,0,1,4,FALSE,consonant
YQDWN,98.4313725490196,5.49019607843137,0,1,4,FALSE,vowel
YDQWN,72.156862745098,5.49019607843137,0,1,4,FALSE,vowel
WYNDQ,131.764705882353,3.92156862745098,0,1,4,FALSE,consonant
QYNDW,110.980392156863,3.92156862745098,0,1,4,FALSE,consonant
QNDWY,242.352941176471,3.52941176470588,0,1,4,FALSE,consonant
DYNWQ,123.137254901961,2.74509803921569,0,1,4,FALSE,consonant
DYNQW,120,2.74509803921569,0,1,4,FALSE,consonant
YWNDQ,105.882352941177,2.74509803921569,0,1,4,FALSE,vowel
WNDQY,260,2.35294117647059,0,1,4,FALSE,consonant
WNDYQ,113.333333333333,2.35294117647059,0,1,4,FALSE,consonant
QNDYW,92.5490196078431,2.35294117647059,0,1,4,FALSE,consonant
NYWDQ,67.4509803921569,2.35294117647059,0,1,4,FALSE,consonant
YQNDW,100,2.35294117647059,0,1,4,FALSE,vowel
YNDWQ,88.6274509803922,2.35294117647059,0,1,4,FALSE,vowel
YNDQW,85.4901960784314,2.35294117647059,0,1,4,FALSE,vowel
QYNWD,196.078431372549,1.96078431372549,0,1,4,FALSE,consonant
DYWNQ,142.745098039216,1.96078431372549,0,1,4,FALSE,consonant
WYNQD,213.725490196078,1.56862745098039,0,1,4,FALSE,consonant
DWNYQ,121.960784313725,1.56862745098039,0,1,4,FALSE,consonant
QYWDN,108.235294117647,1.56862745098039,0,1,4,FALSE,consonant
DYWQN,117.254901960784,1.56862745098039,0,1,4,FALSE,consonant
YNWDQ,87.4509803921569,1.56862745098039,0,1,4,FALSE,vowel
QWNYD,194.901960784314,1.17647058823529,0,1,4,FALSE,consonant
NYWQD,149.411764705882,1.17647058823529,0,1,4,FALSE,consonant
NYQWD,145.098039215686,1.17647058823529,0,1,4,FALSE,consonant
NYDWQ,68.6274509803922,1.17647058823529,0,1,4,FALSE,consonant
NYDQW,65.4901960784314,1.17647058823529,0,1,4,FALSE,consonant
DWNQY,268.627450980392,1.17647058823529,0,1,4,FALSE,consonant
QDNWY,236.078431372549,1.17647058823529,0,1,4,FALSE,consonant
NQDWY,211.372549019608,1.17647058823529,0,1,4,FALSE,consonant
NDQWY,185.098039215686,1.17647058823529,0,1,4,FALSE,consonant
DQNWY,265.882352941176,1.17647058823529,0,1,4,FALSE,consonant
DNQWY,245.882352941177,1.17647058823529,0,1,4,FALSE,consonant
DYQNW,135.294117647059,1.17647058823529,0,1,4,FALSE,consonant
YQWDN,97.2549019607843,1.17647058823529,0,1,4,FALSE,vowel
WQNYD,209.803921568627,0.784313725490196,0,1,4,FALSE,consonant
QNWYD,176.470588235294,0.784313725490196,0,1,4,FALSE,consonant
NYQDW,60,0.784313725490196,0,1,4,FALSE,consonant
DWQYN,111.764705882353,0.784313725490196,0,1,4,FALSE,consonant
DWYQN,121.176470588235,0.784313725490196,0,1,4,FALSE,consonant
DWYNQ,146.666666666667,0.784313725490196,0,1,4,FALSE,consonant
WNQYD,189.803921568627,0.392156862745098,0,1,4,FALSE,consonant
WDNYQ,107.058823529412,0.392156862745098,0,1,4,FALSE,consonant
WDYQN,106.274509803922,0.392156862745098,0,1,4,FALSE,consonant
WDYNQ,131.764705882353,0.392156862745098,0,1,4,FALSE,consonant
WYDQN,127.058823529412,0.392156862745098,0,1,4,FALSE,consonant
WYDNQ,152.549019607843,0.392156862745098,0,1,4,FALSE,consonant
QNYWD,181.56862745098,0.392156862745098,0,1,4,FALSE,consonant
QDNYW,86.2745098039216,0.392156862745098,0,1,4,FALSE,consonant
QDYNW,110.980392156863,0.392156862745098,0,1,4,FALSE,consonant
QYDNW,131.764705882353,0.392156862745098,0,1,4,FALSE,consonant
NWQYD,143.921568627451,0.392156862745098,0,1,4,FALSE,consonant
NQWYD,145.490196078431,0.392156862745098,0,1,4,FALSE,consonant
NQYWD,150.588235294118,0.392156862745098,0,1,4,FALSE,consonant
NDYWQ,47.843137254902,0.392156862745098,0,1,4,FALSE,consonant
NDYQW,44.7058823529412,0.392156862745098,0,1,4,FALSE,consonant
DQNYW,116.078431372549,0.392156862745098,0,1,4,FALSE,consonant
DNWQY,250.196078431373,0.392156862745098,0,1,4,FALSE,consonant
DNWYQ,103.529411764706,0.392156862745098,0,1,4,FALSE,consonant
YWNQD,187.843137254902,0.392156862745098,0,1,4,FALSE,vowel
YQNWD,185.098039215686,0.392156862745098,0,1,4,FALSE,vowel
YNWQD,169.411764705882,0.392156862745098,0,1,4,FALSE,vowel
YNQWD,165.098039215686,0.392156862745098,0,1,4,FALSE,vowel
YDWNQ,101.960784313726,0.392156862745098,0,1,4,FALSE,vowel
WQDYN,123.137254901961,0,0,1,4,FALSE,consonant
WQYDN,127.058823529412,0,0,1,4,FALSE,consonant
WNYQD,199.21568627451,0,0,1,4,FALSE,consonant
WNYDQ,117.254901960784,0,0,1,4,FALSE,consonant
WDQYN,96.8627450980392,0,0,1,4,FALSE,consonant
WDNQY,253.725490196078,0,0,1,4,FALSE,consonant
WYQDN,121.56862745098,0,0,1,4,FALSE,consonant
QWDYN,108.235294117647,0,0,1,4,FALSE,consonant
QWYDN,112.156862745098,0,0,1,4,FALSE,consonant
QNYDW,96.4705882352941,0,0,1,4,FALSE,consonant
QDWYN,83.5294117647059,0,0,1,4,FALSE,consonant
NWDQY,214.117647058824,0,0,1,4,FALSE,consonant
NWDYQ,67.4509803921569,0,0,1,4,FALSE,consonant
NWYQD,153.333333333333,0,0,1,4,FALSE,consonant
NWYDQ,71.3725490196079,0,0,1,4,FALSE,consonant
NQDYW,61.5686274509804,0,0,1,4,FALSE,consonant
NQYDW,65.4901960784314,0,0,1,4,FALSE,consonant
NDWQY,189.411764705882,0,0,1,4,FALSE,consonant
NDWYQ,42.7450980392157,0,0,1,4,FALSE,consonant
NDQYW,35.2941176470588,0,0,1,4,FALSE,consonant
DQWYN,113.333333333333,0,0,1,4,FALSE,consonant
DQYNW,140.78431372549,0,0,1,4,FALSE,consonant
DNQYW,96.078431372549,0,0,1,4,FALSE,consonant
DNYWQ,108.627450980392,0,0,1,4,FALSE,consonant
DNYQW,105.490196078431,0,0,1,4,FALSE,consonant
YWQDN,95.6862745098039,0,0,1,4,FALSE,vowel
YWDQN,101.176470588235,0,0,1,4,FALSE,vowel
YWDNQ,126.666666666667,0,0,1,4,FALSE,vowel
YQDNW,120.78431372549,0,0,1,4,FALSE,vowel
YNQDW,80,0,0,1,4,FALSE,vowel
YDWQN,76.4705882352941,0,0,1,4,FALSE,vowel
YDQNW,94.5098039215686,0,0,1,4,FALSE,vowel
YDNWQ,82.3529411764706,0,0,1,4,FALSE,vowel
YDNQW,79.2156862745098,0,0,1,4,FALSE,vowel
